case	mode	workers	status	elapsed_ns	gate	complete	blocked	reduced	fail_open	verdict_sha256	summary_sha256
correct/litmus/2+2W+2sc+scf/variants/2+2w+2sc+scf0.c	baseline	1	0	86011000		3	0	0	0	517ace91a08d258d4aa962235d4c5e2df712b09190dd29f3918e1a08ac9b81a2	4f5ea28c5998b965708b11c67ac1403a744536884e4fc8fabf3dc6f5487c95d4
correct/litmus/2+2W+2sc+scf/variants/2+2w+2sc+scf0.c	baseline	2	0	64590000		3	0	0	0	517ace91a08d258d4aa962235d4c5e2df712b09190dd29f3918e1a08ac9b81a2	4f5ea28c5998b965708b11c67ac1403a744536884e4fc8fabf3dc6f5487c95d4
correct/litmus/2+2W+2sc+scf/variants/2+2w+2sc+scf0.c	rvf	1	0	53485000	enabled	3	0	0	0	517ace91a08d258d4aa962235d4c5e2df712b09190dd29f3918e1a08ac9b81a2	4f5ea28c5998b965708b11c67ac1403a744536884e4fc8fabf3dc6f5487c95d4
correct/litmus/2+2W+2sc+scf/variants/2+2w+2sc+scf0.c	rvf	2	0	68360000	enabled	3	0	0	0	517ace91a08d258d4aa962235d4c5e2df712b09190dd29f3918e1a08ac9b81a2	4f5ea28c5998b965708b11c67ac1403a744536884e4fc8fabf3dc6f5487c95d4
correct/litmus/2+2W+3sc+rel1/variants/2+2w+3sc+rel10.c	baseline	1	0	58944000		3	0	0	0	517ace91a08d258d4aa962235d4c5e2df712b09190dd29f3918e1a08ac9b81a2	4f5ea28c5998b965708b11c67ac1403a744536884e4fc8fabf3dc6f5487c95d4
correct/litmus/2+2W+3sc+rel1/variants/2+2w+3sc+rel10.c	baseline	2	0	52055000		3	0	0	0	517ace91a08d258d4aa962235d4c5e2df712b09190dd29f3918e1a08ac9b81a2	4f5ea28c5998b965708b11c67ac1403a744536884e4fc8fabf3dc6f5487c95d4
correct/litmus/2+2W+3sc+rel1/variants/2+2w+3sc+rel10.c	rvf	1	0	62961000	enabled	3	0	0	0	517ace91a08d258d4aa962235d4c5e2df712b09190dd29f3918e1a08ac9b81a2	4f5ea28c5998b965708b11c67ac1403a744536884e4fc8fabf3dc6f5487c95d4
correct/litmus/2+2W+3sc+rel1/variants/2+2w+3sc+rel10.c	rvf	2	0	59306000	enabled	3	0	0	0	517ace91a08d258d4aa962235d4c5e2df712b09190dd29f3918e1a08ac9b81a2	4f5ea28c5998b965708b11c67ac1403a744536884e4fc8fabf3dc6f5487c95d4
correct/litmus/2+2W+3sc+rel2/variants/2+2w+3sc+rel20.c	baseline	1	0	59755000		3	0	0	0	517ace91a08d258d4aa962235d4c5e2df712b09190dd29f3918e1a08ac9b81a2	4f5ea28c5998b965708b11c67ac1403a744536884e4fc8fabf3dc6f5487c95d4
correct/litmus/2+2W+3sc+rel2/variants/2+2w+3sc+rel20.c	baseline	2	0	59391000		3	0	0	0	517ace91a08d258d4aa962235d4c5e2df712b09190dd29f3918e1a08ac9b81a2	4f5ea28c5998b965708b11c67ac1403a744536884e4fc8fabf3dc6f5487c95d4
correct/litmus/2+2W+3sc+rel2/variants/2+2w+3sc+rel20.c	rvf	1	0	50333000	enabled	3	0	0	0	517ace91a08d258d4aa962235d4c5e2df712b09190dd29f3918e1a08ac9b81a2	4f5ea28c5998b965708b11c67ac1403a744536884e4fc8fabf3dc6f5487c95d4
correct/litmus/2+2W+3sc+rel2/variants/2+2w+3sc+rel20.c	rvf	2	0	49868000	enabled	3	0	0	0	517ace91a08d258d4aa962235d4c5e2df712b09190dd29f3918e1a08ac9b81a2	4f5ea28c5998b965708b11c67ac1403a744536884e4fc8fabf3dc6f5487c95d4
correct/litmus/2+2W+scfs/variants/2+2w+scfs0.c	baseline	1	0	49835000		3	0	0	0	517ace91a08d258d4aa962235d4c5e2df712b09190dd29f3918e1a08ac9b81a2	4f5ea28c5998b965708b11c67ac1403a744536884e4fc8fabf3dc6f5487c95d4
correct/litmus/2+2W+scfs/variants/2+2w+scfs0.c	baseline	2	0	49467000		3	0	0	0	517ace91a08d258d4aa962235d4c5e2df712b09190dd29f3918e1a08ac9b81a2	4f5ea28c5998b965708b11c67ac1403a744536884e4fc8fabf3dc6f5487c95d4
correct/litmus/2+2W+scfs/variants/2+2w+scfs0.c	rvf	1	0	56662000	enabled	3	0	0	0	517ace91a08d258d4aa962235d4c5e2df712b09190dd29f3918e1a08ac9b81a2	4f5ea28c5998b965708b11c67ac1403a744536884e4fc8fabf3dc6f5487c95d4
correct/litmus/2+2W+scfs/variants/2+2w+scfs0.c	rvf	2	0	55646000	enabled	3	0	0	0	517ace91a08d258d4aa962235d4c5e2df712b09190dd29f3918e1a08ac9b81a2	4f5ea28c5998b965708b11c67ac1403a744536884e4fc8fabf3dc6f5487c95d4
correct/litmus/2+2W/variants/2+2W0.c	baseline	1	0	49647000		3	0	0	0	517ace91a08d258d4aa962235d4c5e2df712b09190dd29f3918e1a08ac9b81a2	4f5ea28c5998b965708b11c67ac1403a744536884e4fc8fabf3dc6f5487c95d4
correct/litmus/2+2W/variants/2+2W0.c	baseline	2	0	49980000		3	0	0	0	517ace91a08d258d4aa962235d4c5e2df712b09190dd29f3918e1a08ac9b81a2	4f5ea28c5998b965708b11c67ac1403a744536884e4fc8fabf3dc6f5487c95d4
correct/litmus/2+2W/variants/2+2W0.c	rvf	1	0	52687000	enabled	3	0	0	0	517ace91a08d258d4aa962235d4c5e2df712b09190dd29f3918e1a08ac9b81a2	4f5ea28c5998b965708b11c67ac1403a744536884e4fc8fabf3dc6f5487c95d4
correct/litmus/2+2W/variants/2+2W0.c	rvf	2	0	50339000	enabled	3	0	0	0	517ace91a08d258d4aa962235d4c5e2df712b09190dd29f3918e1a08ac9b81a2	4f5ea28c5998b965708b11c67ac1403a744536884e4fc8fabf3dc6f5487c95d4
correct/litmus/2CoWR/variants/2cowr0.c	baseline	1	0	46952000		4	0	0	0	6d5b2c6d928e1c0f689c7718ffc9bc6d8aa04d1b4cc100f6a7bf18b4fc9dd083	1cc28f3348c987c42f37e37145b1b475aaff31f7b593e724aa00b00573845cde
correct/litmus/2CoWR/variants/2cowr0.c	baseline	2	0	47017000		4	0	0	0	6d5b2c6d928e1c0f689c7718ffc9bc6d8aa04d1b4cc100f6a7bf18b4fc9dd083	1cc28f3348c987c42f37e37145b1b475aaff31f7b593e724aa00b00573845cde
correct/litmus/2CoWR/variants/2cowr0.c	rvf	1	0	45527000	enabled	4	0	0	0	6d5b2c6d928e1c0f689c7718ffc9bc6d8aa04d1b4cc100f6a7bf18b4fc9dd083	1cc28f3348c987c42f37e37145b1b475aaff31f7b593e724aa00b00573845cde
correct/litmus/2CoWR/variants/2cowr0.c	rvf	2	0	55009000	enabled	4	0	0	0	6d5b2c6d928e1c0f689c7718ffc9bc6d8aa04d1b4cc100f6a7bf18b4fc9dd083	1cc28f3348c987c42f37e37145b1b475aaff31f7b593e724aa00b00573845cde
correct/litmus/2CoWR/variants/2cowr1.c	baseline	1	0	50495000		4	0	0	0	6d5b2c6d928e1c0f689c7718ffc9bc6d8aa04d1b4cc100f6a7bf18b4fc9dd083	1cc28f3348c987c42f37e37145b1b475aaff31f7b593e724aa00b00573845cde
correct/litmus/2CoWR/variants/2cowr1.c	baseline	2	0	48241000		4	0	0	0	6d5b2c6d928e1c0f689c7718ffc9bc6d8aa04d1b4cc100f6a7bf18b4fc9dd083	1cc28f3348c987c42f37e37145b1b475aaff31f7b593e724aa00b00573845cde
correct/litmus/2CoWR/variants/2cowr1.c	rvf	1	0	46318000	enabled	4	0	0	0	6d5b2c6d928e1c0f689c7718ffc9bc6d8aa04d1b4cc100f6a7bf18b4fc9dd083	1cc28f3348c987c42f37e37145b1b475aaff31f7b593e724aa00b00573845cde
correct/litmus/2CoWR/variants/2cowr1.c	rvf	2	0	46273000	enabled	4	0	0	0	6d5b2c6d928e1c0f689c7718ffc9bc6d8aa04d1b4cc100f6a7bf18b4fc9dd083	1cc28f3348c987c42f37e37145b1b475aaff31f7b593e724aa00b00573845cde
correct/litmus/CoRR/variants/corr0.c	baseline	1	0	46024000		6	0	0	0	6d5b2c6d928e1c0f689c7718ffc9bc6d8aa04d1b4cc100f6a7bf18b4fc9dd083	6f56150db94902f011e8b6ea6423ecea1e3e5c9ef07e9f3ee2a2d2101c5b797c
correct/litmus/CoRR/variants/corr0.c	baseline	2	0	46866000		6	0	0	0	6d5b2c6d928e1c0f689c7718ffc9bc6d8aa04d1b4cc100f6a7bf18b4fc9dd083	6f56150db94902f011e8b6ea6423ecea1e3e5c9ef07e9f3ee2a2d2101c5b797c
correct/litmus/CoRR/variants/corr0.c	rvf	1	0	45721000	enabled	6	0	0	0	6d5b2c6d928e1c0f689c7718ffc9bc6d8aa04d1b4cc100f6a7bf18b4fc9dd083	6f56150db94902f011e8b6ea6423ecea1e3e5c9ef07e9f3ee2a2d2101c5b797c
correct/litmus/CoRR/variants/corr0.c	rvf	2	0	45600000	enabled	6	0	0	0	6d5b2c6d928e1c0f689c7718ffc9bc6d8aa04d1b4cc100f6a7bf18b4fc9dd083	6f56150db94902f011e8b6ea6423ecea1e3e5c9ef07e9f3ee2a2d2101c5b797c
correct/litmus/CoRR0/variants/corr00.c	baseline	1	0	47107000		4	0	0	0	6d5b2c6d928e1c0f689c7718ffc9bc6d8aa04d1b4cc100f6a7bf18b4fc9dd083	1cc28f3348c987c42f37e37145b1b475aaff31f7b593e724aa00b00573845cde
correct/litmus/CoRR0/variants/corr00.c	baseline	2	0	46348000		4	0	0	0	6d5b2c6d928e1c0f689c7718ffc9bc6d8aa04d1b4cc100f6a7bf18b4fc9dd083	1cc28f3348c987c42f37e37145b1b475aaff31f7b593e724aa00b00573845cde
correct/litmus/CoRR0/variants/corr00.c	rvf	1	0	45393000	enabled	4	0	0	0	6d5b2c6d928e1c0f689c7718ffc9bc6d8aa04d1b4cc100f6a7bf18b4fc9dd083	1cc28f3348c987c42f37e37145b1b475aaff31f7b593e724aa00b00573845cde
correct/litmus/CoRR0/variants/corr00.c	rvf	2	0	45910000	enabled	4	0	0	0	6d5b2c6d928e1c0f689c7718ffc9bc6d8aa04d1b4cc100f6a7bf18b4fc9dd083	1cc28f3348c987c42f37e37145b1b475aaff31f7b593e724aa00b00573845cde
correct/litmus/CoRR1/variants/corr11.c	baseline	1	0	47587000		36	0	0	0	517ace91a08d258d4aa962235d4c5e2df712b09190dd29f3918e1a08ac9b81a2	5de170cbb56f44dc0ca548207f8d06715386e026548c82a54258fcc4200c564e
correct/litmus/CoRR1/variants/corr11.c	baseline	2	0	47981000		36	0	0	0	517ace91a08d258d4aa962235d4c5e2df712b09190dd29f3918e1a08ac9b81a2	5de170cbb56f44dc0ca548207f8d06715386e026548c82a54258fcc4200c564e
correct/litmus/CoRR1/variants/corr11.c	rvf	1	0	48094000	enabled	36	0	0	0	517ace91a08d258d4aa962235d4c5e2df712b09190dd29f3918e1a08ac9b81a2	5de170cbb56f44dc0ca548207f8d06715386e026548c82a54258fcc4200c564e
correct/litmus/CoRR1/variants/corr11.c	rvf	2	0	48079000	enabled	36	0	0	0	517ace91a08d258d4aa962235d4c5e2df712b09190dd29f3918e1a08ac9b81a2	5de170cbb56f44dc0ca548207f8d06715386e026548c82a54258fcc4200c564e
correct/litmus/CoRR2/variants/corr20.c	baseline	1	0	48279000		72	0	0	0	517ace91a08d258d4aa962235d4c5e2df712b09190dd29f3918e1a08ac9b81a2	7d54f160c06a03e5dcb4cad20fc47713703aac777f74ea608ba94449c808672b
correct/litmus/CoRR2/variants/corr20.c	baseline	2	0	47559000		72	0	0	0	517ace91a08d258d4aa962235d4c5e2df712b09190dd29f3918e1a08ac9b81a2	7d54f160c06a03e5dcb4cad20fc47713703aac777f74ea608ba94449c808672b
correct/litmus/CoRR2/variants/corr20.c	rvf	1	0	48610000	enabled	72	0	0	0	517ace91a08d258d4aa962235d4c5e2df712b09190dd29f3918e1a08ac9b81a2	7d54f160c06a03e5dcb4cad20fc47713703aac777f74ea608ba94449c808672b
correct/litmus/CoRR2/variants/corr20.c	rvf	2	0	48607000	enabled	72	0	0	0	517ace91a08d258d4aa962235d4c5e2df712b09190dd29f3918e1a08ac9b81a2	7d54f160c06a03e5dcb4cad20fc47713703aac777f74ea608ba94449c808672b
correct/litmus/CoRW/variants/corw0.c	baseline	1	0	46089000		3	0	0	0	517ace91a08d258d4aa962235d4c5e2df712b09190dd29f3918e1a08ac9b81a2	4f5ea28c5998b965708b11c67ac1403a744536884e4fc8fabf3dc6f5487c95d4
correct/litmus/CoRW/variants/corw0.c	baseline	2	0	46125000		3	0	0	0	517ace91a08d258d4aa962235d4c5e2df712b09190dd29f3918e1a08ac9b81a2	4f5ea28c5998b965708b11c67ac1403a744536884e4fc8fabf3dc6f5487c95d4
correct/litmus/CoRW/variants/corw0.c	rvf	1	0	48486000	enabled	3	0	0	0	517ace91a08d258d4aa962235d4c5e2df712b09190dd29f3918e1a08ac9b81a2	4f5ea28c5998b965708b11c67ac1403a744536884e4fc8fabf3dc6f5487c95d4
correct/litmus/CoRW/variants/corw0.c	rvf	2	0	46652000	enabled	3	0	0	0	517ace91a08d258d4aa962235d4c5e2df712b09190dd29f3918e1a08ac9b81a2	4f5ea28c5998b965708b11c67ac1403a744536884e4fc8fabf3dc6f5487c95d4
correct/litmus/CoWR/variants/cowr1.c	baseline	1	0	45837000		3	0	0	0	517ace91a08d258d4aa962235d4c5e2df712b09190dd29f3918e1a08ac9b81a2	4f5ea28c5998b965708b11c67ac1403a744536884e4fc8fabf3dc6f5487c95d4
correct/litmus/CoWR/variants/cowr1.c	baseline	2	0	45735000		3	0	0	0	517ace91a08d258d4aa962235d4c5e2df712b09190dd29f3918e1a08ac9b81a2	4f5ea28c5998b965708b11c67ac1403a744536884e4fc8fabf3dc6f5487c95d4
correct/litmus/CoWR/variants/cowr1.c	rvf	1	0	46253000	enabled	3	0	0	0	517ace91a08d258d4aa962235d4c5e2df712b09190dd29f3918e1a08ac9b81a2	4f5ea28c5998b965708b11c67ac1403a744536884e4fc8fabf3dc6f5487c95d4
correct/litmus/CoWR/variants/cowr1.c	rvf	2	0	45369000	enabled	3	0	0	0	517ace91a08d258d4aa962235d4c5e2df712b09190dd29f3918e1a08ac9b81a2	4f5ea28c5998b965708b11c67ac1403a744536884e4fc8fabf3dc6f5487c95d4
correct/litmus/IRIW-acq-sc/variants/IRIW-acq-sc0.c	baseline	1	0	47070000		15	0	0	0	6d5b2c6d928e1c0f689c7718ffc9bc6d8aa04d1b4cc100f6a7bf18b4fc9dd083	e4ab3c15ff4417c03200c59188021733dc1339f62f2bf73f88db463dbd011b1f
correct/litmus/IRIW-acq-sc/variants/IRIW-acq-sc0.c	baseline	2	0	46269000		15	0	0	0	6d5b2c6d928e1c0f689c7718ffc9bc6d8aa04d1b4cc100f6a7bf18b4fc9dd083	e4ab3c15ff4417c03200c59188021733dc1339f62f2bf73f88db463dbd011b1f
correct/litmus/IRIW-acq-sc/variants/IRIW-acq-sc0.c	rvf	1	0	46400000	enabled	15	0	0	0	6d5b2c6d928e1c0f689c7718ffc9bc6d8aa04d1b4cc100f6a7bf18b4fc9dd083	e4ab3c15ff4417c03200c59188021733dc1339f62f2bf73f88db463dbd011b1f
correct/litmus/IRIW-acq-sc/variants/IRIW-acq-sc0.c	rvf	2	0	46655000	enabled	15	0	0	0	6d5b2c6d928e1c0f689c7718ffc9bc6d8aa04d1b4cc100f6a7bf18b4fc9dd083	e4ab3c15ff4417c03200c59188021733dc1339f62f2bf73f88db463dbd011b1f
correct/litmus/IRIWish/variants/IRIWish0.c	baseline	1	0	46466000		27	0	0	0	6d5b2c6d928e1c0f689c7718ffc9bc6d8aa04d1b4cc100f6a7bf18b4fc9dd083	74974204676e1f1c39736c15a8388fceb4721fd3eb966abce0dc9d8081e29e11
correct/litmus/IRIWish/variants/IRIWish0.c	baseline	2	0	47794000		27	0	0	0	6d5b2c6d928e1c0f689c7718ffc9bc6d8aa04d1b4cc100f6a7bf18b4fc9dd083	74974204676e1f1c39736c15a8388fceb4721fd3eb966abce0dc9d8081e29e11
correct/litmus/IRIWish/variants/IRIWish0.c	rvf	1	0	47362000	enabled	16	0	8	0	6d5b2c6d928e1c0f689c7718ffc9bc6d8aa04d1b4cc100f6a7bf18b4fc9dd083	6f8d4e2be092492dfd53ca6f3eadec8a6266cfe49a00d6a8015aef9e9880f1b2
correct/litmus/IRIWish/variants/IRIWish0.c	rvf	2	0	46841000	enabled	16	0	8	0	6d5b2c6d928e1c0f689c7718ffc9bc6d8aa04d1b4cc100f6a7bf18b4fc9dd083	6f8d4e2be092492dfd53ca6f3eadec8a6266cfe49a00d6a8015aef9e9880f1b2
correct/litmus/JLT/variants/jlt0.c	baseline	1	0	45945000		8	0	0	0	517ace91a08d258d4aa962235d4c5e2df712b09190dd29f3918e1a08ac9b81a2	1efa74c50955c30b818908162d2272bc8ee3b08cf1a65d418a2ccba118c3a888
correct/litmus/JLT/variants/jlt0.c	baseline	2	0	45672000		8	0	0	0	517ace91a08d258d4aa962235d4c5e2df712b09190dd29f3918e1a08ac9b81a2	1efa74c50955c30b818908162d2272bc8ee3b08cf1a65d418a2ccba118c3a888
correct/litmus/JLT/variants/jlt0.c	rvf	1	0	46318000	enabled	8	0	0	0	517ace91a08d258d4aa962235d4c5e2df712b09190dd29f3918e1a08ac9b81a2	1efa74c50955c30b818908162d2272bc8ee3b08cf1a65d418a2ccba118c3a888
correct/litmus/JLT/variants/jlt0.c	rvf	2	0	46280000	enabled	8	0	0	0	517ace91a08d258d4aa962235d4c5e2df712b09190dd29f3918e1a08ac9b81a2	1efa74c50955c30b818908162d2272bc8ee3b08cf1a65d418a2ccba118c3a888
correct/litmus/LB+acq/variants/lb+acq0.c	baseline	1	0	45577000		3	0	0	0	6d5b2c6d928e1c0f689c7718ffc9bc6d8aa04d1b4cc100f6a7bf18b4fc9dd083	b39f307f9d8d67130815acb8a7f771d6284d18ca770ec9fcfa022c7d167fe785
correct/litmus/LB+acq/variants/lb+acq0.c	baseline	2	0	45179000		3	0	0	0	6d5b2c6d928e1c0f689c7718ffc9bc6d8aa04d1b4cc100f6a7bf18b4fc9dd083	b39f307f9d8d67130815acb8a7f771d6284d18ca770ec9fcfa022c7d167fe785
correct/litmus/LB+acq/variants/lb+acq0.c	rvf	1	0	44753000	enabled	3	0	0	0	6d5b2c6d928e1c0f689c7718ffc9bc6d8aa04d1b4cc100f6a7bf18b4fc9dd083	b39f307f9d8d67130815acb8a7f771d6284d18ca770ec9fcfa022c7d167fe785
correct/litmus/LB+acq/variants/lb+acq0.c	rvf	2	0	46197000	enabled	3	0	0	0	6d5b2c6d928e1c0f689c7718ffc9bc6d8aa04d1b4cc100f6a7bf18b4fc9dd083	b39f307f9d8d67130815acb8a7f771d6284d18ca770ec9fcfa022c7d167fe785
correct/litmus/LB+addr/variants/lb+addr0.c	baseline	1	0	45426000		3	0	0	0	6d5b2c6d928e1c0f689c7718ffc9bc6d8aa04d1b4cc100f6a7bf18b4fc9dd083	b39f307f9d8d67130815acb8a7f771d6284d18ca770ec9fcfa022c7d167fe785
correct/litmus/LB+addr/variants/lb+addr0.c	baseline	2	0	45388000		3	0	0	0	6d5b2c6d928e1c0f689c7718ffc9bc6d8aa04d1b4cc100f6a7bf18b4fc9dd083	b39f307f9d8d67130815acb8a7f771d6284d18ca770ec9fcfa022c7d167fe785
correct/litmus/LB+addr/variants/lb+addr0.c	rvf	1	0	45421000	enabled	3	0	0	0	6d5b2c6d928e1c0f689c7718ffc9bc6d8aa04d1b4cc100f6a7bf18b4fc9dd083	b39f307f9d8d67130815acb8a7f771d6284d18ca770ec9fcfa022c7d167fe785
correct/litmus/LB+addr/variants/lb+addr0.c	rvf	2	0	46130000	enabled	3	0	0	0	6d5b2c6d928e1c0f689c7718ffc9bc6d8aa04d1b4cc100f6a7bf18b4fc9dd083	b39f307f9d8d67130815acb8a7f771d6284d18ca770ec9fcfa022c7d167fe785
correct/litmus/LB+ctrl+rel/variants/lb+ctrl+rel0.c	baseline	1	0	46326000		3	0	0	0	6d5b2c6d928e1c0f689c7718ffc9bc6d8aa04d1b4cc100f6a7bf18b4fc9dd083	b39f307f9d8d67130815acb8a7f771d6284d18ca770ec9fcfa022c7d167fe785
correct/litmus/LB+ctrl+rel/variants/lb+ctrl+rel0.c	baseline	2	0	50078000		3	0	0	0	6d5b2c6d928e1c0f689c7718ffc9bc6d8aa04d1b4cc100f6a7bf18b4fc9dd083	b39f307f9d8d67130815acb8a7f771d6284d18ca770ec9fcfa022c7d167fe785
correct/litmus/LB+ctrl+rel/variants/lb+ctrl+rel0.c	rvf	1	0	50237000	enabled	3	0	0	0	6d5b2c6d928e1c0f689c7718ffc9bc6d8aa04d1b4cc100f6a7bf18b4fc9dd083	b39f307f9d8d67130815acb8a7f771d6284d18ca770ec9fcfa022c7d167fe785
correct/litmus/LB+ctrl+rel/variants/lb+ctrl+rel0.c	rvf	2	0	49196000	enabled	3	0	0	0	6d5b2c6d928e1c0f689c7718ffc9bc6d8aa04d1b4cc100f6a7bf18b4fc9dd083	b39f307f9d8d67130815acb8a7f771d6284d18ca770ec9fcfa022c7d167fe785
correct/litmus/LB+dep/variants/lb+dep0.c	baseline	1	0	49890000		3	0	0	0	6d5b2c6d928e1c0f689c7718ffc9bc6d8aa04d1b4cc100f6a7bf18b4fc9dd083	b39f307f9d8d67130815acb8a7f771d6284d18ca770ec9fcfa022c7d167fe785
correct/litmus/LB+dep/variants/lb+dep0.c	baseline	2	0	47124000		3	0	0	0	6d5b2c6d928e1c0f689c7718ffc9bc6d8aa04d1b4cc100f6a7bf18b4fc9dd083	b39f307f9d8d67130815acb8a7f771d6284d18ca770ec9fcfa022c7d167fe785
correct/litmus/LB+dep/variants/lb+dep0.c	rvf	1	0	44933000	enabled	3	0	0	0	6d5b2c6d928e1c0f689c7718ffc9bc6d8aa04d1b4cc100f6a7bf18b4fc9dd083	b39f307f9d8d67130815acb8a7f771d6284d18ca770ec9fcfa022c7d167fe785
correct/litmus/LB+dep/variants/lb+dep0.c	rvf	2	0	45533000	enabled	3	0	0	0	6d5b2c6d928e1c0f689c7718ffc9bc6d8aa04d1b4cc100f6a7bf18b4fc9dd083	b39f307f9d8d67130815acb8a7f771d6284d18ca770ec9fcfa022c7d167fe785
correct/litmus/LB+rel/variants/lb+rel0.c	baseline	1	0	45810000		3	0	0	0	6d5b2c6d928e1c0f689c7718ffc9bc6d8aa04d1b4cc100f6a7bf18b4fc9dd083	b39f307f9d8d67130815acb8a7f771d6284d18ca770ec9fcfa022c7d167fe785
correct/litmus/LB+rel/variants/lb+rel0.c	baseline	2	0	45451000		3	0	0	0	6d5b2c6d928e1c0f689c7718ffc9bc6d8aa04d1b4cc100f6a7bf18b4fc9dd083	b39f307f9d8d67130815acb8a7f771d6284d18ca770ec9fcfa022c7d167fe785
correct/litmus/LB+rel/variants/lb+rel0.c	rvf	1	0	46419000	enabled	3	0	0	0	6d5b2c6d928e1c0f689c7718ffc9bc6d8aa04d1b4cc100f6a7bf18b4fc9dd083	b39f307f9d8d67130815acb8a7f771d6284d18ca770ec9fcfa022c7d167fe785
correct/litmus/LB+rel/variants/lb+rel0.c	rvf	2	0	45620000	enabled	3	0	0	0	6d5b2c6d928e1c0f689c7718ffc9bc6d8aa04d1b4cc100f6a7bf18b4fc9dd083	b39f307f9d8d67130815acb8a7f771d6284d18ca770ec9fcfa022c7d167fe785
correct/litmus/LB3/variants/lb30.c	baseline	1	0	45808000		7	0	0	0	6d5b2c6d928e1c0f689c7718ffc9bc6d8aa04d1b4cc100f6a7bf18b4fc9dd083	8a9d3da33360c56f4a83788f20196b05d8a0a573f10ac7ae7b721f4e37a49fcd
correct/litmus/LB3/variants/lb30.c	baseline	2	0	45475000		7	0	0	0	6d5b2c6d928e1c0f689c7718ffc9bc6d8aa04d1b4cc100f6a7bf18b4fc9dd083	8a9d3da33360c56f4a83788f20196b05d8a0a573f10ac7ae7b721f4e37a49fcd
correct/litmus/LB3/variants/lb30.c	rvf	1	0	61093000	enabled	7	0	0	0	6d5b2c6d928e1c0f689c7718ffc9bc6d8aa04d1b4cc100f6a7bf18b4fc9dd083	8a9d3da33360c56f4a83788f20196b05d8a0a573f10ac7ae7b721f4e37a49fcd
correct/litmus/LB3/variants/lb30.c	rvf	2	0	64799000	enabled	7	0	0	0	6d5b2c6d928e1c0f689c7718ffc9bc6d8aa04d1b4cc100f6a7bf18b4fc9dd083	8a9d3da33360c56f4a83788f20196b05d8a0a573f10ac7ae7b721f4e37a49fcd
correct/litmus/MP+rel+acq/variants/mp+rel+acq0.c	baseline	1	0	70611000		2	0	0	0	6d5b2c6d928e1c0f689c7718ffc9bc6d8aa04d1b4cc100f6a7bf18b4fc9dd083	23408a2b89f25407fbb90b15c10f6641d9fb3edd4a89ee0675d884407b180c59
correct/litmus/MP+rel+acq/variants/mp+rel+acq0.c	baseline	2	0	74352000		2	0	0	0	6d5b2c6d928e1c0f689c7718ffc9bc6d8aa04d1b4cc100f6a7bf18b4fc9dd083	23408a2b89f25407fbb90b15c10f6641d9fb3edd4a89ee0675d884407b180c59
correct/litmus/MP+rel+acq/variants/mp+rel+acq0.c	rvf	1	0	65132000	native-fallback reason=non-atomic store instruction	2	0	0	0	6d5b2c6d928e1c0f689c7718ffc9bc6d8aa04d1b4cc100f6a7bf18b4fc9dd083	23408a2b89f25407fbb90b15c10f6641d9fb3edd4a89ee0675d884407b180c59
correct/litmus/MP+rel+acq/variants/mp+rel+acq0.c	rvf	2	0	74661000	native-fallback reason=non-atomic store instruction	2	0	0	0	6d5b2c6d928e1c0f689c7718ffc9bc6d8aa04d1b4cc100f6a7bf18b4fc9dd083	23408a2b89f25407fbb90b15c10f6641d9fb3edd4a89ee0675d884407b180c59
correct/litmus/MP+rel+acqf/variants/mp+rel+acqf0.c	baseline	1	0	68197000		2	0	0	0	6d5b2c6d928e1c0f689c7718ffc9bc6d8aa04d1b4cc100f6a7bf18b4fc9dd083	23408a2b89f25407fbb90b15c10f6641d9fb3edd4a89ee0675d884407b180c59
correct/litmus/MP+rel+acqf/variants/mp+rel+acqf0.c	baseline	2	0	56420000		2	0	0	0	6d5b2c6d928e1c0f689c7718ffc9bc6d8aa04d1b4cc100f6a7bf18b4fc9dd083	23408a2b89f25407fbb90b15c10f6641d9fb3edd4a89ee0675d884407b180c59
correct/litmus/MP+rel+acqf/variants/mp+rel+acqf0.c	rvf	1	0	80433000	native-fallback reason=non-atomic store instruction	2	0	0	0	6d5b2c6d928e1c0f689c7718ffc9bc6d8aa04d1b4cc100f6a7bf18b4fc9dd083	23408a2b89f25407fbb90b15c10f6641d9fb3edd4a89ee0675d884407b180c59
correct/litmus/MP+rel+acqf/variants/mp+rel+acqf0.c	rvf	2	0	75119000	native-fallback reason=non-atomic store instruction	2	0	0	0	6d5b2c6d928e1c0f689c7718ffc9bc6d8aa04d1b4cc100f6a7bf18b4fc9dd083	23408a2b89f25407fbb90b15c10f6641d9fb3edd4a89ee0675d884407b180c59
correct/litmus/MP+rels+acq/variants/mp+rels+acq0.c	baseline	1	0	68306000		3	0	0	0	6d5b2c6d928e1c0f689c7718ffc9bc6d8aa04d1b4cc100f6a7bf18b4fc9dd083	b39f307f9d8d67130815acb8a7f771d6284d18ca770ec9fcfa022c7d167fe785
correct/litmus/MP+rels+acq/variants/mp+rels+acq0.c	baseline	2	0	73551000		3	0	0	0	6d5b2c6d928e1c0f689c7718ffc9bc6d8aa04d1b4cc100f6a7bf18b4fc9dd083	b39f307f9d8d67130815acb8a7f771d6284d18ca770ec9fcfa022c7d167fe785
correct/litmus/MP+rels+acq/variants/mp+rels+acq0.c	rvf	1	0	68482000	enabled	2	0	1	0	6d5b2c6d928e1c0f689c7718ffc9bc6d8aa04d1b4cc100f6a7bf18b4fc9dd083	23408a2b89f25407fbb90b15c10f6641d9fb3edd4a89ee0675d884407b180c59
correct/litmus/MP+rels+acq/variants/mp+rels+acq0.c	rvf	2	0	68910000	enabled	2	0	1	0	6d5b2c6d928e1c0f689c7718ffc9bc6d8aa04d1b4cc100f6a7bf18b4fc9dd083	23408a2b89f25407fbb90b15c10f6641d9fb3edd4a89ee0675d884407b180c59
correct/litmus/MP2/variants/mp20.c	baseline	1	0	48408000		9	0	0	0	6d5b2c6d928e1c0f689c7718ffc9bc6d8aa04d1b4cc100f6a7bf18b4fc9dd083	b0c06a831b4c8cda54f348dcc3efb08f90d181edf82a2bc90e641dbbcee972c9
correct/litmus/MP2/variants/mp20.c	baseline	2	0	48161000		9	0	0	0	6d5b2c6d928e1c0f689c7718ffc9bc6d8aa04d1b4cc100f6a7bf18b4fc9dd083	b0c06a831b4c8cda54f348dcc3efb08f90d181edf82a2bc90e641dbbcee972c9
correct/litmus/MP2/variants/mp20.c	rvf	1	0	50318000	enabled	9	0	0	0	6d5b2c6d928e1c0f689c7718ffc9bc6d8aa04d1b4cc100f6a7bf18b4fc9dd083	b0c06a831b4c8cda54f348dcc3efb08f90d181edf82a2bc90e641dbbcee972c9
correct/litmus/MP2/variants/mp20.c	rvf	2	0	61926000	enabled	9	0	0	0	6d5b2c6d928e1c0f689c7718ffc9bc6d8aa04d1b4cc100f6a7bf18b4fc9dd083	b0c06a831b4c8cda54f348dcc3efb08f90d181edf82a2bc90e641dbbcee972c9
correct/litmus/MPU+rel+acqf/variants/mpu+rel+acqf0.c	baseline	1	0	51872000		6	0	0	0	517ace91a08d258d4aa962235d4c5e2df712b09190dd29f3918e1a08ac9b81a2	4eef3647a98c7e875ed704fefe959838423f679b7f5dbf8dd8c033e1b77efa8a
correct/litmus/MPU+rel+acqf/variants/mpu+rel+acqf0.c	baseline	2	0	47806000		6	0	0	0	517ace91a08d258d4aa962235d4c5e2df712b09190dd29f3918e1a08ac9b81a2	4eef3647a98c7e875ed704fefe959838423f679b7f5dbf8dd8c033e1b77efa8a
correct/litmus/MPU+rel+acqf/variants/mpu+rel+acqf0.c	rvf	1	0	46876000	native-fallback reason=non-atomic store instruction	6	0	0	0	517ace91a08d258d4aa962235d4c5e2df712b09190dd29f3918e1a08ac9b81a2	4eef3647a98c7e875ed704fefe959838423f679b7f5dbf8dd8c033e1b77efa8a
correct/litmus/MPU+rel+acqf/variants/mpu+rel+acqf0.c	rvf	2	0	49081000	native-fallback reason=non-atomic store instruction	6	0	0	0	517ace91a08d258d4aa962235d4c5e2df712b09190dd29f3918e1a08ac9b81a2	4eef3647a98c7e875ed704fefe959838423f679b7f5dbf8dd8c033e1b77efa8a
correct/litmus/MPU2+rel+acq/variants/mpu2+rel+acq0.c	baseline	1	0	51245000		14	0	0	0	6d5b2c6d928e1c0f689c7718ffc9bc6d8aa04d1b4cc100f6a7bf18b4fc9dd083	c6b72a3f1462ad9ddeb71f3a1400c1bea8842cbcb788697477d9c8d04356d49a
correct/litmus/MPU2+rel+acq/variants/mpu2+rel+acq0.c	baseline	2	0	48458000		14	0	0	0	6d5b2c6d928e1c0f689c7718ffc9bc6d8aa04d1b4cc100f6a7bf18b4fc9dd083	c6b72a3f1462ad9ddeb71f3a1400c1bea8842cbcb788697477d9c8d04356d49a
correct/litmus/MPU2+rel+acq/variants/mpu2+rel+acq0.c	rvf	1	0	49928000	native-fallback reason=non-atomic store instruction	14	0	0	0	6d5b2c6d928e1c0f689c7718ffc9bc6d8aa04d1b4cc100f6a7bf18b4fc9dd083	c6b72a3f1462ad9ddeb71f3a1400c1bea8842cbcb788697477d9c8d04356d49a
correct/litmus/MPU2+rel+acq/variants/mpu2+rel+acq0.c	rvf	2	0	61720000	native-fallback reason=non-atomic store instruction	14	0	0	0	6d5b2c6d928e1c0f689c7718ffc9bc6d8aa04d1b4cc100f6a7bf18b4fc9dd083	c6b72a3f1462ad9ddeb71f3a1400c1bea8842cbcb788697477d9c8d04356d49a
correct/litmus/RWC+syncs/variants/rwc+syncs0.c	baseline	1	0	61672000		7	0	0	0	6d5b2c6d928e1c0f689c7718ffc9bc6d8aa04d1b4cc100f6a7bf18b4fc9dd083	8a9d3da33360c56f4a83788f20196b05d8a0a573f10ac7ae7b721f4e37a49fcd
correct/litmus/RWC+syncs/variants/rwc+syncs0.c	baseline	2	0	54241000		7	0	0	0	6d5b2c6d928e1c0f689c7718ffc9bc6d8aa04d1b4cc100f6a7bf18b4fc9dd083	8a9d3da33360c56f4a83788f20196b05d8a0a573f10ac7ae7b721f4e37a49fcd
correct/litmus/RWC+syncs/variants/rwc+syncs0.c	rvf	1	0	50799000	enabled	7	0	0	0	6d5b2c6d928e1c0f689c7718ffc9bc6d8aa04d1b4cc100f6a7bf18b4fc9dd083	8a9d3da33360c56f4a83788f20196b05d8a0a573f10ac7ae7b721f4e37a49fcd
correct/litmus/RWC+syncs/variants/rwc+syncs0.c	rvf	2	0	50589000	enabled	7	0	0	0	6d5b2c6d928e1c0f689c7718ffc9bc6d8aa04d1b4cc100f6a7bf18b4fc9dd083	8a9d3da33360c56f4a83788f20196b05d8a0a573f10ac7ae7b721f4e37a49fcd
correct/litmus/S+rel+acq/variants/s+rel+acq0.c	baseline	1	0	47143000		2	0	0	0	6d5b2c6d928e1c0f689c7718ffc9bc6d8aa04d1b4cc100f6a7bf18b4fc9dd083	23408a2b89f25407fbb90b15c10f6641d9fb3edd4a89ee0675d884407b180c59
correct/litmus/S+rel+acq/variants/s+rel+acq0.c	baseline	2	0	49532000		2	0	0	0	6d5b2c6d928e1c0f689c7718ffc9bc6d8aa04d1b4cc100f6a7bf18b4fc9dd083	23408a2b89f25407fbb90b15c10f6641d9fb3edd4a89ee0675d884407b180c59
correct/litmus/S+rel+acq/variants/s+rel+acq0.c	rvf	1	0	47286000	native-fallback reason=non-atomic store instruction	2	0	0	0	6d5b2c6d928e1c0f689c7718ffc9bc6d8aa04d1b4cc100f6a7bf18b4fc9dd083	23408a2b89f25407fbb90b15c10f6641d9fb3edd4a89ee0675d884407b180c59
correct/litmus/S+rel+acq/variants/s+rel+acq0.c	rvf	2	0	45079000	native-fallback reason=non-atomic store instruction	2	0	0	0	6d5b2c6d928e1c0f689c7718ffc9bc6d8aa04d1b4cc100f6a7bf18b4fc9dd083	23408a2b89f25407fbb90b15c10f6641d9fb3edd4a89ee0675d884407b180c59
correct/litmus/S+rels+acq/variants/s+rels+acq0.c	baseline	1	0	45267000		3	0	0	0	6d5b2c6d928e1c0f689c7718ffc9bc6d8aa04d1b4cc100f6a7bf18b4fc9dd083	b39f307f9d8d67130815acb8a7f771d6284d18ca770ec9fcfa022c7d167fe785
correct/litmus/S+rels+acq/variants/s+rels+acq0.c	baseline	2	0	45468000		3	0	0	0	6d5b2c6d928e1c0f689c7718ffc9bc6d8aa04d1b4cc100f6a7bf18b4fc9dd083	b39f307f9d8d67130815acb8a7f771d6284d18ca770ec9fcfa022c7d167fe785
correct/litmus/S+rels+acq/variants/s+rels+acq0.c	rvf	1	0	46064000	enabled	2	0	1	0	6d5b2c6d928e1c0f689c7718ffc9bc6d8aa04d1b4cc100f6a7bf18b4fc9dd083	23408a2b89f25407fbb90b15c10f6641d9fb3edd4a89ee0675d884407b180c59
correct/litmus/S+rels+acq/variants/s+rels+acq0.c	rvf	2	0	46240000	enabled	2	0	1	0	6d5b2c6d928e1c0f689c7718ffc9bc6d8aa04d1b4cc100f6a7bf18b4fc9dd083	23408a2b89f25407fbb90b15c10f6641d9fb3edd4a89ee0675d884407b180c59
correct/litmus/S/variants/s0.c	baseline	1	0	45099000		3	0	0	0	517ace91a08d258d4aa962235d4c5e2df712b09190dd29f3918e1a08ac9b81a2	4f5ea28c5998b965708b11c67ac1403a744536884e4fc8fabf3dc6f5487c95d4
correct/litmus/S/variants/s0.c	baseline	2	0	46229000		3	0	0	0	517ace91a08d258d4aa962235d4c5e2df712b09190dd29f3918e1a08ac9b81a2	4f5ea28c5998b965708b11c67ac1403a744536884e4fc8fabf3dc6f5487c95d4
correct/litmus/S/variants/s0.c	rvf	1	0	46827000	enabled	3	0	0	0	517ace91a08d258d4aa962235d4c5e2df712b09190dd29f3918e1a08ac9b81a2	4f5ea28c5998b965708b11c67ac1403a744536884e4fc8fabf3dc6f5487c95d4
correct/litmus/S/variants/s0.c	rvf	2	0	46350000	enabled	3	0	0	0	517ace91a08d258d4aa962235d4c5e2df712b09190dd29f3918e1a08ac9b81a2	4f5ea28c5998b965708b11c67ac1403a744536884e4fc8fabf3dc6f5487c95d4
correct/litmus/SB+2sc+scf/variants/sb+2sc+scf0.c	baseline	1	0	46312000		3	0	0	0	6d5b2c6d928e1c0f689c7718ffc9bc6d8aa04d1b4cc100f6a7bf18b4fc9dd083	b39f307f9d8d67130815acb8a7f771d6284d18ca770ec9fcfa022c7d167fe785
correct/litmus/SB+2sc+scf/variants/sb+2sc+scf0.c	baseline	2	0	45714000		3	0	0	0	6d5b2c6d928e1c0f689c7718ffc9bc6d8aa04d1b4cc100f6a7bf18b4fc9dd083	b39f307f9d8d67130815acb8a7f771d6284d18ca770ec9fcfa022c7d167fe785
correct/litmus/SB+2sc+scf/variants/sb+2sc+scf0.c	rvf	1	0	47400000	enabled	3	0	0	0	6d5b2c6d928e1c0f689c7718ffc9bc6d8aa04d1b4cc100f6a7bf18b4fc9dd083	b39f307f9d8d67130815acb8a7f771d6284d18ca770ec9fcfa022c7d167fe785
correct/litmus/SB+2sc+scf/variants/sb+2sc+scf0.c	rvf	2	0	45442000	enabled	3	0	0	0	6d5b2c6d928e1c0f689c7718ffc9bc6d8aa04d1b4cc100f6a7bf18b4fc9dd083	b39f307f9d8d67130815acb8a7f771d6284d18ca770ec9fcfa022c7d167fe785
correct/litmus/SB+3sc+acq/variants/sb+3sc+acq0.c	baseline	1	0	45220000		3	0	0	0	6d5b2c6d928e1c0f689c7718ffc9bc6d8aa04d1b4cc100f6a7bf18b4fc9dd083	b39f307f9d8d67130815acb8a7f771d6284d18ca770ec9fcfa022c7d167fe785
correct/litmus/SB+3sc+acq/variants/sb+3sc+acq0.c	baseline	2	0	46036000		3	0	0	0	6d5b2c6d928e1c0f689c7718ffc9bc6d8aa04d1b4cc100f6a7bf18b4fc9dd083	b39f307f9d8d67130815acb8a7f771d6284d18ca770ec9fcfa022c7d167fe785
correct/litmus/SB+3sc+acq/variants/sb+3sc+acq0.c	rvf	1	0	45547000	enabled	3	0	0	0	6d5b2c6d928e1c0f689c7718ffc9bc6d8aa04d1b4cc100f6a7bf18b4fc9dd083	b39f307f9d8d67130815acb8a7f771d6284d18ca770ec9fcfa022c7d167fe785
correct/litmus/SB+3sc+acq/variants/sb+3sc+acq0.c	rvf	2	0	45365000	enabled	3	0	0	0	6d5b2c6d928e1c0f689c7718ffc9bc6d8aa04d1b4cc100f6a7bf18b4fc9dd083	b39f307f9d8d67130815acb8a7f771d6284d18ca770ec9fcfa022c7d167fe785
correct/litmus/SB+3sc+rel/variants/sb+3sc+rel0.c	baseline	1	0	46305000		3	0	0	0	6d5b2c6d928e1c0f689c7718ffc9bc6d8aa04d1b4cc100f6a7bf18b4fc9dd083	b39f307f9d8d67130815acb8a7f771d6284d18ca770ec9fcfa022c7d167fe785
correct/litmus/SB+3sc+rel/variants/sb+3sc+rel0.c	baseline	2	0	46362000		3	0	0	0	6d5b2c6d928e1c0f689c7718ffc9bc6d8aa04d1b4cc100f6a7bf18b4fc9dd083	b39f307f9d8d67130815acb8a7f771d6284d18ca770ec9fcfa022c7d167fe785
correct/litmus/SB+3sc+rel/variants/sb+3sc+rel0.c	rvf	1	0	45955000	enabled	3	0	0	0	6d5b2c6d928e1c0f689c7718ffc9bc6d8aa04d1b4cc100f6a7bf18b4fc9dd083	b39f307f9d8d67130815acb8a7f771d6284d18ca770ec9fcfa022c7d167fe785
correct/litmus/SB+3sc+rel/variants/sb+3sc+rel0.c	rvf	2	0	45544000	enabled	3	0	0	0	6d5b2c6d928e1c0f689c7718ffc9bc6d8aa04d1b4cc100f6a7bf18b4fc9dd083	b39f307f9d8d67130815acb8a7f771d6284d18ca770ec9fcfa022c7d167fe785
correct/litmus/SB+4sc/variants/sb+4sc0.c	baseline	1	0	45404000		3	0	0	0	6d5b2c6d928e1c0f689c7718ffc9bc6d8aa04d1b4cc100f6a7bf18b4fc9dd083	b39f307f9d8d67130815acb8a7f771d6284d18ca770ec9fcfa022c7d167fe785
correct/litmus/SB+4sc/variants/sb+4sc0.c	baseline	2	0	45146000		3	0	0	0	6d5b2c6d928e1c0f689c7718ffc9bc6d8aa04d1b4cc100f6a7bf18b4fc9dd083	b39f307f9d8d67130815acb8a7f771d6284d18ca770ec9fcfa022c7d167fe785
correct/litmus/SB+4sc/variants/sb+4sc0.c	rvf	1	0	45396000	enabled	3	0	0	0	6d5b2c6d928e1c0f689c7718ffc9bc6d8aa04d1b4cc100f6a7bf18b4fc9dd083	b39f307f9d8d67130815acb8a7f771d6284d18ca770ec9fcfa022c7d167fe785
correct/litmus/SB+4sc/variants/sb+4sc0.c	rvf	2	0	45461000	enabled	3	0	0	0	6d5b2c6d928e1c0f689c7718ffc9bc6d8aa04d1b4cc100f6a7bf18b4fc9dd083	b39f307f9d8d67130815acb8a7f771d6284d18ca770ec9fcfa022c7d167fe785
correct/litmus/TC2/variants/tc20.c	baseline	1	0	45702000		4	0	0	0	6d5b2c6d928e1c0f689c7718ffc9bc6d8aa04d1b4cc100f6a7bf18b4fc9dd083	1cc28f3348c987c42f37e37145b1b475aaff31f7b593e724aa00b00573845cde
correct/litmus/TC2/variants/tc20.c	baseline	2	0	45510000		4	0	0	0	6d5b2c6d928e1c0f689c7718ffc9bc6d8aa04d1b4cc100f6a7bf18b4fc9dd083	1cc28f3348c987c42f37e37145b1b475aaff31f7b593e724aa00b00573845cde
correct/litmus/TC2/variants/tc20.c	rvf	1	0	44831000	enabled	4	0	0	0	6d5b2c6d928e1c0f689c7718ffc9bc6d8aa04d1b4cc100f6a7bf18b4fc9dd083	1cc28f3348c987c42f37e37145b1b475aaff31f7b593e724aa00b00573845cde
correct/litmus/TC2/variants/tc20.c	rvf	2	0	45925000	enabled	4	0	0	0	6d5b2c6d928e1c0f689c7718ffc9bc6d8aa04d1b4cc100f6a7bf18b4fc9dd083	1cc28f3348c987c42f37e37145b1b475aaff31f7b593e724aa00b00573845cde
correct/litmus/W+RRR+W/variants/w+rrr+w0.c	baseline	1	0	47523000		20	0	0	0	517ace91a08d258d4aa962235d4c5e2df712b09190dd29f3918e1a08ac9b81a2	2a4867b6209430b2f7e599508f1a2d57068010a4048573a63ca2925dae50244f
correct/litmus/W+RRR+W/variants/w+rrr+w0.c	baseline	2	0	46345000		20	0	0	0	517ace91a08d258d4aa962235d4c5e2df712b09190dd29f3918e1a08ac9b81a2	2a4867b6209430b2f7e599508f1a2d57068010a4048573a63ca2925dae50244f
correct/litmus/W+RRR+W/variants/w+rrr+w0.c	rvf	1	0	46592000	enabled	20	0	0	0	517ace91a08d258d4aa962235d4c5e2df712b09190dd29f3918e1a08ac9b81a2	2a4867b6209430b2f7e599508f1a2d57068010a4048573a63ca2925dae50244f
correct/litmus/W+RRR+W/variants/w+rrr+w0.c	rvf	2	0	47032000	enabled	20	0	0	0	517ace91a08d258d4aa962235d4c5e2df712b09190dd29f3918e1a08ac9b81a2	2a4867b6209430b2f7e599508f1a2d57068010a4048573a63ca2925dae50244f
correct/litmus/WRC+dep/variants/wrc+dep0.c	baseline	1	0	45137000		7	0	0	0	6d5b2c6d928e1c0f689c7718ffc9bc6d8aa04d1b4cc100f6a7bf18b4fc9dd083	8a9d3da33360c56f4a83788f20196b05d8a0a573f10ac7ae7b721f4e37a49fcd
correct/litmus/WRC+dep/variants/wrc+dep0.c	baseline	2	0	46168000		7	0	0	0	6d5b2c6d928e1c0f689c7718ffc9bc6d8aa04d1b4cc100f6a7bf18b4fc9dd083	8a9d3da33360c56f4a83788f20196b05d8a0a573f10ac7ae7b721f4e37a49fcd
correct/litmus/WRC+dep/variants/wrc+dep0.c	rvf	1	0	46333000	enabled	5	0	1	0	6d5b2c6d928e1c0f689c7718ffc9bc6d8aa04d1b4cc100f6a7bf18b4fc9dd083	c6c5b1789d72baa57700dd74d8d6221256803ec35a6eb8353833e2e3efedfa72
correct/litmus/WRC+dep/variants/wrc+dep0.c	rvf	2	0	46520000	enabled	5	0	1	0	6d5b2c6d928e1c0f689c7718ffc9bc6d8aa04d1b4cc100f6a7bf18b4fc9dd083	c6c5b1789d72baa57700dd74d8d6221256803ec35a6eb8353833e2e3efedfa72
correct/litmus/WWmerge2/variants/WWmerge20.c	baseline	1	0	45959000		7	0	0	0	6d5b2c6d928e1c0f689c7718ffc9bc6d8aa04d1b4cc100f6a7bf18b4fc9dd083	8a9d3da33360c56f4a83788f20196b05d8a0a573f10ac7ae7b721f4e37a49fcd
correct/litmus/WWmerge2/variants/WWmerge20.c	baseline	2	0	45868000		7	0	0	0	6d5b2c6d928e1c0f689c7718ffc9bc6d8aa04d1b4cc100f6a7bf18b4fc9dd083	8a9d3da33360c56f4a83788f20196b05d8a0a573f10ac7ae7b721f4e37a49fcd
correct/litmus/WWmerge2/variants/WWmerge20.c	rvf	1	0	46851000	enabled	7	0	0	0	6d5b2c6d928e1c0f689c7718ffc9bc6d8aa04d1b4cc100f6a7bf18b4fc9dd083	8a9d3da33360c56f4a83788f20196b05d8a0a573f10ac7ae7b721f4e37a49fcd
correct/litmus/WWmerge2/variants/WWmerge20.c	rvf	2	0	45643000	enabled	7	0	0	0	6d5b2c6d928e1c0f689c7718ffc9bc6d8aa04d1b4cc100f6a7bf18b4fc9dd083	8a9d3da33360c56f4a83788f20196b05d8a0a573f10ac7ae7b721f4e37a49fcd
