task	family	expected	previous_status	genmc_status	caat_sc_status	caat_sc_cpu_s	caat_sc_rss_mb	deagle_status	deagle_cpu_s	deagle_rss_mb	caat_log_output_bytes	source	source_missing	source_bytes	source_loc	pthread_create_calls	pthread_join_calls	mutex_ops	atomic_begin_calls	nondet_calls	assume_calls	loop_tokens	thread_routines	weak_encoding_identifiers	deagle_unwind_mode	deagle_true_incomplete_bound	deagle_log_has_failure	deagle_log_has_success	has_nondet	strict_semantics_comparable	mechanism_cluster
goblint-regression/13-privatized_52-refine-protected-loop2-small_true.yml	goblint-regression	true	TIMEOUT	TIMEOUT	TIMEOUT	57.430861661	108.544	true	5.197622086	28.4672	1	/Users/sujie/Documents/Codes/sv-benchmarks/c/goblint-regression/13-privatized_52-refine-protected-loop2-small_true.c	False	986	36	1	0	4	0	0	0	1	1	0	fallback_bound_3	True	False	True	False	False	unbounded loop / Deagle bounded-TRUE caveat
pthread-ext/25_stack.yml	pthread-ext	true	TIMEOUT	TIMEOUT	TIMEOUT	60.531772195	93.249536	true	7.014328556	330.739712	1	/Users/sujie/Documents/Codes/sv-benchmarks/c/pthread-ext/25_stack.c	False	1946	95	1	0	7	2	2	0	2	1	0	fallback_bound_3	True	False	True	True	False	unbounded loop / Deagle bounded-TRUE caveat
pthread-ext/25_stack_longer-2.yml	pthread-ext	true	TIMEOUT	TIMEOUT	TIMEOUT	60.595920484	92.545024	true	18.82053672	2008.363008	1	/Users/sujie/Documents/Codes/sv-benchmarks/c/pthread-ext/25_stack_longer-2.c	False	1947	95	1	0	7	2	2	0	2	1	0	fallback_bound_3	True	False	True	True	False	unbounded loop / Deagle bounded-TRUE caveat
pthread-ext/26_stack_cas.yml	pthread-ext	true	TIMEOUT	TIMEOUT	TIMEOUT	60.974162942	90.23488	true	14.199940011	794.50112	1	/Users/sujie/Documents/Codes/sv-benchmarks/c/pthread-ext/26_stack_cas.c	False	2304	124	1	0	0	2	2	2	3	1	0	fallback_bound_3	True	False	True	True	False	unbounded loop / Deagle bounded-TRUE caveat
pthread-ext/28_buggy_simple_loop1_vf.yml	pthread-ext	false	TIMEOUT	TIMEOUT	TIMEOUT	60.938605055	25.776128	false(unreach-call)	5.112093873	45.674496	1	/Users/sujie/Documents/Codes/sv-benchmarks/c/pthread-ext/28_buggy_simple_loop1_vf.c	False	784	29	1	0	0	0	4	0	4	1	0	fallback_bound_3	False	True	False	True	False	loop or repeated-thread/state-space explosion
pthread-theta/exponential-4.yml	pthread-theta	true	TIMEOUT	TIMEOUT	TIMEOUT	60.866514662	25.94816	true	0.266180172	16.379904	1	/Users/sujie/Documents/Codes/sv-benchmarks/c/pthread-theta/exponential-4.c	False	296	8	0	0	0	0	0	0	0	0	0	suggested_finite_bound	False	False	True	False	True	finite non-WMM exploration explosion
pthread-wmm/mix001.oepc.yml	pthread-wmm	false	TIMEOUT	false(unreach-call)	TIMEOUT	60.985508927	26.349568	false(unreach-call)	0.278784455	13.037568	1	/Users/sujie/Documents/Codes/sv-benchmarks/c/pthread-wmm/mix001.oepc.c	False	9644	218	3	0	0	19	6	2	0	3	310	no_loops	False	True	False	True	False	loop-free weak-memory encoding / explicit-schedule explosion
pthread-wmm/mix001.opt.yml	pthread-wmm	false	TIMEOUT	TIMEOUT	TIMEOUT	60.77660473	26.345472	false(unreach-call)	0.266735287	11.923456	1	/Users/sujie/Documents/Codes/sv-benchmarks/c/pthread-wmm/mix001.opt.c	False	8623	207	3	0	0	19	5	2	0	3	258	no_loops	False	True	False	True	False	loop-free weak-memory encoding / explicit-schedule explosion
pthread-wmm/mix002.oepc.yml	pthread-wmm	false	TIMEOUT	false(unreach-call)	TIMEOUT	61.00202096	26.251264	false(unreach-call)	0.278023252	12.0832	1	/Users/sujie/Documents/Codes/sv-benchmarks/c/pthread-wmm/mix002.oepc.c	False	8012	209	3	0	0	20	3	2	0	3	223	no_loops	False	True	False	True	False	loop-free weak-memory encoding / explicit-schedule explosion
pthread-wmm/mix002.opt.yml	pthread-wmm	false	TIMEOUT	TIMEOUT	TIMEOUT	60.6440655	26.251264	false(unreach-call)	0.269631402	11.8784	1	/Users/sujie/Documents/Codes/sv-benchmarks/c/pthread-wmm/mix002.opt.c	False	8710	212	3	0	0	20	5	2	0	3	258	no_loops	False	True	False	True	False	loop-free weak-memory encoding / explicit-schedule explosion
pthread-wmm/mix003.oepc.yml	pthread-wmm	false	TIMEOUT	false(unreach-call)	TIMEOUT	60.0957524	26.2144	false(unreach-call)	0.272717171	11.886592	1	/Users/sujie/Documents/Codes/sv-benchmarks/c/pthread-wmm/mix003.oepc.c	False	7756	199	3	0	0	18	3	2	0	3	223	no_loops	False	True	False	True	False	loop-free weak-memory encoding / explicit-schedule explosion
pthread-wmm/mix003_power.opt_pso.opt_rmo.opt_tso.opt.yml	pthread-wmm	false	TIMEOUT	TIMEOUT	TIMEOUT	60.382663246	26.308608	false(unreach-call)	0.262119807	11.829248	1	/Users/sujie/Documents/Codes/sv-benchmarks/c/pthread-wmm/mix003_power.opt_pso.opt_rmo.opt_tso.opt.c	False	8454	202	3	0	0	18	5	2	0	3	258	no_loops	False	True	False	True	False	loop-free weak-memory encoding / explicit-schedule explosion
pthread-wmm/mix004.oepc.yml	pthread-wmm	false	TIMEOUT	TIMEOUT	TIMEOUT	60.63211969	26.284032	false(unreach-call)	0.310486431	13.869056	1	/Users/sujie/Documents/Codes/sv-benchmarks/c/pthread-wmm/mix004.oepc.c	False	8860	229	4	0	0	22	3	2	0	4	253	no_loops	False	True	False	True	False	loop-free weak-memory encoding / explicit-schedule explosion
pthread-wmm/mix004.opt.yml	pthread-wmm	false	TIMEOUT	TIMEOUT	TIMEOUT	60.978728848	26.39872	false(unreach-call)	0.285703696	12.726272	1	/Users/sujie/Documents/Codes/sv-benchmarks/c/pthread-wmm/mix004.opt.c	False	9069	227	4	0	0	22	5	2	0	4	262	no_loops	False	True	False	True	False	loop-free weak-memory encoding / explicit-schedule explosion
pthread-wmm/mix005.opt.yml	pthread-wmm	false	TIMEOUT	TIMEOUT	TIMEOUT	60.389114592	26.361856	false(unreach-call)	0.278017941	12.582912	1	/Users/sujie/Documents/Codes/sv-benchmarks/c/pthread-wmm/mix005.opt.c	False	8983	225	4	0	0	22	5	2	0	4	262	no_loops	False	True	False	True	False	loop-free weak-memory encoding / explicit-schedule explosion
pthread-wmm/mix005_power.oepc_pso.oepc_rmo.oepc.yml	pthread-wmm	false	TIMEOUT	TIMEOUT	TIMEOUT	60.1097815	26.288128	false(unreach-call)	0.305850443	13.758464	1	/Users/sujie/Documents/Codes/sv-benchmarks/c/pthread-wmm/mix005_power.oepc_pso.oepc_rmo.oepc.c	False	8774	227	4	0	0	22	3	2	0	4	253	no_loops	False	True	False	True	False	loop-free weak-memory encoding / explicit-schedule explosion
pthread-wmm/mix005_tso.oepc.yml	pthread-wmm	false	TIMEOUT	TIMEOUT	TIMEOUT	60.302098871	26.431488	false(unreach-call)	0.294623329	13.778944	1	/Users/sujie/Documents/Codes/sv-benchmarks/c/pthread-wmm/mix005_tso.oepc.c	False	9684	240	4	0	0	22	3	2	0	4	253	no_loops	False	True	False	True	False	loop-free weak-memory encoding / explicit-schedule explosion
pthread-wmm/mix006.opt.yml	pthread-wmm	false	TIMEOUT	TIMEOUT	TIMEOUT	60.262508474	26.284032	false(unreach-call)	0.27322485	11.886592	1	/Users/sujie/Documents/Codes/sv-benchmarks/c/pthread-wmm/mix006.opt.c	False	8366	200	3	0	0	18	5	2	0	3	258	no_loops	False	True	False	True	False	loop-free weak-memory encoding / explicit-schedule explosion
pthread-wmm/mix006_power.oepc_pso.oepc_rmo.oepc.yml	pthread-wmm	false	TIMEOUT	false(unreach-call)	TIMEOUT	60.604734444	26.243072	false(unreach-call)	0.274863074	11.902976	1	/Users/sujie/Documents/Codes/sv-benchmarks/c/pthread-wmm/mix006_power.oepc_pso.oepc_rmo.oepc.c	False	7668	197	3	0	0	18	3	2	0	3	223	no_loops	False	True	False	True	False	loop-free weak-memory encoding / explicit-schedule explosion
pthread-wmm/mix006_tso.oepc.yml	pthread-wmm	false	TIMEOUT	TIMEOUT	TIMEOUT	60.249156896	26.701824	false(unreach-call)	0.335893568	15.9744	1	/Users/sujie/Documents/Codes/sv-benchmarks/c/pthread-wmm/mix006_tso.oepc.c	False	15267	284	3	0	0	18	9	2	0	3	566	no_loops	False	True	False	True	False	loop-free weak-memory encoding / explicit-schedule explosion
pthread-wmm/mix007.oepc.yml	pthread-wmm	false	TIMEOUT	TIMEOUT	TIMEOUT	60.5128719	26.279936	false(unreach-call)	0.292692103	13.78304	1	/Users/sujie/Documents/Codes/sv-benchmarks/c/pthread-wmm/mix007.oepc.c	False	8774	227	4	0	0	22	3	2	0	4	253	no_loops	False	True	False	True	False	loop-free weak-memory encoding / explicit-schedule explosion
pthread-wmm/mix007.opt.yml	pthread-wmm	false	TIMEOUT	TIMEOUT	TIMEOUT	60.698457163	26.312704	false(unreach-call)	0.287002406	12.730368	1	/Users/sujie/Documents/Codes/sv-benchmarks/c/pthread-wmm/mix007.opt.c	False	8983	225	4	0	0	22	5	2	0	4	262	no_loops	False	True	False	True	False	loop-free weak-memory encoding / explicit-schedule explosion
pthread-wmm/mix008.opt.yml	pthread-wmm	false	TIMEOUT	TIMEOUT	TIMEOUT	60.925253765	26.386432	false(unreach-call)	0.29268246	12.726272	1	/Users/sujie/Documents/Codes/sv-benchmarks/c/pthread-wmm/mix008.opt.c	False	8889	223	4	0	0	22	5	2	0	4	262	no_loops	False	True	False	True	False	loop-free weak-memory encoding / explicit-schedule explosion
pthread-wmm/mix008_power.oepc_pso.oepc_rmo.oepc.yml	pthread-wmm	false	TIMEOUT	TIMEOUT	TIMEOUT	60.709089884	26.33728	false(unreach-call)	0.295932383	13.672448	1	/Users/sujie/Documents/Codes/sv-benchmarks/c/pthread-wmm/mix008_power.oepc_pso.oepc_rmo.oepc.c	False	8680	225	4	0	0	22	3	2	0	4	253	no_loops	False	True	False	True	False	loop-free weak-memory encoding / explicit-schedule explosion
pthread-wmm/mix008_tso.oepc.yml	pthread-wmm	false	TIMEOUT	TIMEOUT	TIMEOUT	60.951847297	26.738688	false(unreach-call)	0.348559391	17.219584	1	/Users/sujie/Documents/Codes/sv-benchmarks/c/pthread-wmm/mix008_tso.oepc.c	False	15873	310	4	0	0	22	9	2	0	4	574	no_loops	False	True	False	True	False	loop-free weak-memory encoding / explicit-schedule explosion
pthread-wmm/mix010.oepc.yml	pthread-wmm	false	TIMEOUT	TIMEOUT	TIMEOUT	60.989809635	26.161152	false(unreach-call)	0.275592166	11.894784	1	/Users/sujie/Documents/Codes/sv-benchmarks/c/pthread-wmm/mix010.oepc.c	False	7849	204	3	0	0	19	3	2	0	3	223	no_loops	False	True	False	True	False	loop-free weak-memory encoding / explicit-schedule explosion
pthread-wmm/mix010.opt.yml	pthread-wmm	false	TIMEOUT	TIMEOUT	TIMEOUT	60.798338188	26.288128	false(unreach-call)	0.273786783	11.886592	1	/Users/sujie/Documents/Codes/sv-benchmarks/c/pthread-wmm/mix010.opt.c	False	8547	207	3	0	0	19	5	2	0	3	258	no_loops	False	True	False	True	False	loop-free weak-memory encoding / explicit-schedule explosion
pthread-wmm/mix011.opt.yml	pthread-wmm	false	TIMEOUT	TIMEOUT	TIMEOUT	60.53386853	26.284032	false(unreach-call)	0.270240551	11.968512	1	/Users/sujie/Documents/Codes/sv-benchmarks/c/pthread-wmm/mix011.opt.c	False	8453	205	3	0	0	19	5	2	0	3	258	no_loops	False	True	False	True	False	loop-free weak-memory encoding / explicit-schedule explosion
pthread-wmm/mix011_power.oepc_pso.oepc_rmo.oepc.yml	pthread-wmm	false	TIMEOUT	TIMEOUT	TIMEOUT	60.755232732	26.19392	false(unreach-call)	0.274076359	12.005376	1	/Users/sujie/Documents/Codes/sv-benchmarks/c/pthread-wmm/mix011_power.oepc_pso.oepc_rmo.oepc.c	False	7755	202	3	0	0	19	3	2	0	3	223	no_loops	False	True	False	True	False	loop-free weak-memory encoding / explicit-schedule explosion
pthread-wmm/mix011_tso.oepc.yml	pthread-wmm	false	TIMEOUT	TIMEOUT	TIMEOUT	60.763079382	26.27584	false(unreach-call)	0.27026706	11.997184	1	/Users/sujie/Documents/Codes/sv-benchmarks/c/pthread-wmm/mix011_tso.oepc.c	False	8665	215	3	0	0	19	3	2	0	3	223	no_loops	False	True	False	True	False	loop-free weak-memory encoding / explicit-schedule explosion
pthread-wmm/mix013.oepc.yml	pthread-wmm	false	TIMEOUT	TIMEOUT	TIMEOUT	60.576186121	26.329088	false(unreach-call)	0.311205492	13.819904	1	/Users/sujie/Documents/Codes/sv-benchmarks/c/pthread-wmm/mix013.oepc.c	False	8868	229	4	0	0	22	3	2	0	4	253	no_loops	False	True	False	True	False	loop-free weak-memory encoding / explicit-schedule explosion
pthread-wmm/mix013.opt.yml	pthread-wmm	false	TIMEOUT	TIMEOUT	TIMEOUT	61.002209078	26.267648	false(unreach-call)	0.283444933	12.681216	1	/Users/sujie/Documents/Codes/sv-benchmarks/c/pthread-wmm/mix013.opt.c	False	9077	227	4	0	0	22	5	2	0	4	262	no_loops	False	True	False	True	False	loop-free weak-memory encoding / explicit-schedule explosion
pthread-wmm/mix014.opt.yml	pthread-wmm	false	TIMEOUT	TIMEOUT	TIMEOUT	60.758114054	26.361856	false(unreach-call)	0.285168278	12.713984	1	/Users/sujie/Documents/Codes/sv-benchmarks/c/pthread-wmm/mix014.opt.c	False	8983	225	4	0	0	22	5	2	0	4	262	no_loops	False	True	False	True	False	loop-free weak-memory encoding / explicit-schedule explosion
pthread-wmm/mix014_power.oepc_pso.oepc_rmo.oepc.yml	pthread-wmm	false	TIMEOUT	TIMEOUT	TIMEOUT	60.626637007	26.279936	false(unreach-call)	0.306914886	13.90592	1	/Users/sujie/Documents/Codes/sv-benchmarks/c/pthread-wmm/mix014_power.oepc_pso.oepc_rmo.oepc.c	False	8774	227	4	0	0	22	3	2	0	4	253	no_loops	False	True	False	True	False	loop-free weak-memory encoding / explicit-schedule explosion
pthread-wmm/mix014_tso.oepc.yml	pthread-wmm	false	TIMEOUT	TIMEOUT	TIMEOUT	60.892842158	26.791936	false(unreach-call)	0.373858406	17.821696	1	/Users/sujie/Documents/Codes/sv-benchmarks/c/pthread-wmm/mix014_tso.oepc.c	False	15269	309	4	0	0	22	7	2	0	4	539	no_loops	False	True	False	True	False	loop-free weak-memory encoding / explicit-schedule explosion
pthread-wmm/mix015.opt.yml	pthread-wmm	false	TIMEOUT	TIMEOUT	TIMEOUT	60.86768469	26.29632	false(unreach-call)	0.269107802	11.956224	1	/Users/sujie/Documents/Codes/sv-benchmarks/c/pthread-wmm/mix015.opt.c	False	8547	207	3	0	0	19	5	2	0	3	258	no_loops	False	True	False	True	False	loop-free weak-memory encoding / explicit-schedule explosion
pthread-wmm/mix016_power.opt_rmo.opt.yml	pthread-wmm	false	TIMEOUT	TIMEOUT	TIMEOUT	60.318561462	26.124288	false(unreach-call)	0.261178804	11.685888	1	/Users/sujie/Documents/Codes/sv-benchmarks/c/pthread-wmm/mix016_power.opt_rmo.opt.c	False	7147	190	3	0	0	17	4	2	0	3	197	no_loops	False	True	False	True	False	loop-free weak-memory encoding / explicit-schedule explosion
pthread-wmm/mix016_pso.opt_tso.opt.yml	pthread-wmm	false	TIMEOUT	TIMEOUT	TIMEOUT	60.844640918	26.308608	false(unreach-call)	0.270925883	11.8784	1	/Users/sujie/Documents/Codes/sv-benchmarks/c/pthread-wmm/mix016_pso.opt_tso.opt.c	False	8291	197	3	0	0	17	5	2	0	3	258	no_loops	False	True	False	True	False	loop-free weak-memory encoding / explicit-schedule explosion
pthread-wmm/mix017.oepc.yml	pthread-wmm	false	TIMEOUT	TIMEOUT	TIMEOUT	60.638422904	26.333184	false(unreach-call)	0.291001021	13.66016	1	/Users/sujie/Documents/Codes/sv-benchmarks/c/pthread-wmm/mix017.oepc.c	False	8699	224	4	0	0	21	3	2	0	4	253	no_loops	False	True	False	True	False	loop-free weak-memory encoding / explicit-schedule explosion
pthread-wmm/mix017_power.opt_rmo.opt.yml	pthread-wmm	false	TIMEOUT	TIMEOUT	TIMEOUT	60.852230609	26.17344	false(unreach-call)	0.287887038	12.32896	1	/Users/sujie/Documents/Codes/sv-benchmarks/c/pthread-wmm/mix017_power.opt_rmo.opt.c	False	7721	214	4	0	0	21	3	2	0	4	201	no_loops	False	True	False	True	False	loop-free weak-memory encoding / explicit-schedule explosion
pthread-wmm/mix017_pso.opt_tso.opt.yml	pthread-wmm	false	TIMEOUT	TIMEOUT	TIMEOUT	60.70514487	26.300416	false(unreach-call)	0.27724779	12.57472	1	/Users/sujie/Documents/Codes/sv-benchmarks/c/pthread-wmm/mix017_pso.opt_tso.opt.c	False	8908	222	4	0	0	21	5	2	0	4	262	no_loops	False	True	False	True	False	loop-free weak-memory encoding / explicit-schedule explosion
pthread-wmm/mix018.opt.yml	pthread-wmm	false	TIMEOUT	TIMEOUT	TIMEOUT	60.631699299	26.37824	false(unreach-call)	0.278210698	12.578816	1	/Users/sujie/Documents/Codes/sv-benchmarks/c/pthread-wmm/mix018.opt.c	False	8814	220	4	0	0	21	5	2	0	4	262	no_loops	False	True	False	True	False	loop-free weak-memory encoding / explicit-schedule explosion
pthread-wmm/mix018_power.oepc_pso.oepc_rmo.oepc.yml	pthread-wmm	false	TIMEOUT	TIMEOUT	TIMEOUT	61.002747494	26.284032	false(unreach-call)	0.292511472	13.479936	1	/Users/sujie/Documents/Codes/sv-benchmarks/c/pthread-wmm/mix018_power.oepc_pso.oepc_rmo.oepc.c	False	8605	222	4	0	0	21	3	2	0	4	253	no_loops	False	True	False	True	False	loop-free weak-memory encoding / explicit-schedule explosion
pthread-wmm/mix018_tso.oepc.yml	pthread-wmm	false	TIMEOUT	TIMEOUT	TIMEOUT	60.266790581	26.333184	false(unreach-call)	0.306257178	13.651968	1	/Users/sujie/Documents/Codes/sv-benchmarks/c/pthread-wmm/mix018_tso.oepc.c	False	9515	235	4	0	0	21	3	2	0	4	253	no_loops	False	True	False	True	False	loop-free weak-memory encoding / explicit-schedule explosion
pthread-wmm/mix019.opt.yml	pthread-wmm	false	TIMEOUT	TIMEOUT	TIMEOUT	60.523390451	26.23488	false(unreach-call)	0.271078525	11.874304	1	/Users/sujie/Documents/Codes/sv-benchmarks/c/pthread-wmm/mix019.opt.c	False	8197	195	3	0	0	17	5	2	0	3	258	no_loops	False	True	False	True	False	loop-free weak-memory encoding / explicit-schedule explosion
pthread-wmm/mix019_tso.oepc.yml	pthread-wmm	false	TIMEOUT	TIMEOUT	TIMEOUT	60.866038616	26.279936	false(unreach-call)	0.2673688	11.812864	1	/Users/sujie/Documents/Codes/sv-benchmarks/c/pthread-wmm/mix019_tso.oepc.c	False	8409	205	3	0	0	17	3	2	0	3	223	no_loops	False	True	False	True	False	loop-free weak-memory encoding / explicit-schedule explosion
pthread-wmm/mix020.oepc.yml	pthread-wmm	false	TIMEOUT	TIMEOUT	TIMEOUT	60.320371529	26.324992	false(unreach-call)	0.312389021	13.705216	1	/Users/sujie/Documents/Codes/sv-benchmarks/c/pthread-wmm/mix020.oepc.c	False	8605	222	4	0	0	21	3	2	0	4	253	no_loops	False	True	False	True	False	loop-free weak-memory encoding / explicit-schedule explosion
pthread-wmm/mix020.opt.yml	pthread-wmm	false	TIMEOUT	TIMEOUT	TIMEOUT	60.571844213	26.39872	false(unreach-call)	0.278065389	12.51328	1	/Users/sujie/Documents/Codes/sv-benchmarks/c/pthread-wmm/mix020.opt.c	False	8814	220	4	0	0	21	5	2	0	4	262	no_loops	False	True	False	True	False	loop-free weak-memory encoding / explicit-schedule explosion
pthread-wmm/mix021.opt.yml	pthread-wmm	false	TIMEOUT	TIMEOUT	TIMEOUT	60.939934494	26.406912	false(unreach-call)	0.273061775	12.43136	1	/Users/sujie/Documents/Codes/sv-benchmarks/c/pthread-wmm/mix021.opt.c	False	8720	218	4	0	0	21	5	2	0	4	262	no_loops	False	True	False	True	False	loop-free weak-memory encoding / explicit-schedule explosion
pthread-wmm/mix021_power.oepc_pso.oepc_rmo.oepc.yml	pthread-wmm	false	TIMEOUT	TIMEOUT	TIMEOUT	60.489799878	26.320896	false(unreach-call)	0.286594729	13.467648	1	/Users/sujie/Documents/Codes/sv-benchmarks/c/pthread-wmm/mix021_power.oepc_pso.oepc_rmo.oepc.c	False	8511	220	4	0	0	21	3	2	0	4	253	no_loops	False	True	False	True	False	loop-free weak-memory encoding / explicit-schedule explosion
pthread-wmm/mix021_tso.oepc.yml	pthread-wmm	false	TIMEOUT	TIMEOUT	TIMEOUT	60.970408426	26.292224	false(unreach-call)	0.28905484	12.890112	1	/Users/sujie/Documents/Codes/sv-benchmarks/c/pthread-wmm/mix021_tso.oepc.c	False	8932	228	4	0	0	21	3	2	0	4	227	no_loops	False	True	False	True	False	loop-free weak-memory encoding / explicit-schedule explosion
pthread-wmm/mix023_power.oepc_pso.oepc_rmo.oepc.yml	pthread-wmm	false	TIMEOUT	TIMEOUT	TIMEOUT	60.401283619	26.353664	false(unreach-call)	0.287331282	13.504512	1	/Users/sujie/Documents/Codes/sv-benchmarks/c/pthread-wmm/mix023_power.oepc_pso.oepc_rmo.oepc.c	False	8680	225	4	0	0	22	3	2	0	4	253	no_loops	False	True	False	True	False	loop-free weak-memory encoding / explicit-schedule explosion
pthread-wmm/mix023_power.opt_pso.opt_rmo.opt.yml	pthread-wmm	false	TIMEOUT	TIMEOUT	TIMEOUT	60.527771289	26.2144	false(unreach-call)	0.291448594	12.480512	1	/Users/sujie/Documents/Codes/sv-benchmarks/c/pthread-wmm/mix023_power.opt_pso.opt_rmo.opt.c	False	7702	215	4	0	0	22	3	2	0	4	201	no_loops	False	True	False	True	False	loop-free weak-memory encoding / explicit-schedule explosion
pthread-wmm/mix023_tso.yml	pthread-wmm	false	TIMEOUT	TIMEOUT	TIMEOUT	60.922431783	26.89024	false(unreach-call)	0.387776136	18.722816	1	/Users/sujie/Documents/Codes/sv-benchmarks/c/pthread-wmm/mix023_tso.c	False	17761	333	4	0	0	22	9	2	0	4	626	no_loops	False	True	False	True	False	loop-free weak-memory encoding / explicit-schedule explosion
pthread-wmm/mix024_power.opt_pso.opt_rmo.opt.yml	pthread-wmm	false	TIMEOUT	TIMEOUT	TIMEOUT	60.999588539	26.23488	false(unreach-call)	0.265106252	11.698176	1	/Users/sujie/Documents/Codes/sv-benchmarks/c/pthread-wmm/mix024_power.opt_pso.opt_rmo.opt.c	False	7309	198	3	0	0	19	4	2	0	3	197	no_loops	False	True	False	True	False	loop-free weak-memory encoding / explicit-schedule explosion
pthread-wmm/mix025_pso.opt_rmo.opt.yml	pthread-wmm	false	TIMEOUT	TIMEOUT	TIMEOUT	60.766146495	26.238976	false(unreach-call)	0.263171051	11.726848	1	/Users/sujie/Documents/Codes/sv-benchmarks/c/pthread-wmm/mix025_pso.opt_rmo.opt.c	False	7053	188	3	0	0	17	4	2	0	3	197	no_loops	False	True	False	True	False	loop-free weak-memory encoding / explicit-schedule explosion
pthread-wmm/mix026.oepc.yml	pthread-wmm	false	TIMEOUT	TIMEOUT	TIMEOUT	60.634670507	26.288128	false(unreach-call)	0.302728858	13.656064	1	/Users/sujie/Documents/Codes/sv-benchmarks/c/pthread-wmm/mix026.oepc.c	False	8605	222	4	0	0	21	3	2	0	4	253	no_loops	False	True	False	True	False	loop-free weak-memory encoding / explicit-schedule explosion
pthread-wmm/mix026_power.opt_tso.opt.yml	pthread-wmm	false	TIMEOUT	TIMEOUT	TIMEOUT	60.269549231	26.312704	false(unreach-call)	0.332942541	13.135872	1	/Users/sujie/Documents/Codes/sv-benchmarks/c/pthread-wmm/mix026_power.opt_tso.opt.c	False	8159	218	4	0	0	21	4	2	0	4	227	no_loops	False	True	False	True	False	loop-free weak-memory encoding / explicit-schedule explosion
pthread-wmm/mix026_pso.opt_rmo.opt.yml	pthread-wmm	false	TIMEOUT	TIMEOUT	TIMEOUT	60.560046754	26.198016	false(unreach-call)	0.285894705	12.279808	1	/Users/sujie/Documents/Codes/sv-benchmarks/c/pthread-wmm/mix026_pso.opt_rmo.opt.c	False	7627	212	4	0	0	21	3	2	0	4	201	no_loops	False	True	False	True	False	loop-free weak-memory encoding / explicit-schedule explosion
pthread-wmm/mix027_power.oepc_pso.oepc_rmo.oepc.yml	pthread-wmm	false	TIMEOUT	TIMEOUT	TIMEOUT	60.135649981	26.349568	false(unreach-call)	0.288632704	13.463552	1	/Users/sujie/Documents/Codes/sv-benchmarks/c/pthread-wmm/mix027_power.oepc_pso.oepc_rmo.oepc.c	False	8511	220	4	0	0	21	3	2	0	4	253	no_loops	False	True	False	True	False	loop-free weak-memory encoding / explicit-schedule explosion
pthread-wmm/mix027_power.opt_pso.opt_rmo.opt.yml	pthread-wmm	false	TIMEOUT	TIMEOUT	TIMEOUT	60.633316411	26.210304	false(unreach-call)	0.281017723	12.120064	1	/Users/sujie/Documents/Codes/sv-benchmarks/c/pthread-wmm/mix027_power.opt_pso.opt_rmo.opt.c	False	7533	210	4	0	0	21	3	2	0	4	201	no_loops	False	True	False	True	False	loop-free weak-memory encoding / explicit-schedule explosion
pthread-wmm/mix027_tso.yml	pthread-wmm	false	TIMEOUT	TIMEOUT	TIMEOUT	60.072581369	26.308608	false(unreach-call)	0.329930174	13.717504	1	/Users/sujie/Documents/Codes/sv-benchmarks/c/pthread-wmm/mix027_tso.c	False	9421	233	4	0	0	21	3	2	0	4	253	no_loops	False	True	False	True	False	loop-free weak-memory encoding / explicit-schedule explosion
pthread-wmm/mix028_power.opt_pso.opt_rmo.opt.yml	pthread-wmm	false	TIMEOUT	TIMEOUT	TIMEOUT	60.015740822	26.3168	false(unreach-call)	0.261460484	11.776	1	/Users/sujie/Documents/Codes/sv-benchmarks/c/pthread-wmm/mix028_power.opt_pso.opt_rmo.opt.c	False	8315	203	3	0	0	17	3	2	0	3	223	no_loops	False	True	False	True	False	loop-free weak-memory encoding / explicit-schedule explosion
pthread-wmm/mix028_tso.yml	pthread-wmm	false	TIMEOUT	TIMEOUT	TIMEOUT	60.687277875	26.406912	false(unreach-call)	0.268730119	12.00128	1	/Users/sujie/Documents/Codes/sv-benchmarks/c/pthread-wmm/mix028_tso.c	False	9502	211	3	0	0	17	5	2	0	3	284	no_loops	False	True	False	True	False	loop-free weak-memory encoding / explicit-schedule explosion
pthread-wmm/mix029_power.oepc_pso.oepc_rmo.oepc_tso.oepc_tso.opt.yml	pthread-wmm	false	TIMEOUT	TIMEOUT	TIMEOUT	60.789345828	26.27584	false(unreach-call)	0.285795924	13.545472	1	/Users/sujie/Documents/Codes/sv-benchmarks/c/pthread-wmm/mix029_power.oepc_pso.oepc_rmo.oepc_tso.oepc_tso.opt.c	False	8511	220	4	0	0	21	3	2	0	4	253	no_loops	False	True	False	True	False	loop-free weak-memory encoding / explicit-schedule explosion
pthread-wmm/mix029_power.opt_pso.opt_rmo.opt.yml	pthread-wmm	false	TIMEOUT	TIMEOUT	TIMEOUT	60.535555481	26.312704	false(unreach-call)	0.28735842	12.771328	1	/Users/sujie/Documents/Codes/sv-benchmarks/c/pthread-wmm/mix029_power.opt_pso.opt_rmo.opt.c	False	8932	228	4	0	0	21	3	2	0	4	227	no_loops	False	True	False	True	False	loop-free weak-memory encoding / explicit-schedule explosion
pthread-wmm/mix030_power.oepc_pso.oepc_rmo.oepc.yml	pthread-wmm	false	TIMEOUT	TIMEOUT	TIMEOUT	60.562709855	26.341376	false(unreach-call)	0.304091682	13.594624	1	/Users/sujie/Documents/Codes/sv-benchmarks/c/pthread-wmm/mix030_power.oepc_pso.oepc_rmo.oepc.c	False	8417	218	4	0	0	21	3	2	0	4	253	no_loops	False	True	False	True	False	loop-free weak-memory encoding / explicit-schedule explosion
pthread-wmm/mix030_power.opt_pso.opt_rmo.opt.yml	pthread-wmm	false	TIMEOUT	TIMEOUT	TIMEOUT	60.456162403	26.271744	false(unreach-call)	0.289399587	12.701696	1	/Users/sujie/Documents/Codes/sv-benchmarks/c/pthread-wmm/mix030_power.opt_pso.opt_rmo.opt.c	False	8838	226	4	0	0	21	3	2	0	4	227	no_loops	False	True	False	True	False	loop-free weak-memory encoding / explicit-schedule explosion
pthread-wmm/mix030_tso.yml	pthread-wmm	false	TIMEOUT	TIMEOUT	TIMEOUT	61.000803096	26.427392	false(unreach-call)	0.302615482	13.176832	1	/Users/sujie/Documents/Codes/sv-benchmarks/c/pthread-wmm/mix030_tso.c	False	10025	234	4	0	0	21	5	2	0	4	288	no_loops	False	True	False	True	False	loop-free weak-memory encoding / explicit-schedule explosion
pthread-wmm/mix032.oepc.yml	pthread-wmm	false	TIMEOUT	TIMEOUT	TIMEOUT	60.325775969	26.198016	false(unreach-call)	0.274685893	11.993088	1	/Users/sujie/Documents/Codes/sv-benchmarks/c/pthread-wmm/mix032.oepc.c	False	7936	209	3	0	0	20	3	2	0	3	223	no_loops	False	True	False	True	False	loop-free weak-memory encoding / explicit-schedule explosion
pthread-wmm/mix032.opt.yml	pthread-wmm	false	TIMEOUT	TIMEOUT	TIMEOUT	60.839935351	26.19392	false(unreach-call)	0.265583162	11.784192	1	/Users/sujie/Documents/Codes/sv-benchmarks/c/pthread-wmm/mix032.opt.c	False	6958	199	3	0	0	20	3	2	0	3	171	no_loops	False	True	False	True	False	loop-free weak-memory encoding / explicit-schedule explosion
pthread-wmm/mix033.opt.yml	pthread-wmm	false	TIMEOUT	TIMEOUT	TIMEOUT	60.841757233	26.116096	false(unreach-call)	0.264085075	11.747328	1	/Users/sujie/Documents/Codes/sv-benchmarks/c/pthread-wmm/mix033.opt.c	False	6864	197	3	0	0	20	3	2	0	3	171	no_loops	False	True	False	True	False	loop-free weak-memory encoding / explicit-schedule explosion
pthread-wmm/mix033_power.oepc_pso.oepc_rmo.oepc.yml	pthread-wmm	false	TIMEOUT	TIMEOUT	TIMEOUT	60.818434658	26.25536	false(unreach-call)	0.275080288	12.029952	1	/Users/sujie/Documents/Codes/sv-benchmarks/c/pthread-wmm/mix033_power.oepc_pso.oepc_rmo.oepc.c	False	7842	207	3	0	0	20	3	2	0	3	223	no_loops	False	True	False	True	False	loop-free weak-memory encoding / explicit-schedule explosion
pthread-wmm/mix033_tso.oepc.yml	pthread-wmm	false	TIMEOUT	TIMEOUT	TIMEOUT	60.465995677	26.304512	false(unreach-call)	0.280658746	11.948032	1	/Users/sujie/Documents/Codes/sv-benchmarks/c/pthread-wmm/mix033_tso.oepc.c	False	8752	220	3	0	0	20	3	2	0	3	223	no_loops	False	True	False	True	False	loop-free weak-memory encoding / explicit-schedule explosion
pthread-wmm/mix035_power.opt_rmo.opt.yml	pthread-wmm	false	TIMEOUT	TIMEOUT	TIMEOUT	60.734497157	26.148864	false(unreach-call)	0.267360209	11.79648	1	/Users/sujie/Documents/Codes/sv-benchmarks/c/pthread-wmm/mix035_power.opt_rmo.opt.c	False	7234	195	3	0	0	18	4	2	0	3	197	no_loops	False	True	False	True	False	loop-free weak-memory encoding / explicit-schedule explosion
pthread-wmm/mix035_pso.opt_tso.opt.yml	pthread-wmm	false	TIMEOUT	TIMEOUT	TIMEOUT	60.529162416	26.189824	false(unreach-call)	0.264527691	11.649024	1	/Users/sujie/Documents/Codes/sv-benchmarks/c/pthread-wmm/mix035_pso.opt_tso.opt.c	False	6702	189	3	0	0	18	3	2	0	3	171	no_loops	False	True	False	True	False	loop-free weak-memory encoding / explicit-schedule explosion
pthread-wmm/mix036.oepc.yml	pthread-wmm	false	TIMEOUT	TIMEOUT	TIMEOUT	60.548419888	26.25536	false(unreach-call)	0.288216278	13.758464	1	/Users/sujie/Documents/Codes/sv-benchmarks/c/pthread-wmm/mix036.oepc.c	False	8786	229	4	0	0	22	3	2	0	4	253	no_loops	False	True	False	True	False	loop-free weak-memory encoding / explicit-schedule explosion
pthread-wmm/mix036_power.opt_rmo.opt.yml	pthread-wmm	false	TIMEOUT	TIMEOUT	TIMEOUT	60.599881996	26.157056	false(unreach-call)	0.287212711	12.402688	1	/Users/sujie/Documents/Codes/sv-benchmarks/c/pthread-wmm/mix036_power.opt_rmo.opt.c	False	7808	219	4	0	0	22	3	2	0	4	201	no_loops	False	True	False	True	False	loop-free weak-memory encoding / explicit-schedule explosion
pthread-wmm/mix036_pso.opt_tso.opt.yml	pthread-wmm	false	TIMEOUT	TIMEOUT	TIMEOUT	60.071577539	26.251264	false(unreach-call)	0.275239791	11.767808	1	/Users/sujie/Documents/Codes/sv-benchmarks/c/pthread-wmm/mix036_pso.opt_tso.opt.c	False	7319	214	4	0	0	22	3	2	0	4	175	no_loops	False	True	False	True	False	loop-free weak-memory encoding / explicit-schedule explosion
pthread-wmm/mix037.opt.yml	pthread-wmm	false	TIMEOUT	TIMEOUT	TIMEOUT	61.002284465	26.165248	false(unreach-call)	0.275324648	11.739136	1	/Users/sujie/Documents/Codes/sv-benchmarks/c/pthread-wmm/mix037.opt.c	False	7225	212	4	0	0	22	3	2	0	4	175	no_loops	False	True	False	True	False	loop-free weak-memory encoding / explicit-schedule explosion
pthread-wmm/mix037_power.oepc_pso.oepc_rmo.oepc.yml	pthread-wmm	false	TIMEOUT	TIMEOUT	TIMEOUT	60.66156782	26.230784	false(unreach-call)	0.288130757	13.553664	1	/Users/sujie/Documents/Codes/sv-benchmarks/c/pthread-wmm/mix037_power.oepc_pso.oepc_rmo.oepc.c	False	8692	227	4	0	0	22	3	2	0	4	253	no_loops	False	True	False	True	False	loop-free weak-memory encoding / explicit-schedule explosion
pthread-wmm/mix037_tso.oepc.yml	pthread-wmm	false	TIMEOUT	TIMEOUT	TIMEOUT	60.849365217	26.324992	false(unreach-call)	0.305198365	13.74208	1	/Users/sujie/Documents/Codes/sv-benchmarks/c/pthread-wmm/mix037_tso.oepc.c	False	9602	240	4	0	0	22	3	2	0	4	253	no_loops	False	True	False	True	False	loop-free weak-memory encoding / explicit-schedule explosion
pthread-wmm/mix038.opt.yml	pthread-wmm	false	TIMEOUT	TIMEOUT	TIMEOUT	60.389178876	26.13248	false(unreach-call)	0.26629062	11.702272	1	/Users/sujie/Documents/Codes/sv-benchmarks/c/pthread-wmm/mix038.opt.c	False	6614	187	3	0	0	18	3	2	0	3	171	no_loops	False	True	False	True	False	loop-free weak-memory encoding / explicit-schedule explosion
pthread-wmm/mix038_tso.oepc.yml	pthread-wmm	false	TIMEOUT	TIMEOUT	TIMEOUT	60.943594827	26.243072	false(unreach-call)	0.269575	11.792384	1	/Users/sujie/Documents/Codes/sv-benchmarks/c/pthread-wmm/mix038_tso.oepc.c	False	8502	210	3	0	0	18	3	2	0	3	223	no_loops	False	True	False	True	False	loop-free weak-memory encoding / explicit-schedule explosion
pthread-wmm/mix039.oepc.yml	pthread-wmm	false	TIMEOUT	TIMEOUT	TIMEOUT	60.506075805	26.288128	false(unreach-call)	0.31728412	13.787136	1	/Users/sujie/Documents/Codes/sv-benchmarks/c/pthread-wmm/mix039.oepc.c	False	8700	227	4	0	0	22	3	2	0	4	253	no_loops	False	True	False	True	False	loop-free weak-memory encoding / explicit-schedule explosion
pthread-wmm/mix039.opt.yml	pthread-wmm	false	TIMEOUT	TIMEOUT	TIMEOUT	60.678818698	26.259456	false(unreach-call)	0.281302135	11.812864	1	/Users/sujie/Documents/Codes/sv-benchmarks/c/pthread-wmm/mix039.opt.c	False	7233	212	4	0	0	22	3	2	0	4	175	no_loops	False	True	False	True	False	loop-free weak-memory encoding / explicit-schedule explosion
pthread-wmm/mix040.opt.yml	pthread-wmm	false	TIMEOUT	TIMEOUT	TIMEOUT	60.721216719	26.128384	false(unreach-call)	0.272398379	11.743232	1	/Users/sujie/Documents/Codes/sv-benchmarks/c/pthread-wmm/mix040.opt.c	False	7139	210	4	0	0	22	3	2	0	4	175	no_loops	False	True	False	True	False	loop-free weak-memory encoding / explicit-schedule explosion
pthread-wmm/mix040_power.oepc_pso.oepc_rmo.oepc.yml	pthread-wmm	false	TIMEOUT	TIMEOUT	TIMEOUT	60.979827243	26.329088	false(unreach-call)	0.286403205	13.533184	1	/Users/sujie/Documents/Codes/sv-benchmarks/c/pthread-wmm/mix040_power.oepc_pso.oepc_rmo.oepc.c	False	8606	225	4	0	0	22	3	2	0	4	253	no_loops	False	True	False	True	False	loop-free weak-memory encoding / explicit-schedule explosion
pthread-wmm/mix040_tso.oepc.yml	pthread-wmm	false	TIMEOUT	TIMEOUT	TIMEOUT	60.677932054	26.300416	false(unreach-call)	0.293291228	12.914688	1	/Users/sujie/Documents/Codes/sv-benchmarks/c/pthread-wmm/mix040_tso.oepc.c	False	9027	233	4	0	0	22	3	2	0	4	227	no_loops	False	True	False	True	False	loop-free weak-memory encoding / explicit-schedule explosion
pthread-wmm/mix042.opt.yml	pthread-wmm	false	TIMEOUT	TIMEOUT	TIMEOUT	60.173437283	26.25536	false(unreach-call)	0.263096302	11.853824	1	/Users/sujie/Documents/Codes/sv-benchmarks/c/pthread-wmm/mix042.opt.c	False	8013	205	3	0	0	18	3	2	0	3	197	no_loops	False	True	False	True	False	loop-free weak-memory encoding / explicit-schedule explosion
pthread-wmm/mix043.oepc.yml	pthread-wmm	false	TIMEOUT	TIMEOUT	TIMEOUT	60.638949282	26.345472	false(unreach-call)	0.327737345	13.795328	1	/Users/sujie/Documents/Codes/sv-benchmarks/c/pthread-wmm/mix043.oepc.c	False	8700	227	4	0	0	22	3	2	0	4	253	no_loops	False	True	False	True	False	loop-free weak-memory encoding / explicit-schedule explosion
pthread-wmm/mix043.opt.yml	pthread-wmm	false	TIMEOUT	TIMEOUT	TIMEOUT	60.63261118	26.226688	false(unreach-call)	0.277403911	12.238848	1	/Users/sujie/Documents/Codes/sv-benchmarks/c/pthread-wmm/mix043.opt.c	False	8632	230	4	0	0	22	3	2	0	4	201	no_loops	False	True	False	True	False	loop-free weak-memory encoding / explicit-schedule explosion
pthread-wmm/mix044.opt.yml	pthread-wmm	false	TIMEOUT	TIMEOUT	TIMEOUT	60.692397799	26.23488	false(unreach-call)	0.279580401	12.20608	1	/Users/sujie/Documents/Codes/sv-benchmarks/c/pthread-wmm/mix044.opt.c	False	8538	228	4	0	0	22	3	2	0	4	201	no_loops	False	True	False	True	False	loop-free weak-memory encoding / explicit-schedule explosion
pthread-wmm/mix044_power.oepc_pso.oepc_rmo.oepc.yml	pthread-wmm	false	TIMEOUT	TIMEOUT	TIMEOUT	60.720374401	26.3168	false(unreach-call)	0.291366167	13.627392	1	/Users/sujie/Documents/Codes/sv-benchmarks/c/pthread-wmm/mix044_power.oepc_pso.oepc_rmo.oepc.c	False	8606	225	4	0	0	22	3	2	0	4	253	no_loops	False	True	False	True	False	loop-free weak-memory encoding / explicit-schedule explosion
pthread-wmm/mix044_tso.oepc.yml	pthread-wmm	false	TIMEOUT	TIMEOUT	TIMEOUT	60.526909013	26.312704	false(unreach-call)	0.343287242	13.848576	1	/Users/sujie/Documents/Codes/sv-benchmarks/c/pthread-wmm/mix044_tso.oepc.c	False	9516	238	4	0	0	22	3	2	0	4	253	no_loops	False	True	False	True	False	loop-free weak-memory encoding / explicit-schedule explosion
pthread-wmm/mix045_power.opt_pso.opt_rmo.opt_tso.oepc_tso.opt.yml	pthread-wmm	false	TIMEOUT	TIMEOUT	TIMEOUT	60.630337595	26.210304	false(unreach-call)	0.262981107	11.759616	1	/Users/sujie/Documents/Codes/sv-benchmarks/c/pthread-wmm/mix045_power.opt_pso.opt_rmo.opt_tso.oepc_tso.opt.c	False	7919	203	3	0	0	18	3	2	0	3	197	no_loops	False	True	False	True	False	loop-free weak-memory encoding / explicit-schedule explosion
pthread-wmm/mix046.oepc.yml	pthread-wmm	false	TIMEOUT	TIMEOUT	TIMEOUT	60.734214075	26.333184	false(unreach-call)	0.305662104	13.668352	1	/Users/sujie/Documents/Codes/sv-benchmarks/c/pthread-wmm/mix046.oepc.c	False	8606	225	4	0	0	22	3	2	0	4	253	no_loops	False	True	False	True	False	loop-free weak-memory encoding / explicit-schedule explosion
pthread-wmm/mix046.opt.yml	pthread-wmm	false	TIMEOUT	TIMEOUT	TIMEOUT	60.661898471	26.333184	false(unreach-call)	0.283184691	12.238848	1	/Users/sujie/Documents/Codes/sv-benchmarks/c/pthread-wmm/mix046.opt.c	False	8538	228	4	0	0	22	3	2	0	4	201	no_loops	False	True	False	True	False	loop-free weak-memory encoding / explicit-schedule explosion
pthread-wmm/mix047_power.oepc_pso.oepc_rmo.oepc.yml	pthread-wmm	false	TIMEOUT	TIMEOUT	TIMEOUT	60.6529781	26.312704	false(unreach-call)	0.323224208	13.631488	1	/Users/sujie/Documents/Codes/sv-benchmarks/c/pthread-wmm/mix047_power.oepc_pso.oepc_rmo.oepc.c	False	8512	223	4	0	0	22	3	2	0	4	253	no_loops	False	True	False	True	False	loop-free weak-memory encoding / explicit-schedule explosion
pthread-wmm/mix047_power.opt_pso.opt_rmo.opt_tso.oepc_tso.opt.yml	pthread-wmm	false	TIMEOUT	TIMEOUT	TIMEOUT	60.76502519	26.27584	false(unreach-call)	0.277952077	12.26752	1	/Users/sujie/Documents/Codes/sv-benchmarks/c/pthread-wmm/mix047_power.opt_pso.opt_rmo.opt_tso.oepc_tso.opt.c	False	8444	226	4	0	0	22	3	2	0	4	201	no_loops	False	True	False	True	False	loop-free weak-memory encoding / explicit-schedule explosion
pthread-wmm/mix050.yml	pthread-wmm	false	TIMEOUT	TIMEOUT	TIMEOUT	60.621558179	26.329088	false(unreach-call)	0.30268176	13.635584	1	/Users/sujie/Documents/Codes/sv-benchmarks/c/pthread-wmm/mix050.c	False	8538	219	4	0	0	20	3	2	0	4	253	no_loops	False	True	False	True	False	loop-free weak-memory encoding / explicit-schedule explosion
pthread-wmm/mix051_power.oepc_power.opt_pso.oepc_rmo.oepc.yml	pthread-wmm	false	TIMEOUT	TIMEOUT	TIMEOUT	60.882981192	26.271744	false(unreach-call)	0.369115544	13.852672	1	/Users/sujie/Documents/Codes/sv-benchmarks/c/pthread-wmm/mix051_power.oepc_power.opt_pso.oepc_rmo.oepc.c	False	8444	217	4	0	0	20	3	2	0	4	253	no_loops	False	True	False	True	False	loop-free weak-memory encoding / explicit-schedule explosion
pthread-wmm/mix051_pso.opt_rmo.opt_tso.opt.yml	pthread-wmm	false	TIMEOUT	TIMEOUT	TIMEOUT	60.532865319	26.148864	false(unreach-call)	0.276088775	11.780096	1	/Users/sujie/Documents/Codes/sv-benchmarks/c/pthread-wmm/mix051_pso.opt_rmo.opt_tso.opt.c	False	6977	202	4	0	0	20	3	2	0	4	175	no_loops	False	True	False	True	False	loop-free weak-memory encoding / explicit-schedule explosion
pthread-wmm/mix051_tso.oepc.yml	pthread-wmm	false	TIMEOUT	TIMEOUT	TIMEOUT	60.360714473	26.341376	false(unreach-call)	0.316834587	13.574144	1	/Users/sujie/Documents/Codes/sv-benchmarks/c/pthread-wmm/mix051_tso.oepc.c	False	9354	230	4	0	0	20	3	2	0	4	253	no_loops	False	True	False	True	False	loop-free weak-memory encoding / explicit-schedule explosion
pthread-wmm/mix052_pso.opt_rmo.opt_tso.opt.yml	pthread-wmm	false	TIMEOUT	TIMEOUT	TIMEOUT	60.86894557	26.19392	false(unreach-call)	0.261094993	11.739136	1	/Users/sujie/Documents/Codes/sv-benchmarks/c/pthread-wmm/mix052_pso.opt_rmo.opt_tso.opt.c	False	6358	177	3	0	0	16	3	2	0	3	171	no_loops	False	True	False	True	False	loop-free weak-memory encoding / explicit-schedule explosion
pthread-wmm/mix052_tso.oepc.yml	pthread-wmm	false	TIMEOUT	TIMEOUT	TIMEOUT	60.320505513	26.29632	false(unreach-call)	0.269636799	11.808768	1	/Users/sujie/Documents/Codes/sv-benchmarks/c/pthread-wmm/mix052_tso.oepc.c	False	8246	200	3	0	0	16	3	2	0	3	223	no_loops	False	True	False	True	False	loop-free weak-memory encoding / explicit-schedule explosion
pthread-wmm/mix053.opt.yml	pthread-wmm	false	TIMEOUT	TIMEOUT	TIMEOUT	60.851107564	26.230784	false(unreach-call)	0.270169671	11.800576	1	/Users/sujie/Documents/Codes/sv-benchmarks/c/pthread-wmm/mix053.opt.c	False	6883	200	4	0	0	20	3	2	0	4	175	no_loops	False	True	False	True	False	loop-free weak-memory encoding / explicit-schedule explosion
pthread-wmm/mix053_power.oepc_pso.oepc_rmo.oepc.yml	pthread-wmm	false	TIMEOUT	TIMEOUT	TIMEOUT	60.814936193	26.312704	false(unreach-call)	0.290660443	13.381632	1	/Users/sujie/Documents/Codes/sv-benchmarks/c/pthread-wmm/mix053_power.oepc_pso.oepc_rmo.oepc.c	False	8350	215	4	0	0	20	3	2	0	4	253	no_loops	False	True	False	True	False	loop-free weak-memory encoding / explicit-schedule explosion
pthread-wmm/mix053_tso.oepc.yml	pthread-wmm	false	TIMEOUT	TIMEOUT	TIMEOUT	60.55578078	26.353664	false(unreach-call)	0.283182928	12.607488	1	/Users/sujie/Documents/Codes/sv-benchmarks/c/pthread-wmm/mix053_tso.oepc.c	False	8771	223	4	0	0	20	3	2	0	4	227	no_loops	False	True	False	True	False	loop-free weak-memory encoding / explicit-schedule explosion
pthread-wmm/mix055.opt.yml	pthread-wmm	false	TIMEOUT	TIMEOUT	TIMEOUT	60.554369785	26.247168	false(unreach-call)	0.282855372	12.070912	1	/Users/sujie/Documents/Codes/sv-benchmarks/c/pthread-wmm/mix055.opt.c	False	8282	218	4	0	0	20	3	2	0	4	201	no_loops	False	True	False	True	False	loop-free weak-memory encoding / explicit-schedule explosion
pthread-wmm/mix055_power.oepc_pso.oepc_rmo.oepc.yml	pthread-wmm	false	TIMEOUT	TIMEOUT	TIMEOUT	60.68082787	26.25536	false(unreach-call)	0.292492043	13.37344	1	/Users/sujie/Documents/Codes/sv-benchmarks/c/pthread-wmm/mix055_power.oepc_pso.oepc_rmo.oepc.c	False	8350	215	4	0	0	20	3	2	0	4	253	no_loops	False	True	False	True	False	loop-free weak-memory encoding / explicit-schedule explosion
pthread-wmm/mix055_tso.oepc.yml	pthread-wmm	false	TIMEOUT	TIMEOUT	TIMEOUT	60.205432921	26.349568	false(unreach-call)	0.324766218	13.504512	1	/Users/sujie/Documents/Codes/sv-benchmarks/c/pthread-wmm/mix055_tso.oepc.c	False	9260	228	4	0	0	20	3	2	0	4	253	no_loops	False	True	False	True	False	loop-free weak-memory encoding / explicit-schedule explosion
pthread-wmm/mix056_power.opt_pso.opt_rmo.opt_tso.oepc_tso.opt.yml	pthread-wmm	false	TIMEOUT	TIMEOUT	TIMEOUT	60.778789026	26.284032	false(unreach-call)	0.257708742	11.6736	1	/Users/sujie/Documents/Codes/sv-benchmarks/c/pthread-wmm/mix056_power.opt_pso.opt_rmo.opt_tso.oepc_tso.opt.c	False	7663	193	3	0	0	16	3	2	0	3	197	no_loops	False	True	False	True	False	loop-free weak-memory encoding / explicit-schedule explosion
pthread-wmm/mix057_power.oepc_pso.oepc_rmo.oepc.yml	pthread-wmm	false	TIMEOUT	TIMEOUT	TIMEOUT	60.435073933	26.345472	false(unreach-call)	0.311632743	13.479936	1	/Users/sujie/Documents/Codes/sv-benchmarks/c/pthread-wmm/mix057_power.oepc_pso.oepc_rmo.oepc.c	False	8256	213	4	0	0	20	3	2	0	4	253	no_loops	False	True	False	True	False	loop-free weak-memory encoding / explicit-schedule explosion
pthread-wmm/mix057_power.opt_pso.opt_rmo.opt_tso.oepc_tso.opt.yml	pthread-wmm	false	TIMEOUT	TIMEOUT	TIMEOUT	60.656200956	26.308608	false(unreach-call)	0.282574635	11.988992	1	/Users/sujie/Documents/Codes/sv-benchmarks/c/pthread-wmm/mix057_power.opt_pso.opt_rmo.opt_tso.oepc_tso.opt.c	False	8188	216	4	0	0	20	3	2	0	4	201	no_loops	False	True	False	True	False	loop-free weak-memory encoding / explicit-schedule explosion
pthread-wmm/rfi006_pso.oepc_pso.opt_tso.oepc_tso.opt.yml	pthread-wmm	false	TIMEOUT	TIMEOUT	TIMEOUT	61.001459549	26.353664	false(unreach-call)	0.278851705	12.82048	1	/Users/sujie/Documents/Codes/sv-benchmarks/c/pthread-wmm/rfi006_pso.oepc_pso.opt_tso.oepc_tso.opt.c	False	10004	213	3	0	0	16	5	2	0	3	310	no_loops	False	True	False	True	False	loop-free weak-memory encoding / explicit-schedule explosion
pthread-wmm/rfi009_power.opt_pso.oepc_pso.opt_rmo.opt_tso.oepc_tso.opt.yml	pthread-wmm	false	TIMEOUT	TIMEOUT	TIMEOUT	60.623764686	26.402816	false(unreach-call)	0.268292751	11.972608	1	/Users/sujie/Documents/Codes/sv-benchmarks/c/pthread-wmm/rfi009_power.opt_pso.oepc_pso.opt_rmo.opt_tso.oepc_tso.opt.c	False	8742	198	3	0	0	16	6	2	0	3	284	no_loops	False	True	False	True	False	loop-free weak-memory encoding / explicit-schedule explosion
pthread-wmm/safe000_power.opt.yml	pthread-wmm	false	TIMEOUT	TIMEOUT	TIMEOUT	60.296343224	26.447872	false(unreach-call)	0.270883385	12.36992	1	/Users/sujie/Documents/Codes/sv-benchmarks/c/pthread-wmm/safe000_power.opt.c	False	9615	215	3	0	0	16	5	2	0	3	286	no_loops	False	True	False	True	False	loop-free weak-memory encoding / explicit-schedule explosion
pthread-wmm/safe000_pso.oepc_pso.opt_tso.oepc_tso.opt.yml	pthread-wmm	true	TIMEOUT	TIMEOUT	TIMEOUT	60.21200294	25.894912	true	0.224917253	11.350016	1	/Users/sujie/Documents/Codes/sv-benchmarks/c/pthread-wmm/safe000_pso.oepc_pso.opt_tso.oepc_tso.opt.c	False	3165	129	3	0	0	16	1	2	0	3	0	no_loops	False	False	True	True	False	loop-free weak-memory encoding / explicit-schedule explosion
pthread-wmm/safe001_power.opt_pso.oepc_pso.opt_rmo.opt.yml	pthread-wmm	false	TIMEOUT	TIMEOUT	TIMEOUT	60.96156965	26.329088	false(unreach-call)	0.265061606	11.776	1	/Users/sujie/Documents/Codes/sv-benchmarks/c/pthread-wmm/safe001_power.opt_pso.oepc_pso.opt_rmo.opt.c	False	9044	213	3	0	0	16	3	2	0	3	223	no_loops	False	True	False	True	False	loop-free weak-memory encoding / explicit-schedule explosion
pthread-wmm/safe001_tso.yml	pthread-wmm	true	TIMEOUT	TIMEOUT	TIMEOUT	61.001793606	25.837568	true	0.230564808	11.374592	1	/Users/sujie/Documents/Codes/sv-benchmarks/c/pthread-wmm/safe001_tso.c	False	3071	127	3	0	0	16	1	2	0	3	0	no_loops	False	False	True	True	False	loop-free weak-memory encoding / explicit-schedule explosion
pthread-wmm/safe002_power.opt_pso.oepc_pso.opt_rmo.opt.yml	pthread-wmm	false	TIMEOUT	TIMEOUT	TIMEOUT	60.694009309	26.140672	false(unreach-call)	0.256824797	11.743232	1	/Users/sujie/Documents/Codes/sv-benchmarks/c/pthread-wmm/safe002_power.opt_pso.oepc_pso.opt_rmo.opt.c	False	7080	185	3	0	0	16	4	2	0	3	197	no_loops	False	True	False	True	False	loop-free weak-memory encoding / explicit-schedule explosion
pthread-wmm/safe002_tso.yml	pthread-wmm	true	TIMEOUT	TIMEOUT	TIMEOUT	60.171342634	25.86624	true	0.2243367	11.3664	1	/Users/sujie/Documents/Codes/sv-benchmarks/c/pthread-wmm/safe002_tso.c	False	3165	129	3	0	0	16	1	2	0	3	0	no_loops	False	False	True	True	False	loop-free weak-memory encoding / explicit-schedule explosion
pthread-wmm/safe003_power.opt.yml	pthread-wmm	false	TIMEOUT	TIMEOUT	TIMEOUT	60.607221446	26.370048	false(unreach-call)	0.276146044	12.468224	1	/Users/sujie/Documents/Codes/sv-benchmarks/c/pthread-wmm/safe003_power.opt.c	False	9615	215	3	0	0	16	5	2	0	3	286	no_loops	False	True	False	True	False	loop-free weak-memory encoding / explicit-schedule explosion
pthread-wmm/safe003_tso.yml	pthread-wmm	true	TIMEOUT	TIMEOUT	TIMEOUT	61.003961646	25.837568	true	0.227806942	11.350016	1	/Users/sujie/Documents/Codes/sv-benchmarks/c/pthread-wmm/safe003_tso.c	False	3165	129	3	0	0	16	1	2	0	3	0	no_loops	False	False	True	True	False	loop-free weak-memory encoding / explicit-schedule explosion
pthread-wmm/safe004_power.opt_pso.opt_rmo.opt.yml	pthread-wmm	false	TIMEOUT	TIMEOUT	TIMEOUT	60.562303599	26.288128	false(unreach-call)	0.263643998	11.747328	1	/Users/sujie/Documents/Codes/sv-benchmarks/c/pthread-wmm/safe004_power.opt_pso.opt_rmo.opt.c	False	9044	213	3	0	0	16	3	2	0	3	223	no_loops	False	True	False	True	False	loop-free weak-memory encoding / explicit-schedule explosion
pthread-wmm/safe004_tso.yml	pthread-wmm	true	TIMEOUT	TIMEOUT	TIMEOUT	60.953140254	25.952256	true	0.228901236	11.268096	1	/Users/sujie/Documents/Codes/sv-benchmarks/c/pthread-wmm/safe004_tso.c	False	3071	127	3	0	0	16	1	2	0	3	0	no_loops	False	False	True	True	False	loop-free weak-memory encoding / explicit-schedule explosion
pthread-wmm/safe005_power.oepc_power.opt_pso.oepc_pso.opt_rmo.oepc_rmo.opt.yml	pthread-wmm	false	TIMEOUT	TIMEOUT	TIMEOUT	60.844252086	26.25536	false(unreach-call)	0.271009822	11.776	1	/Users/sujie/Documents/Codes/sv-benchmarks/c/pthread-wmm/safe005_power.oepc_power.opt_pso.oepc_pso.opt_rmo.oepc_rmo.opt.c	False	7136	187	3	0	0	17	4	2	0	3	197	no_loops	False	True	False	True	False	loop-free weak-memory encoding / explicit-schedule explosion
pthread-wmm/safe005_tso.yml	pthread-wmm	true	TIMEOUT	TIMEOUT	TIMEOUT	60.621405223	25.931776	true	0.230255972	11.350016	1	/Users/sujie/Documents/Codes/sv-benchmarks/c/pthread-wmm/safe005_tso.c	False	3221	131	3	0	0	17	1	2	0	3	0	no_loops	False	False	True	True	False	loop-free weak-memory encoding / explicit-schedule explosion
pthread-wmm/safe007_power.opt-thin001_power.opt.yml	pthread-wmm	false	TIMEOUT	TIMEOUT	TIMEOUT	60.532627352	26.251264	false(unreach-call)	0.26258155	11.845632	1	/Users/sujie/Documents/Codes/sv-benchmarks/c/pthread-wmm/safe007_power.opt-thin001_power.opt.c	False	9138	212	3	0	0	16	5	2	0	3	260	no_loops	False	True	False	True	False	loop-free weak-memory encoding / explicit-schedule explosion
pthread-wmm/safe007_pso.oepc_pso.opt_tso.oepc_tso.opt-thin001_pso.oepc_pso.opt_tso.oepc_tso.opt.yml	pthread-wmm	true	TIMEOUT	TIMEOUT	TIMEOUT	60.483437873	25.923584	true	0.222324536	11.374592	1	/Users/sujie/Documents/Codes/sv-benchmarks/c/pthread-wmm/safe007_pso.oepc_pso.opt_tso.oepc_tso.opt-thin001_pso.oepc_pso.opt_tso.oepc_tso.opt.c	False	3177	131	3	0	0	16	1	2	0	3	0	no_loops	False	False	True	True	False	loop-free weak-memory encoding / explicit-schedule explosion
pthread-wmm/safe008_power.opt.yml	pthread-wmm	false	TIMEOUT	TIMEOUT	TIMEOUT	60.045217002	26.345472	false(unreach-call)	0.272280217	12.341248	1	/Users/sujie/Documents/Codes/sv-benchmarks/c/pthread-wmm/safe008_power.opt.c	False	9533	215	3	0	0	16	5	2	0	3	286	no_loops	False	True	False	True	False	loop-free weak-memory encoding / explicit-schedule explosion
pthread-wmm/safe008_tso.yml	pthread-wmm	true	TIMEOUT	TIMEOUT	TIMEOUT	60.168068225	25.960448	true	0.228176252	11.300864	1	/Users/sujie/Documents/Codes/sv-benchmarks/c/pthread-wmm/safe008_tso.c	False	3083	129	3	0	0	16	1	2	0	3	0	no_loops	False	False	True	True	False	loop-free weak-memory encoding / explicit-schedule explosion
pthread-wmm/safe009_power.opt.yml	pthread-wmm	false	TIMEOUT	false(unreach-call)	TIMEOUT	60.713892808	26.427392	false(unreach-call)	0.276586379	12.288	1	/Users/sujie/Documents/Codes/sv-benchmarks/c/pthread-wmm/safe009_power.opt.c	False	9446	210	3	0	0	15	5	2	0	3	286	no_loops	False	True	False	True	False	loop-free weak-memory encoding / explicit-schedule explosion
pthread-wmm/safe009_rmo.opt.yml	pthread-wmm	false	TIMEOUT	false(unreach-call)	TIMEOUT	60.432449515	26.25536	false(unreach-call)	0.277419031	11.79648	1	/Users/sujie/Documents/Codes/sv-benchmarks/c/pthread-wmm/safe009_rmo.opt.c	False	8259	200	3	0	0	15	4	2	0	3	222	no_loops	False	True	False	True	False	loop-free weak-memory encoding / explicit-schedule explosion
pthread-wmm/safe011_power.opt_pso.opt.yml	pthread-wmm	false	TIMEOUT	TIMEOUT	TIMEOUT	60.692564155	26.3168	false(unreach-call)	0.267161317	11.743232	1	/Users/sujie/Documents/Codes/sv-benchmarks/c/pthread-wmm/safe011_power.opt_pso.opt.c	False	8962	213	3	0	0	16	3	2	0	3	223	no_loops	False	True	False	True	False	loop-free weak-memory encoding / explicit-schedule explosion
pthread-wmm/safe011_tso.yml	pthread-wmm	true	TIMEOUT	TIMEOUT	TIMEOUT	60.975102801	25.956352	true	0.234152862	11.247616	1	/Users/sujie/Documents/Codes/sv-benchmarks/c/pthread-wmm/safe011_tso.c	False	2989	127	3	0	0	16	1	2	0	3	0	no_loops	False	False	True	True	False	loop-free weak-memory encoding / explicit-schedule explosion
pthread-wmm/safe012_power.opt.yml	pthread-wmm	false	TIMEOUT	TIMEOUT	TIMEOUT	60.504334879	26.382336	false(unreach-call)	0.270632706	11.894784	1	/Users/sujie/Documents/Codes/sv-benchmarks/c/pthread-wmm/safe012_power.opt.c	False	9138	212	3	0	0	16	5	2	0	3	260	no_loops	False	True	False	True	False	loop-free weak-memory encoding / explicit-schedule explosion
pthread-wmm/safe012_pso.oepc_pso.opt_rmo.opt.yml	pthread-wmm	false	TIMEOUT	TIMEOUT	TIMEOUT	61.000518276	26.165248	false(unreach-call)	0.267002004	11.628544	1	/Users/sujie/Documents/Codes/sv-benchmarks/c/pthread-wmm/safe012_pso.oepc_pso.opt_rmo.opt.c	False	7092	187	3	0	0	16	4	2	0	3	197	no_loops	False	True	False	True	False	loop-free weak-memory encoding / explicit-schedule explosion
pthread-wmm/safe012_tso.yml	pthread-wmm	true	TIMEOUT	TIMEOUT	TIMEOUT	60.495431908	25.976832	true	0.226437842	11.32544	1	/Users/sujie/Documents/Codes/sv-benchmarks/c/pthread-wmm/safe012_tso.c	False	3177	131	3	0	0	16	1	2	0	3	0	no_loops	False	False	True	True	False	loop-free weak-memory encoding / explicit-schedule explosion
pthread-wmm/safe013_power.oepc_power.opt_pso.oepc_pso.opt_rmo.oepc_rmo.opt.yml	pthread-wmm	false	TIMEOUT	TIMEOUT	TIMEOUT	60.84582856	26.27584	false(unreach-call)	0.260279652	11.81696	1	/Users/sujie/Documents/Codes/sv-benchmarks/c/pthread-wmm/safe013_power.oepc_power.opt_pso.oepc_pso.opt_rmo.oepc_rmo.opt.c	False	7054	187	3	0	0	17	4	2	0	3	197	no_loops	False	True	False	True	False	loop-free weak-memory encoding / explicit-schedule explosion
pthread-wmm/safe013_tso.yml	pthread-wmm	true	TIMEOUT	TIMEOUT	TIMEOUT	60.111198369	25.964544	true	0.232617687	11.317248	1	/Users/sujie/Documents/Codes/sv-benchmarks/c/pthread-wmm/safe013_tso.c	False	3139	131	3	0	0	17	1	2	0	3	0	no_loops	False	False	True	True	False	loop-free weak-memory encoding / explicit-schedule explosion
pthread-wmm/safe014_pso.oepc_pso.opt_tso.oepc_tso.opt.yml	pthread-wmm	true	TIMEOUT	TIMEOUT	TIMEOUT	60.757271496	25.88672	true	0.224289305	11.341824	1	/Users/sujie/Documents/Codes/sv-benchmarks/c/pthread-wmm/safe014_pso.oepc_pso.opt_tso.oepc_tso.opt.c	False	3165	129	3	0	0	16	1	2	0	3	0	no_loops	False	False	True	True	False	loop-free weak-memory encoding / explicit-schedule explosion
pthread-wmm/safe014_rmo.opt.yml	pthread-wmm	false	TIMEOUT	TIMEOUT	TIMEOUT	60.774892988	26.56256	false(unreach-call)	0.293117579	12.980224	1	/Users/sujie/Documents/Codes/sv-benchmarks/c/pthread-wmm/safe014_rmo.opt.c	False	12946	253	3	0	0	16	9	2	0	3	370	no_loops	False	True	False	True	False	loop-free weak-memory encoding / explicit-schedule explosion
pthread-wmm/safe015_power.opt.yml	pthread-wmm	false	TIMEOUT	TIMEOUT	TIMEOUT	60.557741023	26.550272	false(unreach-call)	0.293957809	13.139968	1	/Users/sujie/Documents/Codes/sv-benchmarks/c/pthread-wmm/safe015_power.opt.c	False	13779	254	3	0	0	17	10	2	0	3	417	no_loops	False	True	False	True	False	loop-free weak-memory encoding / explicit-schedule explosion
pthread-wmm/safe015_pso.oepc_pso.opt_tso.oepc_tso.opt.yml	pthread-wmm	true	TIMEOUT	TIMEOUT	TIMEOUT	60.984628407	25.894912	true	0.230057477	11.317248	1	/Users/sujie/Documents/Codes/sv-benchmarks/c/pthread-wmm/safe015_pso.oepc_pso.opt_tso.oepc_tso.opt.c	False	3127	129	3	0	0	17	1	2	0	3	0	no_loops	False	False	True	True	False	loop-free weak-memory encoding / explicit-schedule explosion
pthread-wmm/safe015_rmo.yml	pthread-wmm	false	TIMEOUT	TIMEOUT	TIMEOUT	60.634424118	26.468352	false(unreach-call)	0.291812725	12.865536	1	/Users/sujie/Documents/Codes/sv-benchmarks/c/pthread-wmm/safe015_rmo.c	False	12908	253	3	0	0	17	9	2	0	3	370	no_loops	False	True	False	True	False	loop-free weak-memory encoding / explicit-schedule explosion
pthread-wmm/safe016_power.opt.yml	pthread-wmm	false	TIMEOUT	TIMEOUT	TIMEOUT	60.274491507	26.64448	false(unreach-call)	0.303531078	14.299136	1	/Users/sujie/Documents/Codes/sv-benchmarks/c/pthread-wmm/safe016_power.opt.c	False	13394	264	4	0	0	18	7	2	0	4	386	no_loops	False	True	False	True	False	loop-free weak-memory encoding / explicit-schedule explosion
pthread-wmm/safe016_pso.oepc_pso.opt_tso.oepc_tso.opt.yml	pthread-wmm	true	TIMEOUT	TIMEOUT	TIMEOUT	60.647261111	25.944064	true	0.236714168	11.259904	1	/Users/sujie/Documents/Codes/sv-benchmarks/c/pthread-wmm/safe016_pso.oepc_pso.opt_tso.oepc_tso.opt.c	False	3351	139	4	0	0	18	1	2	0	4	0	no_loops	False	False	True	True	False	loop-free weak-memory encoding / explicit-schedule explosion
pthread-wmm/safe016_rmo.opt.yml	pthread-wmm	false	TIMEOUT	TIMEOUT	TIMEOUT	60.621462091	26.525696	false(unreach-call)	0.310471622	14.262272	1	/Users/sujie/Documents/Codes/sv-benchmarks/c/pthread-wmm/safe016_rmo.opt.c	False	12523	263	4	0	0	18	6	2	0	4	339	no_loops	False	True	False	True	False	loop-free weak-memory encoding / explicit-schedule explosion
pthread-wmm/safe018_power.opt.yml	pthread-wmm	false	TIMEOUT	false(unreach-call)	TIMEOUT	60.706639751	26.533888	false(unreach-call)	0.280690027	12.681216	1	/Users/sujie/Documents/Codes/sv-benchmarks/c/pthread-wmm/safe018_power.opt.c	False	10770	221	3	0	0	15	8	2	0	3	347	no_loops	False	True	False	True	False	loop-free weak-memory encoding / explicit-schedule explosion
pthread-wmm/safe018_rmo.opt.yml	pthread-wmm	false	TIMEOUT	TIMEOUT	TIMEOUT	60.966813734	26.386432	false(unreach-call)	0.274520291	12.025856	1	/Users/sujie/Documents/Codes/sv-benchmarks/c/pthread-wmm/safe018_rmo.opt.c	False	9583	211	3	0	0	15	7	2	0	3	283	no_loops	False	True	False	True	False	loop-free weak-memory encoding / explicit-schedule explosion
pthread-wmm/safe019_power.opt.yml	pthread-wmm	false	TIMEOUT	TIMEOUT	TIMEOUT	60.650386422	26.54208	false(unreach-call)	0.31640795	14.446592	1	/Users/sujie/Documents/Codes/sv-benchmarks/c/pthread-wmm/safe019_power.opt.c	False	11781	246	4	0	0	18	8	2	0	4	379	no_loops	False	True	False	True	False	loop-free weak-memory encoding / explicit-schedule explosion
pthread-wmm/safe019_pso.oepc_pso.opt_tso.oepc_tso.opt.yml	pthread-wmm	true	TIMEOUT	TIMEOUT	TIMEOUT	60.730142597	25.911296	true	0.235385768	11.436032	1	/Users/sujie/Documents/Codes/sv-benchmarks/c/pthread-wmm/safe019_pso.oepc_pso.opt_tso.oepc_tso.opt.c	False	3445	141	4	0	0	18	1	2	0	4	0	no_loops	False	False	True	True	False	loop-free weak-memory encoding / explicit-schedule explosion
pthread-wmm/safe019_rmo.opt.yml	pthread-wmm	false	TIMEOUT	TIMEOUT	TIMEOUT	60.13084175	26.46016	false(unreach-call)	0.294391297	13.631488	1	/Users/sujie/Documents/Codes/sv-benchmarks/c/pthread-wmm/safe019_rmo.opt.c	False	10559	235	4	0	0	18	7	2	0	4	313	no_loops	False	True	False	True	False	loop-free weak-memory encoding / explicit-schedule explosion
pthread-wmm/safe020_power.yml	pthread-wmm	false	TIMEOUT	TIMEOUT	TIMEOUT	60.998150774	26.476544	false(unreach-call)	0.288550294	12.623872	1	/Users/sujie/Documents/Codes/sv-benchmarks/c/pthread-wmm/safe020_power.c	False	10732	221	3	0	0	16	8	2	0	3	347	no_loops	False	True	False	True	False	loop-free weak-memory encoding / explicit-schedule explosion
pthread-wmm/safe020_pso.oepc_pso.opt_tso.oepc_tso.opt.yml	pthread-wmm	true	TIMEOUT	TIMEOUT	TIMEOUT	60.775241979	25.88672	true	0.223638998	11.403264	1	/Users/sujie/Documents/Codes/sv-benchmarks/c/pthread-wmm/safe020_pso.oepc_pso.opt_tso.oepc_tso.opt.c	False	3052	126	3	0	0	16	1	2	0	3	0	no_loops	False	False	True	True	False	loop-free weak-memory encoding / explicit-schedule explosion
pthread-wmm/safe020_rmo.yml	pthread-wmm	false	TIMEOUT	TIMEOUT	TIMEOUT	60.616669745	26.345472	false(unreach-call)	0.280455593	11.902976	1	/Users/sujie/Documents/Codes/sv-benchmarks/c/pthread-wmm/safe020_rmo.c	False	9545	211	3	0	0	16	7	2	0	3	283	no_loops	False	True	False	True	False	loop-free weak-memory encoding / explicit-schedule explosion
pthread-wmm/safe021_power.opt_pso.opt.yml	pthread-wmm	false	TIMEOUT	TIMEOUT	TIMEOUT	60.99231088	26.198016	false(unreach-call)	0.266598889	11.75552	1	/Users/sujie/Documents/Codes/sv-benchmarks/c/pthread-wmm/safe021_power.opt_pso.opt.c	False	9056	215	3	0	0	16	3	2	0	3	223	no_loops	False	True	False	True	False	loop-free weak-memory encoding / explicit-schedule explosion
pthread-wmm/safe021_tso.yml	pthread-wmm	true	TIMEOUT	TIMEOUT	TIMEOUT	61.004910385	25.882624	true	0.227617226	11.374592	1	/Users/sujie/Documents/Codes/sv-benchmarks/c/pthread-wmm/safe021_tso.c	False	3083	129	3	0	0	16	1	2	0	3	0	no_loops	False	False	True	True	False	loop-free weak-memory encoding / explicit-schedule explosion
pthread-wmm/safe023_power.oepc_power.opt_pso.oepc_pso.opt_rmo.oepc_rmo.opt.yml	pthread-wmm	false	TIMEOUT	TIMEOUT	TIMEOUT	60.617848903	26.550272	false(unreach-call)	0.362393986	15.0528	1	/Users/sujie/Documents/Codes/sv-benchmarks/c/pthread-wmm/safe023_power.oepc_power.opt_pso.oepc_pso.opt_rmo.oepc_rmo.opt.c	False	13078	249	3	0	0	17	8	2	0	3	423	no_loops	False	True	False	True	False	loop-free weak-memory encoding / explicit-schedule explosion
pthread-wmm/safe023_tso.yml	pthread-wmm	true	TIMEOUT	TIMEOUT	TIMEOUT	60.676883264	25.84576	true	0.228695265	11.370496	1	/Users/sujie/Documents/Codes/sv-benchmarks/c/pthread-wmm/safe023_tso.c	False	3221	131	3	0	0	17	1	2	0	3	0	no_loops	False	False	True	True	False	loop-free weak-memory encoding / explicit-schedule explosion
pthread-wmm/safe024_power.oepc_power.opt_pso.oepc_pso.opt_rmo.oepc_rmo.opt.yml	pthread-wmm	false	TIMEOUT	TIMEOUT	TIMEOUT	60.790982538	26.157056	false(unreach-call)	0.260376284	11.718656	1	/Users/sujie/Documents/Codes/sv-benchmarks/c/pthread-wmm/safe024_power.oepc_power.opt_pso.oepc_pso.opt_rmo.oepc_rmo.opt.c	False	7148	189	3	0	0	17	4	2	0	3	197	no_loops	False	True	False	True	False	loop-free weak-memory encoding / explicit-schedule explosion
pthread-wmm/safe024_tso.yml	pthread-wmm	true	TIMEOUT	TIMEOUT	TIMEOUT	60.401992444	25.919488	true	0.228567392	11.370496	1	/Users/sujie/Documents/Codes/sv-benchmarks/c/pthread-wmm/safe024_tso.c	False	3233	133	3	0	0	17	1	2	0	3	0	no_loops	False	False	True	True	False	loop-free weak-memory encoding / explicit-schedule explosion
pthread-wmm/safe025_pso.oepc_pso.opt_tso.oepc_tso.opt.yml	pthread-wmm	true	TIMEOUT	TIMEOUT	TIMEOUT	60.998171771	25.931776	true	0.228532439	11.378688	1	/Users/sujie/Documents/Codes/sv-benchmarks/c/pthread-wmm/safe025_pso.oepc_pso.opt_tso.oepc_tso.opt.c	False	3221	131	3	0	0	17	1	2	0	3	0	no_loops	False	False	True	True	False	loop-free weak-memory encoding / explicit-schedule explosion
pthread-wmm/safe025_rmo.yml	pthread-wmm	false	TIMEOUT	TIMEOUT	TIMEOUT	60.962487242	26.574848	false(unreach-call)	0.285490986	12.931072	1	/Users/sujie/Documents/Codes/sv-benchmarks/c/pthread-wmm/safe025_rmo.c	False	13002	255	3	0	0	17	9	2	0	3	370	no_loops	False	True	False	True	False	loop-free weak-memory encoding / explicit-schedule explosion
pthread-wmm/safe027_power.opt.yml	pthread-wmm	false	TIMEOUT	TIMEOUT	TIMEOUT	60.627652488	26.488832	false(unreach-call)	0.305166857	14.450688	1	/Users/sujie/Documents/Codes/sv-benchmarks/c/pthread-wmm/safe027_power.opt.c	False	11875	248	4	0	0	18	8	2	0	4	379	no_loops	False	True	False	True	False	loop-free weak-memory encoding / explicit-schedule explosion
pthread-wmm/safe027_pso.oepc_pso.opt_tso.oepc_tso.opt.yml	pthread-wmm	true	TIMEOUT	TIMEOUT	TIMEOUT	60.595102814	25.964544	true	0.235842866	11.436032	1	/Users/sujie/Documents/Codes/sv-benchmarks/c/pthread-wmm/safe027_pso.oepc_pso.opt_tso.oepc_tso.opt.c	False	3539	143	4	0	0	18	1	2	0	4	0	no_loops	False	False	True	True	False	loop-free weak-memory encoding / explicit-schedule explosion
pthread-wmm/safe028_power.yml	pthread-wmm	false	TIMEOUT	TIMEOUT	TIMEOUT	60.572888488	26.43968	false(unreach-call)	0.282003828	12.71808	1	/Users/sujie/Documents/Codes/sv-benchmarks/c/pthread-wmm/safe028_power.c	False	10826	223	3	0	0	16	8	2	0	3	347	no_loops	False	True	False	True	False	loop-free weak-memory encoding / explicit-schedule explosion
pthread-wmm/safe028_pso.oepc_pso.opt_tso.oepc_tso.opt.yml	pthread-wmm	true	TIMEOUT	TIMEOUT	TIMEOUT	60.974688234	25.890816	true	0.227826622	11.460608	1	/Users/sujie/Documents/Codes/sv-benchmarks/c/pthread-wmm/safe028_pso.oepc_pso.opt_tso.oepc_tso.opt.c	False	3146	128	3	0	0	16	1	2	0	3	0	no_loops	False	False	True	True	False	loop-free weak-memory encoding / explicit-schedule explosion
pthread-wmm/safe028_rmo.yml	pthread-wmm	false	TIMEOUT	TIMEOUT	TIMEOUT	60.176047995	26.382336	false(unreach-call)	0.274591928	12.02176	1	/Users/sujie/Documents/Codes/sv-benchmarks/c/pthread-wmm/safe028_rmo.c	False	9639	213	3	0	0	16	7	2	0	3	283	no_loops	False	True	False	True	False	loop-free weak-memory encoding / explicit-schedule explosion
pthread-wmm/safe030_power.opt_pso.opt_rmo.opt.yml	pthread-wmm	false	TIMEOUT	TIMEOUT	TIMEOUT	61.000252527	26.206208	false(unreach-call)	0.257114653	11.718656	1	/Users/sujie/Documents/Codes/sv-benchmarks/c/pthread-wmm/safe030_power.opt_pso.opt_rmo.opt.c	False	8379	206	3	0	0	16	3	2	0	3	197	no_loops	False	True	False	True	False	loop-free weak-memory encoding / explicit-schedule explosion
pthread-wmm/safe030_tso.yml	pthread-wmm	true	TIMEOUT	TIMEOUT	TIMEOUT	61.005376635	25.923584	true	0.236105129	11.186176	1	/Users/sujie/Documents/Codes/sv-benchmarks/c/pthread-wmm/safe030_tso.c	False	2895	125	3	0	0	16	1	2	0	3	0	no_loops	False	False	True	True	False	loop-free weak-memory encoding / explicit-schedule explosion
pthread-wmm/safe031_power.oepc_pso.oepc_rmo.oepc.yml	pthread-wmm	false	TIMEOUT	TIMEOUT	TIMEOUT	60.460233832	26.19392	false(unreach-call)	0.267616169	11.784192	1	/Users/sujie/Documents/Codes/sv-benchmarks/c/pthread-wmm/safe031_power.oepc_pso.oepc_rmo.oepc.c	False	6960	185	3	0	0	17	4	2	0	3	197	no_loops	False	True	False	True	False	loop-free weak-memory encoding / explicit-schedule explosion
pthread-wmm/safe031_power.opt_pso.opt_rmo.opt.yml	pthread-wmm	false	TIMEOUT	TIMEOUT	TIMEOUT	60.415109029	26.17344	false(unreach-call)	0.260326505	11.689984	1	/Users/sujie/Documents/Codes/sv-benchmarks/c/pthread-wmm/safe031_power.opt_pso.opt_rmo.opt.c	False	8529	210	3	0	0	17	3	2	0	3	197	no_loops	False	True	False	True	False	loop-free weak-memory encoding / explicit-schedule explosion
pthread-wmm/safe031_tso.yml	pthread-wmm	true	TIMEOUT	TIMEOUT	TIMEOUT	61.002080034	25.92768	true	0.226615637	11.317248	1	/Users/sujie/Documents/Codes/sv-benchmarks/c/pthread-wmm/safe031_tso.c	False	3045	129	3	0	0	17	1	2	0	3	0	no_loops	False	False	True	True	False	loop-free weak-memory encoding / explicit-schedule explosion
pthread-wmm/safe032_power.oepc_power.opt_pso.oepc_pso.opt_rmo.oepc_rmo.opt.yml	pthread-wmm	false	TIMEOUT	TIMEOUT	TIMEOUT	60.594376579	26.492928	false(unreach-call)	0.306748509	13.94688	1	/Users/sujie/Documents/Codes/sv-benchmarks/c/pthread-wmm/safe032_power.oepc_power.opt_pso.oepc_pso.opt_rmo.oepc_rmo.opt.c	False	12551	244	3	0	0	18	8	2	0	3	397	no_loops	False	True	False	True	False	loop-free weak-memory encoding / explicit-schedule explosion
pthread-wmm/safe032_tso.yml	pthread-wmm	true	TIMEOUT	TIMEOUT	TIMEOUT	60.994605271	25.931776	true	0.230507155	11.390976	1	/Users/sujie/Documents/Codes/sv-benchmarks/c/pthread-wmm/safe032_tso.c	False	3183	131	3	0	0	18	1	2	0	3	0	no_loops	False	False	True	True	False	loop-free weak-memory encoding / explicit-schedule explosion
pthread-wmm/safe034_power.oepc_power.opt_pso.oepc_pso.opt_rmo.oepc_rmo.opt.yml	pthread-wmm	false	TIMEOUT	TIMEOUT	TIMEOUT	60.985479378	26.136576	false(unreach-call)	0.265861719	11.812864	1	/Users/sujie/Documents/Codes/sv-benchmarks/c/pthread-wmm/safe034_power.oepc_power.opt_pso.oepc_pso.opt_rmo.oepc_rmo.opt.c	False	6578	183	3	0	0	18	3	2	0	3	171	no_loops	False	True	False	True	False	loop-free weak-memory encoding / explicit-schedule explosion
pthread-wmm/safe034_tso.yml	pthread-wmm	true	TIMEOUT	TIMEOUT	TIMEOUT	61.00236264	25.88672	true	0.223968722	11.358208	1	/Users/sujie/Documents/Codes/sv-benchmarks/c/pthread-wmm/safe034_tso.c	False	3195	133	3	0	0	18	1	2	0	3	0	no_loops	False	False	True	True	False	loop-free weak-memory encoding / explicit-schedule explosion
pthread-wmm/safe035_power.yml	pthread-wmm	true	TIMEOUT	TIMEOUT	TIMEOUT	60.844962472	26.68544	true	0.559595122	18.096128	1	/Users/sujie/Documents/Codes/sv-benchmarks/c/pthread-wmm/safe035_power.c	False	15143	266	3	0	0	19	8	2	0	3	523	no_loops	False	False	True	True	False	loop-free weak-memory encoding / explicit-schedule explosion
pthread-wmm/safe035_pso.oepc_pso.opt_rmo.oepc_rmo.opt_tso.oepc_tso.opt.yml	pthread-wmm	true	TIMEOUT	TIMEOUT	TIMEOUT	60.358862121	25.952256	true	0.216662364	11.32544	1	/Users/sujie/Documents/Codes/sv-benchmarks/c/pthread-wmm/safe035_pso.oepc_pso.opt_rmo.oepc_rmo.opt_tso.oepc_tso.opt.c	False	3333	135	3	0	0	19	1	2	0	3	0	no_loops	False	False	True	True	False	loop-free weak-memory encoding / explicit-schedule explosion
pthread-wmm/safe037.yml	pthread-wmm	true	TIMEOUT	TIMEOUT	TIMEOUT	60.037103988	25.903104	true	0.223180556	11.337728	1	/Users/sujie/Documents/Codes/sv-benchmarks/c/pthread-wmm/safe037.c	False	3345	137	3	0	0	19	1	2	0	3	0	no_loops	False	False	True	True	False	loop-free weak-memory encoding / explicit-schedule explosion
pthread-wmm/thin002_power.opt.yml	pthread-wmm	false	TIMEOUT	TIMEOUT	TIMEOUT	60.525028565	26.394624	false(unreach-call)	0.289367861	12.931072	1	/Users/sujie/Documents/Codes/sv-benchmarks/c/pthread-wmm/thin002_power.opt.c	False	9841	239	4	0	0	20	5	2	0	4	266	no_loops	False	True	False	True	False	loop-free weak-memory encoding / explicit-schedule explosion
pthread-wmm/thin002_pso.oepc_pso.opt_tso.oepc_tso.opt.yml	pthread-wmm	true	TIMEOUT	TIMEOUT	TIMEOUT	60.678420406	25.890816	true	0.23803073	11.354112	1	/Users/sujie/Documents/Codes/sv-benchmarks/c/pthread-wmm/thin002_pso.oepc_pso.opt_tso.oepc_tso.opt.c	False	3713	153	4	0	0	20	1	2	0	4	0	no_loops	False	False	True	True	False	loop-free weak-memory encoding / explicit-schedule explosion
pthread/fib_safe-10.yml	pthread	true	TIMEOUT	TIMEOUT	TIMEOUT	60.982155152	25.956352	true	18.77768647	98.041856	1	/Users/sujie/Documents/Codes/sv-benchmarks/c/pthread/fib_safe-10.c	False	410	11	0	0	0	0	0	0	0	0	0	suggested_finite_bound	False	False	True	False	True	finite non-WMM exploration explosion
pthread/fib_safe-11.yml	pthread	true	TIMEOUT	TIMEOUT	TIMEOUT	60.783442118	25.82528	true	54.802629358	133.341184	1	/Users/sujie/Documents/Codes/sv-benchmarks/c/pthread/fib_safe-11.c	False	410	11	0	0	0	0	0	0	0	0	0	suggested_finite_bound	False	False	True	False	True	finite non-WMM exploration explosion
pthread/fib_safe-7.yml	pthread	true	TIMEOUT	true	TIMEOUT	60.489857387	25.82528	true	4.194805295	46.845952	1	/Users/sujie/Documents/Codes/sv-benchmarks/c/pthread/fib_safe-7.c	False	409	11	0	0	0	0	0	0	0	0	0	suggested_finite_bound	False	False	True	False	True	finite non-WMM exploration explosion
pthread/fib_unsafe-10.yml	pthread	false	TIMEOUT	TIMEOUT	TIMEOUT	60.964474815	25.882624	false(unreach-call)	12.397032199	90.669056	1	/Users/sujie/Documents/Codes/sv-benchmarks/c/pthread/fib_unsafe-10.c	False	412	11	0	0	0	0	0	0	0	0	0	suggested_finite_bound	False	True	False	False	True	finite non-WMM exploration explosion
pthread/fib_unsafe-11.yml	pthread	false	TIMEOUT	TIMEOUT	TIMEOUT	60.40037795	25.821184	false(unreach-call)	27.183621221	116.92032	1	/Users/sujie/Documents/Codes/sv-benchmarks/c/pthread/fib_unsafe-11.c	False	412	11	0	0	0	0	0	0	0	0	0	suggested_finite_bound	False	True	False	False	True	finite non-WMM exploration explosion
pthread/fib_unsafe-12.yml	pthread	false	TIMEOUT	TIMEOUT	TIMEOUT	60.260554131	25.915392	false(unreach-call)	51.664750709	155.127808	1	/Users/sujie/Documents/Codes/sv-benchmarks/c/pthread/fib_unsafe-12.c	False	412	11	0	0	0	0	0	0	0	0	0	suggested_finite_bound	False	True	False	False	True	finite non-WMM exploration explosion
pthread/triangular-longer-1.yml	pthread	true	TIMEOUT	TIMEOUT	TIMEOUT	60.223891248	25.94816	true	14.514730215	39.591936	323	/Users/sujie/Documents/Codes/sv-benchmarks/c/pthread/triangular-longer-1.c	False	1241	47	2	0	0	5	0	0	2	2	0	suggested_finite_bound	False	False	True	False	True	loop or repeated-thread/state-space explosion
pthread/triangular-longer-2.yml	pthread	false	TIMEOUT	TIMEOUT	TIMEOUT	60.955623757	25.88672	false(unreach-call)	6.160213969	31.637504	323	/Users/sujie/Documents/Codes/sv-benchmarks/c/pthread/triangular-longer-2.c	False	1243	47	2	0	0	5	0	0	2	2	0	suggested_finite_bound	False	True	False	False	True	loop or repeated-thread/state-space explosion
weaver/popl20-bad-threaded-sum-2.wvr.yml	weaver	true	TIMEOUT	TIMEOUT	TIMEOUT	60.701873574	94.097408	true	4.995487833	65.019904	1029	/Users/sujie/Documents/Codes/sv-benchmarks/c/weaver/popl20-bad-threaded-sum-2.wvr.c	False	2532	82	3	3	0	8	4	3	2	2	0	fallback_bound_3	True	False	True	True	False	unbounded loop / Deagle bounded-TRUE caveat
weaver/popl20-figure3.wvr.yml	weaver	true	TIMEOUT	TIMEOUT	TIMEOUT	61.002449875	111.833088	true	5.135998325	79.343616	1005	/Users/sujie/Documents/Codes/sv-benchmarks/c/weaver/popl20-figure3.wvr.c	False	1975	58	3	3	0	0	4	4	2	2	0	fallback_bound_3	True	False	True	True	False	unbounded loop / Deagle bounded-TRUE caveat
weaver/popl20-more-nonblocking-counter-alt2.wvr.yml	weaver	true	TIMEOUT	TIMEOUT	TIMEOUT	60.934261427	101.134336	true	5.287313051	70.152192	1049	/Users/sujie/Documents/Codes/sv-benchmarks/c/weaver/popl20-more-nonblocking-counter-alt2.wvr.c	False	2203	66	3	3	0	3	4	3	2	2	0	fallback_bound_3	True	False	True	True	False	unbounded loop / Deagle bounded-TRUE caveat
weaver/popl20-mult-equiv.wvr.yml	weaver	true	TIMEOUT	TIMEOUT	TIMEOUT	60.275059778	99.991552	true	5.295606241	68.767744	1508	/Users/sujie/Documents/Codes/sv-benchmarks/c/weaver/popl20-mult-equiv.wvr.c	False	2659	91	4	4	0	8	4	2	3	3	0	fallback_bound_3	True	False	True	True	False	unbounded loop / Deagle bounded-TRUE caveat
weaver/popl20-threaded-sum-3.wvr.yml	weaver	true	TIMEOUT	TIMEOUT	TIMEOUT	60.996248879	108.007424	true	5.072255241	65.18784	1520	/Users/sujie/Documents/Codes/sv-benchmarks/c/weaver/popl20-threaded-sum-3.wvr.c	False	3026	103	4	4	0	11	5	3	3	3	0	fallback_bound_3	True	False	True	True	False	unbounded loop / Deagle bounded-TRUE caveat
weaver/spaghetti.wvr.yml	weaver	true	TIMEOUT	TIMEOUT	TIMEOUT	60.934553891	83.787776	true	5.258112506	76.292096	1967	/Users/sujie/Documents/Codes/sv-benchmarks/c/weaver/spaghetti.wvr.c	False	2371	80	5	5	0	0	10	2	4	4	0	fallback_bound_3	True	False	True	True	False	unbounded loop / Deagle bounded-TRUE caveat
weaver/test-easy11.wvr.yml	weaver	true	TIMEOUT	TIMEOUT	TIMEOUT	54.41906669	25.419776	true	5.102826149	92.114944	999	/Users/sujie/Documents/Codes/sv-benchmarks/c/weaver/test-easy11.wvr.c	False	1870	62	3	3	0	0	3	3	2	2	0	fallback_bound_3	True	False	True	True	False	unbounded loop / Deagle bounded-TRUE caveat
