archive	log	adapter_ns	adaptive_offline	checkpoint_ns	copy_ns	equality_ns	eval_ops	evicted	history_ns	initialize	insert	insert_attempt_ns	materialize_ns	max_active_events	max_base_relation_density_ppm	max_base_relation_pairs	max_current_base_bytes	max_history_base_bytes	max_inactive_events	max_stable_events	offline_evals	offline_ns	oracle	peak_snapshot_equivalent_bytes	peak_undo_bytes	profiled_queries	queue_pushes	rebuild	rebuild_ns	replace	retained_snapshot_equivalent_bytes	retained_undo_bytes	rollback	rollback_insert	rollback_ns	sync_ns	unchanged	value_changes	worklist_ns
perf-caat-pso.2026-07-15_18-43-22.logfiles.zip	caat-pso.perf.13-privatized_66-mine-W-init_true.yml.log	0	0	0	0	0	0	0	0	0	0	0	0	0	0	0	0	0	0	0	0	0	0	0	0	0	0	0	0	0	0	0	0	0	0	0	0	0	0
perf-caat-pso.2026-07-15_18-43-22.logfiles.zip	caat-pso.perf.36-apron_41-threadenter-no-locals_unknown_1_pos.yml.log	0	0	0	0	0	0	0	0	0	0	0	0	0	0	0	0	0	0	0	0	0	0	0	0	0	0	0	0	0	0	0	0	0	0	0	0	0	0
perf-caat-pso.2026-07-15_18-43-22.logfiles.zip	caat-pso.perf.36-apron_16-traces-unprot2_true.yml.log	0	0	0	0	0	0	0	0	0	0	0	0	0	0	0	0	0	0	0	0	0	0	0	0	0	0	0	0	0	0	0	0	0	0	0	0	0	0
perf-caat-pso.2026-07-15_18-43-22.logfiles.zip	caat-pso.perf.13-privatized_57-singlethreaded-unlock_true.yml.log	0	0	865	0	0	0	0	0	1	0	0	18108	6	555555	20	464	464	0	6	1	33047	0	3288	0	1	0	0	33968	0	3288	0	0	0	0	58009	0	0	0
perf-caat-pso.2026-07-15_18-43-22.logfiles.zip	caat-pso.perf.13-privatized_47-refine-protected2_true.yml.log	0	9	2959	0	3411	0	0	0	1	0	0	96866	14	612244	120	1112	1112	7	15	10	316082	0	7464	0	11	0	0	317494	0	7464	0	0	0	0	454965	1	0	0
perf-caat-pso.2026-07-15_18-43-22.logfiles.zip	caat-pso.perf.13-privatized_46-refine-protected1_true.yml.log	0	3	1717	0	1297	0	0	0	1	0	0	47562	14	560000	88	1040	1040	4	14	4	127181	0	7000	0	4	0	0	128135	0	7000	0	0	0	0	193530	0	0	0
perf-caat-pso.2026-07-15_18-43-22.logfiles.zip	caat-pso.perf.36-apron_11-traces-max-simple_true.yml.log	0	9	2937	0	3471	0	0	0	1	0	0	103733	15	604444	136	1184	1184	7	16	10	318120	0	7928	0	11	0	0	319518	0	7928	0	0	0	0	470335	1	0	0
perf-caat-pso.2026-07-15_18-43-22.logfiles.zip	caat-pso.perf.13-privatized_41-traces-ex-7_unknown_1_neg.yml.log	0	0	0	0	0	0	0	0	0	0	0	0	0	0	0	0	0	0	0	0	0	0	0	0	0	0	0	0	0	0	0	0	0	0	0	0	0	0
perf-caat-pso.2026-07-15_18-43-22.logfiles.zip	caat-pso.perf.13-privatized_41-traces-ex-7_unknown_1_pos.yml.log	0	0	863	0	0	0	0	0	1	0	0	22778	13	544378	92	968	968	0	13	1	34791	0	6536	0	1	0	0	35341	0	6536	0	0	0	0	64078	0	0	0
perf-caat-pso.2026-07-15_18-43-22.logfiles.zip	caat-pso.perf.13-privatized_40-traces-ex-6_true.yml.log	0	7	2688	0	2850	0	0	0	1	0	0	106606	19	598337	216	1544	1544	12	21	8	328460	0	10248	0	9	0	0	329854	0	10248	0	0	0	0	477335	1	0	0
perf-caat-pso.2026-07-15_18-43-22.logfiles.zip	caat-pso.perf.13-privatized_44-traces-mine2_true.yml.log	0	2	1513	0	657	0	0	0	1	0	0	51839	14	544378	92	1544	1544	9	21	3	144450	0	10248	0	3	0	0	145371	0	10248	0	0	0	0	213492	0	0	0
perf-caat-pso.2026-07-15_18-43-22.logfiles.zip	caat-pso.perf.13-privatized_58-singlethreaded-lock_true.yml.log	0	0	1045	0	0	0	0	0	1	0	0	22333	6	555555	20	464	464	0	6	1	57111	0	3288	0	1	0	0	58198	0	3288	0	0	0	0	88386	0	0	0
perf-caat-pso.2026-07-15_18-43-22.logfiles.zip	caat-pso.perf.13-privatized_18-first-reads_unknown_2_pos.yml.log	0	0	1159	0	0	0	0	0	1	0	0	18187	8	531250	34	608	608	0	8	1	43699	0	4216	0	1	0	0	44307	0	4216	0	0	0	0	69547	0	0	0
perf-caat-pso.2026-07-15_18-43-22.logfiles.zip	caat-pso.perf.13-privatized_18-first-reads_unknown_1_neg.yml.log	0	0	1019	0	0	0	0	0	1	0	0	17882	8	531250	34	608	608	0	8	1	41239	0	4216	0	1	0	0	41799	0	4216	0	0	0	0	66374	0	0	0
perf-caat-pso.2026-07-15_18-43-22.logfiles.zip	caat-pso.perf.13-privatized_36-traces-ex-3_true.yml.log	0	26	5645	0	8035	0	0	0	1	0	0	298209	21	650887	270	1616	1616	16	22	27	1008650	0	10712	0	29	0	0	1011357	0	10712	0	0	0	0	1426480	2	0	0
perf-caat-pso.2026-07-15_18-43-22.logfiles.zip	caat-pso.perf.13-privatized_18-first-reads_true.yml.log	0	9	2885	0	3360	0	0	0	1	0	0	107277	15	612244	136	1184	1184	7	16	10	325552	0	7928	0	11	0	0	331152	0	7928	0	0	0	0	485804	1	0	0
perf-caat-pso.2026-07-15_18-43-22.logfiles.zip	caat-pso.perf.13-privatized_37-traces-ex-4_true.yml.log	0	27	4763	0	5729	0	0	0	1	0	0	271191	24	614958	342	1832	1832	14	25	28	863192	0	12104	0	29	0	0	865394	0	12104	0	0	0	0	1226109	1	0	0
perf-caat-pso.2026-07-15_18-43-22.logfiles.zip	caat-pso.perf.13-privatized_35-traces-ex-2_true.yml.log	0	29	6823	0	8529	0	0	0	1	0	0	352399	24	628099	342	1832	1832	14	25	30	1244356	0	12104	0	31	0	0	1247730	0	12104	0	0	0	0	1735853	1	0	0
perf-caat-pso.2026-07-15_18-43-22.logfiles.zip	caat-pso.perf.13-privatized_38-traces-ex-4-switch_true.yml.log	0	29	7409	0	8191	0	0	0	1	0	0	354243	24	628099	342	1832	1832	14	25	30	1784781	0	12104	0	31	0	0	1794405	0	12104	0	0	0	0	2284270	1	0	0
perf-caat-pso.2026-07-15_18-43-22.logfiles.zip	caat-pso.perf.13-privatized_19-publish-precision_unknown_2_pos.yml.log	0	0	0	0	0	0	0	0	0	0	0	0	0	0	0	0	0	0	0	0	0	0	0	0	0	0	0	0	0	0	0	0	0	0	0	0	0	0
perf-caat-pso.2026-07-15_18-43-22.logfiles.zip	caat-pso.perf.13-privatized_19-publish-precision_unknown_1_pos.yml.log	0	0	891	0	0	0	0	0	1	0	0	27000	13	639053	108	968	968	0	13	1	35152	0	6536	0	1	0	0	41670	0	6536	0	0	0	0	75460	0	0	0
perf-caat-pso.2026-07-15_18-43-22.logfiles.zip	caat-pso.perf.13-privatized_19-publish-precision_unknown_1_neg.yml.log	0	0	0	0	0	0	0	0	0	0	0	0	0	0	0	0	0	0	0	0	0	0	0	0	0	0	0	0	0	0	0	0	0	0	0	0	0	0
perf-caat-pso.2026-07-15_18-43-22.logfiles.zip	caat-pso.perf.13-privatized_19-publish-precision_unknown_2_neg.yml.log	0	0	931	0	0	0	0	0	1	0	0	23639	13	639053	108	968	968	0	13	1	35709	0	6536	0	1	0	0	36406	0	6536	0	0	0	0	66716	0	0	0
perf-caat-pso.2026-07-15_18-43-22.logfiles.zip	caat-pso.perf.13-privatized_45-traces-per-global-and-current-lock-mine-incomparable_true.yml.log	0	28	6509	0	8418	0	0	0	1	0	0	344269	24	628099	342	1832	1832	14	25	29	1215402	0	12104	0	30	0	0	1218256	0	12104	0	0	0	0	1691825	1	0	0
perf-caat-pso.2026-07-15_18-43-22.logfiles.zip	caat-pso.perf.13-privatized_33-traces-v-matters_true.yml.log	0	9	3215	0	3522	0	0	0	1	0	0	156953	23	604914	320	1976	1976	16	27	10	462455	0	13032	0	11	0	0	463911	0	13032	0	0	0	0	673198	1	0	0
perf-caat-pso.2026-07-15_18-43-22.logfiles.zip	caat-pso.perf.13-privatized_42-traces-ex-mini_true.yml.log	0	19	4756	0	5488	0	0	0	1	0	0	262222	25	627599	388	1904	1904	12	26	20	863186	0	12568	0	21	0	0	865270	0	12568	0	0	0	0	1217293	1	0	0
perf-caat-pso.2026-07-15_18-43-22.logfiles.zip	caat-pso.perf.13-privatized_01-priv_nr_true.yml.log	0	9	3113	0	4070	0	0	0	1	0	0	143604	21	580498	256	1616	1616	10	22	10	428292	0	10712	0	11	0	0	429839	0	10712	0	0	0	0	623053	1	0	0
perf-caat-pso.2026-07-15_18-43-22.logfiles.zip	caat-pso.perf.13-privatized_69-refine-protected-loop-interval_true.yml.log	0	0	813	0	0	0	0	0	1	0	0	20381	10	640000	64	752	752	0	10	1	34875	0	5144	0	1	0	0	35828	0	5144	0	0	0	0	62177	0	0	0
perf-caat-pso.2026-07-15_18-43-22.logfiles.zip	caat-pso.perf.13-privatized_25-struct_nr_true.yml.log	0	9	3159	0	4004	0	0	0	1	0	0	147145	21	580498	256	1616	1616	10	22	10	419658	0	10712	0	11	0	0	421565	0	10712	0	0	0	0	616488	1	0	0
perf-caat-pso.2026-07-15_18-43-22.logfiles.zip	caat-pso.perf.13-privatized_19-publish-precision_true.yml.log	0	32	7291	0	9968	0	0	0	1	0	0	357716	22	642857	254	1688	1688	15	23	33	1256113	0	11176	0	35	0	0	1259233	0	11176	0	0	0	0	1755400	2	0	0
perf-caat-pso.2026-07-15_18-43-22.logfiles.zip	caat-pso.perf.13-privatized_20-publish-regression_true.yml.log	0	17	4637	0	5456	0	0	0	1	0	0	212711	23	632812	288	1760	1760	15	24	18	740932	0	11640	0	19	0	0	747770	0	11640	0	0	0	0	1041437	1	0	0
perf-caat-pso.2026-07-15_18-43-22.logfiles.zip	caat-pso.perf.13-privatized_31-traces-mine-vs-mutex_true.yml.log	0	83	15877	0	22966	0	0	0	1	0	0	1057952	29	628099	486	2192	2192	24	30	84	3888601	0	14424	0	87	0	0	3895740	0	14424	0	0	0	0	5326955	3	0	0
perf-caat-pso.2026-07-15_18-43-22.logfiles.zip	caat-pso.perf.36-apron_17-traces-rpb-litmus_unknown_1_neg.yml.log	0	0	0	0	0	0	0	0	0	0	0	0	0	0	0	0	0	0	0	0	0	0	0	0	0	0	0	0	0	0	0	0	0	0	0	0	0	0
perf-caat-pso.2026-07-15_18-43-22.logfiles.zip	caat-pso.perf.13-privatized_30-traces-oplus-vs-meet_true.yml.log	0	29	6953	0	8156	0	0	0	1	0	0	372999	25	639053	366	1904	1904	14	26	30	1265251	0	12568	0	31	0	0	1273635	0	12568	0	0	0	0	1784237	1	0	0
perf-caat-pso.2026-07-15_18-43-22.logfiles.zip	caat-pso.perf.13-privatized_34-traces-minepp-L-needs-to-be-um_true.yml.log	0	11	3466	0	3808	0	0	0	1	0	0	171121	26	581632	368	2048	2048	19	28	12	569551	0	13496	0	13	0	0	571356	0	13496	0	0	0	0	802254	1	0	0
perf-caat-pso.2026-07-15_18-43-22.logfiles.zip	caat-pso.perf.13-privatized_32-traces-mine-vs-oplus-vs-meet_true.yml.log	0	75	16884	0	25139	0	0	0	1	0	0	1228149	35	642857	728	2624	2624	25	36	76	4364799	0	17208	0	78	0	0	4371262	0	17208	0	0	0	0	5970654	2	0	0
perf-caat-pso.2026-07-15_18-43-22.logfiles.zip	caat-pso.perf.13-privatized_68-pfscan_protected_loop_minimal_interval_true.yml.log	0	0	913	0	0	0	0	0	1	0	0	20640	10	640000	64	752	752	0	10	1	36556	0	5144	0	1	0	0	37476	0	5144	0	0	0	0	64949	0	0	0
perf-caat-pso.2026-07-15_18-43-22.logfiles.zip	caat-pso.perf.13-privatized_29-multiple-protecting2-vesal_true.yml.log	0	87	20879	0	28230	0	0	0	1	0	0	1436713	35	640000	728	2624	2624	24	36	88	5014398	0	17208	0	91	0	0	5026102	0	17208	0	0	0	0	6892276	3	0	0
perf-caat-pso.2026-07-15_18-43-22.logfiles.zip	caat-pso.perf.36-apron_22-traces-write-centered-vs-meet-mutex_true_no-overflow.yml.log	0	0	0	0	0	0	0	0	0	0	0	0	0	0	0	0	0	0	0	0	0	0	0	0	0	0	0	0	0	0	0	0	0	0	0	0	0	0
perf-caat-pso.2026-07-15_18-43-22.logfiles.zip	caat-pso.perf.36-apron_21-traces-cluster-based_true.yml.log	0	85	19449	0	34077	0	0	0	1	0	0	1493421	34	754437	866	2552	2552	20	35	86	4900110	0	16744	0	91	0	0	4908362	0	16744	0	0	0	0	6864515	5	0	0
perf-caat-pso.2026-07-15_18-43-22.logfiles.zip	caat-pso.perf.13-privatized_24-multiple-protecting_true.yml.log	0	425	99391	0	144864	0	0	0	1	0	0	13559206	56	606481	1798	4136	4136	46	57	426	43326555	0	26952	0	432	0	0	43359668	0	26952	0	0	0	0	59300037	6	0	0
perf-caat-pso.2026-07-15_18-43-22.logfiles.zip	caat-pso.perf.14_spin2003.yml.log	0	0	669	0	0	0	0	0	1	0	0	17742	12	611111	88	896	896	0	12	1	34826	0	6072	0	1	0	0	35324	0	6072	0	0	0	0	58033	0	0	0
perf-caat-pso.2026-07-15_18-43-22.logfiles.zip	caat-pso.perf.48_ticket_lock_low_contention_vs-pthread.yml.log	0	0	747	0	0	0	0	0	1	0	0	18444	12	611111	88	896	896	0	12	1	45306	0	6072	0	1	0	0	45728	0	6072	0	0	0	0	69976	0	0	0
perf-caat-pso.2026-07-15_18-43-22.logfiles.zip	caat-pso.perf.29_conditionals_vs.yml.log	0	0	0	0	0	0	0	0	0	0	0	0	0	0	0	0	0	0	0	0	0	0	0	0	0	0	0	0	0	0	0	0	0	0	0	0	0	0
perf-caat-pso.2026-07-15_18-43-22.logfiles.zip	caat-pso.perf.45_monabsex1_vs.yml.log	0	3	1816	0	1274	0	0	0	1	0	0	50139	16	625000	146	1184	1184	4	16	4	137768	0	7928	0	4	0	0	143245	0	7928	0	0	0	0	213750	0	0	0
perf-caat-pso.2026-07-15_18-43-22.logfiles.zip	caat-pso.perf.46_monabsex2_vs.yml.log	0	8	2684	0	2535	0	0	0	1	0	0	98328	21	628099	220	1544	1544	10	21	9	337066	0	10248	0	9	0	0	338027	0	10248	0	0	0	0	474477	0	0	0
perf-caat-pso.2026-07-15_18-43-22.logfiles.zip	caat-pso.perf.stateful01-1.yml.log	0	9	3345	0	2417	0	0	0	1	0	0	195175	31	739583	688	2624	2624	11	36	10	562497	0	17208	0	10	0	0	564161	0	17208	0	0	0	0	813299	0	0	0
perf-caat-pso.2026-07-15_18-43-22.logfiles.zip	caat-pso.perf.01b_inc.yml.log	0	4	1546	0	1463	0	0	0	1	0	0	69029	21	585937	220	1544	1544	5	21	5	209992	0	10248	0	5	0	0	210686	0	10248	0	0	0	0	303706	0	0	0
perf-caat-pso.2026-07-15_18-43-22.logfiles.zip	caat-pso.perf.time_var_mutex.yml.log	0	21	5558	0	6671	0	0	0	1	0	0	413441	30	740740	654	2408	2408	14	33	22	1134911	0	15816	0	23	0	0	1137230	0	15816	0	0	0	0	1661171	1	0	0
perf-caat-pso.2026-07-15_18-43-22.logfiles.zip	caat-pso.perf.stateful01-2.yml.log	0	122	26219	0	44388	0	0	0	1	0	0	2002668	34	743801	826	2624	2624	19	36	123	6884673	0	17208	0	126	0	0	6899774	0	17208	0	0	0	0	9497371	3	0	0
perf-caat-pso.2026-07-15_18-43-22.logfiles.zip	caat-pso.perf.02_inc_cas.yml.log	0	0	0	0	0	0	0	0	0	0	0	0	0	0	0	0	0	0	0	0	0	0	0	0	0	0	0	0	0	0	0	0	0	0	0	0	0	0
perf-caat-pso.2026-07-15_18-43-22.logfiles.zip	caat-pso.perf.13-privatized_27-multiple-protecting2_true.yml.log	0	1545	339611	0	557053	0	0	0	1	0	0	53610813	59	720533	2430	4424	4424	48	61	1546	173328000	0	28808	0	1564	0	0	173453004	0	28808	0	0	0	0	235858113	18	0	0
perf-caat-pso.2026-07-15_18-43-22.logfiles.zip	caat-pso.perf.48_ticket_lock_low_contention_vs.yml.log	0	3	1476	0	1336	0	0	0	1	0	0	66871	25	585937	304	1832	1832	9	25	4	192677	0	12104	0	4	0	0	193372	0	12104	0	0	0	0	282616	0	0	0
perf-caat-pso.2026-07-15_18-43-22.logfiles.zip	caat-pso.perf.28-race_reach_45-escape_racing.yml.log	0	0	772	0	0	0	0	0	1	0	0	27679	19	576177	208	1400	1400	0	19	1	40858	0	9320	0	1	0	0	46887	0	9320	0	0	0	0	80399	0	0	0
perf-caat-pso.2026-07-15_18-43-22.logfiles.zip	caat-pso.perf.28-race_reach_46-escape_racefree.yml.log	0	27	5378	0	8342	0	0	0	1	0	0	370338	28	607709	450	2120	2120	16	29	28	1304926	0	13960	0	29	0	0	1307455	0	13960	0	0	0	0	1800114	1	0	0
perf-caat-pso.2026-07-15_18-43-22.logfiles.zip	caat-pso.perf.circular_buffer_bad.yml.log	0	237	65331	0	108063	0	0	0	1	0	0	15136920	86	717971	4702	12880	12880	45	89	238	46999671	0	83168	0	238	0	0	47024676	0	83168	0	0	0	0	64602698	0	0	0
perf-caat-pso.2026-07-15_18-43-22.logfiles.zip	caat-pso.perf.lazy01.yml.log	0	17	4252	0	5793	0	0	0	1	0	0	257214	26	774400	516	2120	2120	10	29	18	797518	0	13960	0	19	0	0	799343	0	13960	0	0	0	0	1145032	1	0	0
perf-caat-pso.2026-07-15_18-43-22.logfiles.zip	caat-pso.perf.dekker.yml.log	0	34	8606	0	10292	0	0	0	1	0	0	635491	34	740484	790	2552	2552	16	35	35	1959945	0	16744	0	35	0	0	1963377	0	16744	0	0	0	0	2781832	0	0	0
perf-caat-pso.2026-07-15_18-43-22.logfiles.zip	caat-pso.perf.unwind3-1.yml.log	0	2	1191	0	745	0	0	0	1	0	0	44809	18	617283	200	1328	1328	0	18	3	112259	0	8856	0	3	0	0	112818	0	8856	0	0	0	0	172774	0	0	0
perf-caat-pso.2026-07-15_18-43-22.logfiles.zip	caat-pso.perf.dekker-unfair.yml.log	0	36	9067	0	9593	0	0	0	1	0	0	666863	34	740484	790	2552	2552	16	35	37	2038342	0	16744	0	37	0	0	2046311	0	16744	0	0	0	0	2906898	0	0	0
perf-caat-pso.2026-07-15_18-43-22.logfiles.zip	caat-pso.perf.exponential-nondet.yml.log	0	0	0	0	0	0	0	0	0	0	0	0	0	0	0	0	0	0	0	0	0	0	0	0	0	0	0	0	0	0	0	0	0	0	0	0	0	0
perf-caat-pso.2026-07-15_18-43-22.logfiles.zip	caat-pso.perf.szymanski.yml.log	0	377	70329	0	91699	0	0	0	1	0	0	4096502	29	740000	572	2264	2264	20	31	378	17262332	0	14888	0	378	0	0	17290670	0	14888	0	0	0	0	22998986	0	0	0
perf-caat-pso.2026-07-15_18-43-22.logfiles.zip	caat-pso.perf.unwind2-1.yml.log	0	2	1230	0	829	0	0	0	1	0	0	45296	18	709876	230	1328	1328	0	18	3	106347	0	8856	0	3	0	0	106899	0	8856	0	0	0	0	168145	0	0	0
perf-caat-pso.2026-07-15_18-43-22.logfiles.zip	caat-pso.perf.unwind2-100.yml.log	0	2	1225	0	683	0	0	0	1	0	0	44745	18	709876	230	1328	1328	0	18	3	115674	0	8856	0	3	0	0	116238	0	8856	0	0	0	0	176657	0	0	0
perf-caat-pso.2026-07-15_18-43-22.logfiles.zip	caat-pso.perf.43_NetBSD_sysmon_power_sliced.yml.log	0	0	0	0	0	0	0	0	0	0	0	0	0	0	0	0	0	0	0	0	0	0	0	0	0	0	0	0	0	0	0	0	0	0	0	0	0	0
perf-caat-pso.2026-07-15_18-43-22.logfiles.zip	caat-pso.perf.queue_ok.yml.log	0	16	8123	0	33041	0	0	0	1	0	0	12321346	432	684800	113314	218456	218456	210	433	17	44312601	0	1407320	0	18	0	0	44316497	0	1407320	0	0	0	0	57892674	1	0	0
perf-caat-pso.2026-07-15_18-43-22.logfiles.zip	caat-pso.perf.singleton.yml.log	0	19	5335	0	6539	0	0	0	1	0	0	499208	45	847407	1716	3416	3416	22	47	20	1569738	0	22312	0	21	0	0	1571741	0	22312	0	0	0	0	2182931	1	0	0
perf-caat-pso.2026-07-15_18-43-22.logfiles.zip	caat-pso.perf.singleton_with-uninit-problems.yml.log	0	64	15995	0	25277	0	0	0	1	0	0	1570474	45	852352	1716	3488	3488	24	48	65	5383983	0	22776	0	68	0	0	5389350	0	22776	0	0	0	0	7323159	3	0	0
perf-caat-pso.2026-07-15_18-43-22.logfiles.zip	caat-pso.perf.pthread-demo-datarace-3.yml.log	0	39	17554	0	4156	0	0	0	1	0	0	14749290	262	560005	38441	94480	94480	0	262	40	46866717	0	608632	0	40	0	0	46880665	0	608632	0	0	0	0	62814118	0	0	0
perf-caat-pso.2026-07-15_18-43-22.logfiles.zip	caat-pso.perf.twostage_3.yml.log	0	68	22723	0	42631	0	0	0	1	0	0	7544532	99	783081	7528	14608	14608	29	101	69	21177402	0	94304	0	74	0	0	21184697	0	94304	0	0	0	0	29630954	5	0	0
perf-caat-pso.2026-07-15_18-43-22.logfiles.zip	caat-pso.perf.race-1_1-join.yml.log	0	2	1226	0	663	0	0	0	1	0	0	44547	15	640000	144	1184	1184	1	16	3	103009	0	7928	0	3	0	0	103604	0	7928	0	0	0	0	163379	0	0	0
perf-caat-pso.2026-07-15_18-43-22.logfiles.zip	caat-pso.perf.race-1_3-join.yml.log	0	12	3237	0	3286	0	0	0	1	0	0	185996	26	648437	410	2048	2048	12	28	13	590767	0	13496	0	13	0	0	592346	0	13496	0	0	0	0	839371	0	0	0
perf-caat-pso.2026-07-15_18-43-22.logfiles.zip	caat-pso.perf.race-1_2-join.yml.log	0	12	3320	0	3242	0	0	0	1	0	0	189104	26	648437	410	2048	2048	12	28	13	640415	0	13496	0	13	0	0	641893	0	13496	0	0	0	0	891487	0	0	0
perf-caat-pso.2026-07-15_18-43-22.logfiles.zip	caat-pso.perf.race-4_1-thread_local_vars.yml.log	0	0	0	0	0	0	0	0	0	0	0	0	0	0	0	0	0	0	0	0	0	0	0	0	0	0	0	0	0	0	0	0	0	0	0	0	0	0
perf-caat-pso.2026-07-15_18-43-22.logfiles.zip	caat-pso.perf.race-2_1-container_of.yml.log	0	0	0	0	0	0	0	0	0	0	0	0	0	0	0	0	0	0	0	0	0	0	0	0	0	0	0	0	0	0	0	0	0	0	0	0	0	0
perf-caat-pso.2026-07-15_18-43-22.logfiles.zip	caat-pso.perf.race-3_1-container_of-global.yml.log	0	0	0	0	0	0	0	0	0	0	0	0	0	0	0	0	0	0	0	0	0	0	0	0	0	0	0	0	0	0	0	0	0	0	0	0	0	0
perf-caat-pso.2026-07-15_18-43-22.logfiles.zip	caat-pso.perf.reorder_2.yml.log	0	6345	1334715	0	2858179	0	0	0	1	0	0	333678166	80	806938	4914	11872	11872	39	82	6346	1003540202	0	76672	0	6452	0	0	1003925443	0	76672	0	0	0	0	1393015498	106	0	0
perf-caat-pso.2026-07-15_18-43-22.logfiles.zip	caat-pso.perf.28-race_reach_21-deref_read_racing.yml.log	0	0	0	0	0	0	0	0	0	0	0	0	0	0	0	0	0	0	0	0	0	0	0	0	0	0	0	0	0	0	0	0	0	0	0	0	0	0
perf-caat-pso.2026-07-15_18-43-22.logfiles.zip	caat-pso.perf.queue.yml.log	0	2958	723495	0	2990057	0	0	0	1	0	0	671628054	202	737890	23880	59168	59168	107	205	2959	2235581264	0	381200	0	2959	0	0	2235787057	0	381200	0	0	0	0	2983921365	0	0	0
perf-caat-pso.2026-07-15_18-43-22.logfiles.zip	caat-pso.perf.triangular-2.yml.log	0	246975	47581501	0	92522314	0	0	0	1	0	0	9022563551	67	713469	2954	9856	9856	51	68	246976	26513295932	0	63680	0	249550	0	0	26526252343	0	63680	0	0	0	0	37281009713	2574	0	0
perf-caat-pso.2026-07-15_18-43-22.logfiles.zip	caat-pso.perf.queue_ok_longer.yml.log	0	0	23659	1617587575	30644217	0	0	3467160504	1	0	5537124346	4728025464	8032	684800	37515954	72879408	72879408	4010	8033	17	29007647351	0	469650816	0	18	0	16	29007653911	0	469650816	0	0	0	0	43125288794	1	0	0
perf-caat-pso.2026-07-15_18-43-22.logfiles.zip	caat-pso.perf.butterfly.yml.log	0	347444	67437151	0	136768489	0	0	0	1	0	0	11317214541	59	872781	3006	4424	4424	42	61	347445	31739726959	0	28808	0	391668	0	0	31763093583	0	28808	0	0	0	0	44818882598	44223	0	0
perf-caat-sc.2026-07-15_18-41-16.logfiles.zip	caat-sc.perf.13-privatized_66-mine-W-init_true.yml.log	0	0	0	0	0	0	0	0	0	0	0	0	0	0	0	0	0	0	0	0	0	0	0	0	0	0	0	0	0	0	0	0	0	0	0	0	0	0
perf-caat-sc.2026-07-15_18-41-16.logfiles.zip	caat-sc.perf.36-apron_16-traces-unprot2_true.yml.log	0	0	0	0	0	0	0	0	0	0	0	0	0	0	0	0	0	0	0	0	0	0	0	0	0	0	0	0	0	0	0	0	0	0	0	0	0	0
perf-caat-sc.2026-07-15_18-41-16.logfiles.zip	caat-sc.perf.36-apron_41-threadenter-no-locals_unknown_1_pos.yml.log	0	0	0	0	0	0	0	0	0	0	0	0	0	0	0	0	0	0	0	0	0	0	0	0	0	0	0	0	0	0	0	0	0	0	0	0	0	0
perf-caat-sc.2026-07-15_18-41-16.logfiles.zip	caat-sc.perf.13-privatized_47-refine-protected2_true.yml.log	0	1	810	0	858	0	0	0	1	0	0	36878	12	569444	82	768	768	0	12	2	41050	0	2640	0	3	0	0	41916	0	2640	0	0	0	0	89276	1	0	0
perf-caat-sc.2026-07-15_18-41-16.logfiles.zip	caat-sc.perf.13-privatized_57-singlethreaded-unlock_true.yml.log	0	0	0	0	0	0	0	0	0	0	0	0	0	0	0	0	0	0	0	0	0	0	0	0	0	0	0	0	0	0	0	0	0	0	0	0	0	0
perf-caat-sc.2026-07-15_18-41-16.logfiles.zip	caat-sc.perf.13-privatized_46-refine-protected1_true.yml.log	0	0	0	0	0	0	0	0	0	0	0	0	0	0	0	0	0	0	0	0	0	0	0	0	0	0	0	0	0	0	0	0	0	0	0	0	0	0
perf-caat-sc.2026-07-15_18-41-16.logfiles.zip	caat-sc.perf.36-apron_11-traces-max-simple_true.yml.log	0	1	976	0	899	0	0	0	1	0	0	37170	12	569444	82	768	768	0	12	2	28386	0	2640	0	3	0	0	29266	0	2640	0	0	0	0	77010	1	0	0
perf-caat-sc.2026-07-15_18-41-16.logfiles.zip	caat-sc.perf.13-privatized_41-traces-ex-7_unknown_1_pos.yml.log	0	0	690	0	0	0	0	0	1	0	0	19852	13	544378	92	832	832	0	13	1	25844	0	2848	0	1	0	0	26554	0	2848	0	0	0	0	51331	0	0	0
perf-caat-sc.2026-07-15_18-41-16.logfiles.zip	caat-sc.perf.13-privatized_41-traces-ex-7_unknown_1_neg.yml.log	0	0	0	0	0	0	0	0	0	0	0	0	0	0	0	0	0	0	0	0	0	0	0	0	0	0	0	0	0	0	0	0	0	0	0	0	0	0
perf-caat-sc.2026-07-15_18-41-16.logfiles.zip	caat-sc.perf.13-privatized_40-traces-ex-6_true.yml.log	0	1	1034	0	888	0	0	0	1	0	0	39438	14	581632	114	896	896	0	14	2	28346	0	3056	0	3	0	0	35443	0	3056	0	0	0	0	89523	1	0	0
perf-caat-sc.2026-07-15_18-41-16.logfiles.zip	caat-sc.perf.13-privatized_58-singlethreaded-lock_true.yml.log	0	0	0	0	0	0	0	0	0	0	0	0	0	0	0	0	0	0	0	0	0	0	0	0	0	0	0	0	0	0	0	0	0	0	0	0	0	0
perf-caat-sc.2026-07-15_18-41-16.logfiles.zip	caat-sc.perf.13-privatized_44-traces-mine2_true.yml.log	0	0	709	0	0	0	0	0	1	0	0	22566	13	544378	92	832	832	0	13	1	15090	0	2848	0	1	0	0	21503	0	2848	0	0	0	0	49491	0	0	0
perf-caat-sc.2026-07-15_18-41-16.logfiles.zip	caat-sc.perf.13-privatized_18-first-reads_unknown_2_pos.yml.log	0	0	1026	0	0	0	0	0	1	0	0	17403	8	531250	34	512	512	0	8	1	15162	0	1808	0	1	0	0	16173	0	1808	0	0	0	0	39210	0	0	0
perf-caat-sc.2026-07-15_18-41-16.logfiles.zip	caat-sc.perf.13-privatized_18-first-reads_unknown_1_neg.yml.log	0	0	899	0	0	0	0	0	1	0	0	18206	8	531250	34	512	512	0	8	1	16361	0	1808	0	1	0	0	17216	0	1808	0	0	0	0	40955	0	0	0
perf-caat-sc.2026-07-15_18-41-16.logfiles.zip	caat-sc.perf.13-privatized_36-traces-ex-3_true.yml.log	0	3	1633	0	1769	0	0	0	1	0	0	68617	15	650887	126	1152	1152	4	18	4	63630	0	3888	0	6	0	0	64782	0	3888	0	0	0	0	154280	2	0	0
perf-caat-sc.2026-07-15_18-41-16.logfiles.zip	caat-sc.perf.13-privatized_18-first-reads_true.yml.log	0	1	741	0	845	0	0	0	1	0	0	36749	12	569444	82	768	768	0	12	2	37578	0	2640	0	3	0	0	38416	0	2640	0	0	0	0	85555	1	0	0
perf-caat-sc.2026-07-15_18-41-16.logfiles.zip	caat-sc.perf.13-privatized_35-traces-ex-2_true.yml.log	0	3	1189	0	1276	0	0	0	1	0	0	67685	16	628099	158	1280	1280	5	20	4	50939	0	4304	0	5	0	0	56770	0	4304	0	0	0	0	143158	1	0	0
perf-caat-sc.2026-07-15_18-41-16.logfiles.zip	caat-sc.perf.13-privatized_37-traces-ex-4_true.yml.log	0	1	1183	0	931	0	0	0	1	0	0	41117	15	560000	126	960	960	0	15	2	26591	0	3264	0	3	0	0	31448	0	3264	0	0	0	0	84382	1	0	0
perf-caat-sc.2026-07-15_18-41-16.logfiles.zip	caat-sc.perf.13-privatized_19-publish-precision_unknown_1_neg.yml.log	0	0	0	0	0	0	0	0	0	0	0	0	0	0	0	0	0	0	0	0	0	0	0	0	0	0	0	0	0	0	0	0	0	0	0	0	0	0
perf-caat-sc.2026-07-15_18-41-16.logfiles.zip	caat-sc.perf.13-privatized_38-traces-ex-4-switch_true.yml.log	0	3	1771	0	1240	0	0	0	1	0	0	66379	16	628099	158	1280	1280	5	20	4	50487	0	4304	0	5	0	0	57701	0	4304	0	0	0	0	143065	1	0	0
perf-caat-sc.2026-07-15_18-41-16.logfiles.zip	caat-sc.perf.13-privatized_19-publish-precision_unknown_2_pos.yml.log	0	0	0	0	0	0	0	0	0	0	0	0	0	0	0	0	0	0	0	0	0	0	0	0	0	0	0	0	0	0	0	0	0	0	0	0	0	0
perf-caat-sc.2026-07-15_18-41-16.logfiles.zip	caat-sc.perf.13-privatized_19-publish-precision_unknown_1_pos.yml.log	0	0	842	0	0	0	0	0	1	0	0	20834	13	639053	108	832	832	0	13	1	15760	0	2848	0	1	0	0	16464	0	2848	0	0	0	0	42994	0	0	0
perf-caat-sc.2026-07-15_18-41-16.logfiles.zip	caat-sc.perf.13-privatized_19-publish-precision_unknown_2_neg.yml.log	0	0	918	0	0	0	0	0	1	0	0	23270	13	639053	108	832	832	0	13	1	15798	0	2848	0	1	0	0	22735	0	2848	0	0	0	0	51716	0	0	0
perf-caat-sc.2026-07-15_18-41-16.logfiles.zip	caat-sc.perf.13-privatized_01-priv_nr_true.yml.log	0	1	867	0	1007	0	0	0	1	0	0	42677	16	476562	122	1024	1024	0	16	2	38693	0	3472	0	3	0	0	39629	0	3472	0	0	0	0	94741	1	0	0
perf-caat-sc.2026-07-15_18-41-16.logfiles.zip	caat-sc.perf.13-privatized_33-traces-v-matters_true.yml.log	0	2	1427	0	1013	0	0	0	1	0	0	57099	19	576177	208	1216	1216	0	19	3	50318	0	4096	0	4	0	0	51270	0	4096	0	0	0	0	125266	1	0	0
perf-caat-sc.2026-07-15_18-41-16.logfiles.zip	caat-sc.perf.13-privatized_19-publish-precision_true.yml.log	0	3	1773	0	1687	0	0	0	1	0	0	77899	18	642857	198	1152	1152	4	18	4	53009	0	3888	0	6	0	0	54169	0	3888	0	0	0	0	153211	2	0	0
perf-caat-sc.2026-07-15_18-41-16.logfiles.zip	caat-sc.perf.13-privatized_45-traces-per-global-and-current-lock-mine-incomparable_true.yml.log	0	2	1148	0	1139	0	0	0	1	0	0	57245	19	628099	174	1280	1280	9	20	3	44450	0	4304	0	4	0	0	45685	0	4304	0	0	0	0	118837	1	0	0
perf-caat-sc.2026-07-15_18-41-16.logfiles.zip	caat-sc.perf.13-privatized_69-refine-protected-loop-interval_true.yml.log	0	0	0	0	0	0	0	0	0	0	0	0	0	0	0	0	0	0	0	0	0	0	0	0	0	0	0	0	0	0	0	0	0	0	0	0	0	0
perf-caat-sc.2026-07-15_18-41-16.logfiles.zip	caat-sc.perf.13-privatized_25-struct_nr_true.yml.log	0	1	1171	0	898	0	0	0	1	0	0	41928	16	476562	122	1024	1024	0	16	2	37481	0	3472	0	3	0	0	38131	0	3472	0	0	0	0	92573	1	0	0
perf-caat-sc.2026-07-15_18-41-16.logfiles.zip	caat-sc.perf.13-privatized_42-traces-ex-mini_true.yml.log	0	1	1001	0	933	0	0	0	1	0	0	48443	19	531855	192	1216	1216	0	19	2	29824	0	4096	0	3	0	0	30736	0	4096	0	0	0	0	91418	1	0	0
perf-caat-sc.2026-07-15_18-41-16.logfiles.zip	caat-sc.perf.13-privatized_31-traces-mine-vs-mutex_true.yml.log	0	5	1709	0	2645	0	0	0	1	0	0	109948	18	628099	190	1600	1600	13	25	6	74672	0	5344	0	9	0	0	76136	0	5344	0	0	0	0	218157	3	0	0
perf-caat-sc.2026-07-15_18-41-16.logfiles.zip	caat-sc.perf.13-privatized_20-publish-regression_true.yml.log	0	1	1459	0	916	0	0	0	1	0	0	38796	12	569444	82	768	768	0	12	2	29908	0	2640	0	3	0	0	31095	0	2640	0	0	0	0	81673	1	0	0
perf-caat-sc.2026-07-15_18-41-16.logfiles.zip	caat-sc.perf.36-apron_17-traces-rpb-litmus_unknown_1_neg.yml.log	0	0	0	0	0	0	0	0	0	0	0	0	0	0	0	0	0	0	0	0	0	0	0	0	0	0	0	0	0	0	0	0	0	0	0	0	0	0
perf-caat-sc.2026-07-15_18-41-16.logfiles.zip	caat-sc.perf.13-privatized_30-traces-oplus-vs-meet_true.yml.log	0	3	1257	0	1318	0	0	0	1	0	0	78161	17	639053	180	1344	1344	5	21	4	56875	0	4512	0	5	0	0	64173	0	4512	0	0	0	0	162120	1	0	0
perf-caat-sc.2026-07-15_18-41-16.logfiles.zip	caat-sc.perf.13-privatized_32-traces-mine-vs-oplus-vs-meet_true.yml.log	0	5	1993	0	2283	0	0	0	1	0	0	125279	23	642857	248	1920	1920	12	30	6	92718	0	6384	0	8	0	0	94253	0	6384	0	0	0	0	250782	2	0	0
perf-caat-sc.2026-07-15_18-41-16.logfiles.zip	caat-sc.perf.13-privatized_34-traces-minepp-L-needs-to-be-um_true.yml.log	0	1	1410	0	1363	0	0	0	1	0	0	44242	14	581632	114	896	896	0	14	2	31705	0	3056	0	3	0	0	38074	0	3056	0	0	0	0	94932	1	0	0
perf-caat-sc.2026-07-15_18-41-16.logfiles.zip	caat-sc.perf.13-privatized_68-pfscan_protected_loop_minimal_interval_true.yml.log	0	0	0	0	0	0	0	0	0	0	0	0	0	0	0	0	0	0	0	0	0	0	0	0	0	0	0	0	0	0	0	0	0	0	0	0	0	0
perf-caat-sc.2026-07-15_18-41-16.logfiles.zip	caat-sc.perf.13-privatized_29-multiple-protecting2-vesal_true.yml.log	0	5	1667	0	2775	0	0	0	1	0	0	142273	24	632231	332	1984	1984	13	31	6	89463	0	6592	0	9	0	0	91148	0	6592	0	0	0	0	267510	3	0	0
perf-caat-sc.2026-07-15_18-41-16.logfiles.zip	caat-sc.perf.13-privatized_24-multiple-protecting_true.yml.log	0	11	2665	0	6697	0	0	0	1	0	0	504424	52	582852	1574	3328	3328	22	52	12	309999	0	10960	0	18	0	0	312382	0	10960	0	0	0	0	896458	6	0	0
perf-caat-sc.2026-07-15_18-41-16.logfiles.zip	caat-sc.perf.36-apron_21-traces-cluster-based_true.yml.log	0	12	3044	0	5586	0	0	0	1	0	0	290101	31	754437	688	2240	2240	8	35	13	204982	0	7424	0	18	0	0	207574	0	7424	0	0	0	0	571852	5	0	0
perf-caat-sc.2026-07-15_18-41-16.logfiles.zip	caat-sc.perf.36-apron_22-traces-write-centered-vs-meet-mutex_true_no-overflow.yml.log	0	0	0	0	0	0	0	0	0	0	0	0	0	0	0	0	0	0	0	0	0	0	0	0	0	0	0	0	0	0	0	0	0	0	0	0	0	0
perf-caat-sc.2026-07-15_18-41-16.logfiles.zip	caat-sc.perf.13-privatized_27-multiple-protecting2_true.yml.log	0	35	6726	0	21633	0	0	0	1	0	0	1716641	56	716633	2110	3904	3904	41	61	36	906033	0	12832	0	54	0	0	916883	0	12832	0	0	0	0	2874538	18	0	0
perf-caat-sc.2026-07-15_18-41-16.logfiles.zip	caat-sc.perf.14_spin2003.yml.log	0	0	0	0	0	0	0	0	0	0	0	0	0	0	0	0	0	0	0	0	0	0	0	0	0	0	0	0	0	0	0	0	0	0	0	0	0	0
perf-caat-sc.2026-07-15_18-41-16.logfiles.zip	caat-sc.perf.29_conditionals_vs.yml.log	0	0	0	0	0	0	0	0	0	0	0	0	0	0	0	0	0	0	0	0	0	0	0	0	0	0	0	0	0	0	0	0	0	0	0	0	0	0
perf-caat-sc.2026-07-15_18-41-16.logfiles.zip	caat-sc.perf.48_ticket_lock_low_contention_vs-pthread.yml.log	0	0	0	0	0	0	0	0	0	0	0	0	0	0	0	0	0	0	0	0	0	0	0	0	0	0	0	0	0	0	0	0	0	0	0	0	0	0
perf-caat-sc.2026-07-15_18-41-16.logfiles.zip	caat-sc.perf.46_monabsex2_vs.yml.log	0	0	0	0	0	0	0	0	0	0	0	0	0	0	0	0	0	0	0	0	0	0	0	0	0	0	0	0	0	0	0	0	0	0	0	0	0	0
perf-caat-sc.2026-07-15_18-41-16.logfiles.zip	caat-sc.perf.stateful01-2.yml.log	0	5	1747	0	2889	0	0	0	1	0	0	180491	32	718750	736	2048	2048	5	32	6	112767	0	6800	0	9	0	0	119274	0	6800	0	0	0	0	334325	3	0	0
perf-caat-sc.2026-07-15_18-41-16.logfiles.zip	caat-sc.perf.time_var_mutex.yml.log	0	1	1133	0	961	0	0	0	1	0	0	67389	28	691326	542	1792	1792	0	28	2	37257	0	5968	0	3	0	0	38413	0	5968	0	0	0	0	119177	1	0	0
perf-caat-sc.2026-07-15_18-41-16.logfiles.zip	caat-sc.perf.01b_inc.yml.log	0	0	0	0	0	0	0	0	0	0	0	0	0	0	0	0	0	0	0	0	0	0	0	0	0	0	0	0	0	0	0	0	0	0	0	0	0	0
perf-caat-sc.2026-07-15_18-41-16.logfiles.zip	caat-sc.perf.45_monabsex1_vs.yml.log	0	0	0	0	0	0	0	0	0	0	0	0	0	0	0	0	0	0	0	0	0	0	0	0	0	0	0	0	0	0	0	0	0	0	0	0	0	0
perf-caat-sc.2026-07-15_18-41-16.logfiles.zip	caat-sc.perf.stateful01-1.yml.log	0	1	958	0	86	0	0	0	1	0	0	55472	31	715920	688	1984	1984	0	31	2	45753	0	6592	0	2	0	0	46747	0	6592	0	0	0	0	113989	0	0	0
perf-caat-sc.2026-07-15_18-41-16.logfiles.zip	caat-sc.perf.02_inc_cas.yml.log	0	0	0	0	0	0	0	0	0	0	0	0	0	0	0	0	0	0	0	0	0	0	0	0	0	0	0	0	0	0	0	0	0	0	0	0	0	0
perf-caat-sc.2026-07-15_18-41-16.logfiles.zip	caat-sc.perf.48_ticket_lock_low_contention_vs.yml.log	0	0	0	0	0	0	0	0	0	0	0	0	0	0	0	0	0	0	0	0	0	0	0	0	0	0	0	0	0	0	0	0	0	0	0	0	0	0
perf-caat-sc.2026-07-15_18-41-16.logfiles.zip	caat-sc.perf.28-race_reach_45-escape_racing.yml.log	0	0	520	0	0	0	0	0	1	0	0	21056	19	576177	208	1216	1216	0	19	1	14000	0	4096	0	1	0	0	20029	0	4096	0	0	0	0	45792	0	0	0
perf-caat-sc.2026-07-15_18-41-16.logfiles.zip	caat-sc.perf.28-race_reach_46-escape_racefree.yml.log	0	1	785	0	896	0	0	0	1	0	0	41589	17	519031	150	1088	1088	0	17	2	24291	0	3680	0	3	0	0	30488	0	3680	0	0	0	0	82620	1	0	0
perf-caat-sc.2026-07-15_18-41-16.logfiles.zip	caat-sc.perf.circular_buffer_bad.yml.log	0	6	1654	0	483	0	0	0	1	0	0	510456	85	641660	4636	10880	10880	0	85	7	394593	0	35504	0	7	0	0	396087	0	35504	0	0	0	0	964743	0	0	0
perf-caat-sc.2026-07-15_18-41-16.logfiles.zip	caat-sc.perf.lazy01.yml.log	0	2	866	0	928	0	0	0	1	0	0	69709	26	763313	516	1664	1664	0	26	3	41099	0	5552	0	4	0	0	41744	0	5552	0	0	0	0	126515	1	0	0
perf-caat-sc.2026-07-15_18-41-16.logfiles.zip	caat-sc.perf.szymanski.yml.log	0	30	3953	0	7978	0	0	0	1	0	0	312167	22	740000	306	1856	1856	14	29	31	371444	0	6176	0	31	0	0	380083	0	6176	0	0	0	0	795954	0	0	0
perf-caat-sc.2026-07-15_18-41-16.logfiles.zip	caat-sc.perf.unwind3-1.yml.log	0	0	451	0	0	0	0	0	1	0	0	19057	18	617283	200	1152	1152	0	18	1	22148	0	3888	0	1	0	0	22472	0	3888	0	0	0	0	45489	0	0	0
perf-caat-sc.2026-07-15_18-41-16.logfiles.zip	caat-sc.perf.exponential-nondet.yml.log	0	0	0	0	0	0	0	0	0	0	0	0	0	0	0	0	0	0	0	0	0	0	0	0	0	0	0	0	0	0	0	0	0	0	0	0	0	0
perf-caat-sc.2026-07-15_18-41-16.logfiles.zip	caat-sc.perf.dekker.yml.log	0	6	1159	0	1479	0	0	0	1	0	0	118227	31	740484	688	1984	1984	11	31	7	94300	0	6592	0	7	0	0	95462	0	6592	0	0	0	0	242215	0	0	0
perf-caat-sc.2026-07-15_18-41-16.logfiles.zip	caat-sc.perf.dekker-unfair.yml.log	0	6	1306	0	1352	0	0	0	1	0	0	116044	31	740484	688	1984	1984	11	31	7	100388	0	6592	0	7	0	0	101392	0	6592	0	0	0	0	244511	0	0	0
perf-caat-sc.2026-07-15_18-41-16.logfiles.zip	caat-sc.perf.unwind2-1.yml.log	0	0	0	0	0	0	0	0	0	0	0	0	0	0	0	0	0	0	0	0	0	0	0	0	0	0	0	0	0	0	0	0	0	0	0	0	0	0
perf-caat-sc.2026-07-15_18-41-16.logfiles.zip	caat-sc.perf.unwind2-100.yml.log	0	0	0	0	0	0	0	0	0	0	0	0	0	0	0	0	0	0	0	0	0	0	0	0	0	0	0	0	0	0	0	0	0	0	0	0	0	0
perf-caat-sc.2026-07-15_18-41-16.logfiles.zip	caat-sc.perf.43_NetBSD_sysmon_power_sliced.yml.log	0	0	0	0	0	0	0	0	0	0	0	0	0	0	0	0	0	0	0	0	0	0	0	0	0	0	0	0	0	0	0	0	0	0	0	0	0	0
perf-caat-sc.2026-07-15_18-41-16.logfiles.zip	caat-sc.perf.queue_ok.yml.log	0	1	708	0	3001	0	0	0	1	0	0	1333750	229	418527	21948	58624	58624	0	229	2	676906	0	190672	0	3	0	0	683072	0	190672	0	0	0	0	2146160	1	0	0
perf-caat-sc.2026-07-15_18-41-16.logfiles.zip	caat-sc.perf.singleton_with-uninit-problems.yml.log	0	5	1400	0	2607	0	0	0	1	0	0	212752	44	841942	1630	2816	2816	7	44	6	110320	0	9296	0	9	0	0	111403	0	9296	0	0	0	0	359508	3	0	0
perf-caat-sc.2026-07-15_18-41-16.logfiles.zip	caat-sc.perf.queue.yml.log	0	19	4970	0	2006	0	0	0	1	0	0	5147936	201	590876	23872	51456	51456	0	201	20	3768112	0	167376	0	20	0	0	3772403	0	167376	0	0	0	0	9334658	0	0	0
perf-caat-sc.2026-07-15_18-41-16.logfiles.zip	caat-sc.perf.singleton.yml.log	0	3	972	0	1009	0	0	0	1	0	0	117194	43	837209	1548	2752	2752	0	43	4	81816	0	9088	0	5	0	0	82534	0	9088	0	0	0	0	219981	1	0	0
perf-caat-sc.2026-07-15_18-41-16.logfiles.zip	caat-sc.perf.pthread-demo-datarace-3.yml.log	0	39	8701	0	4470	0	0	0	1	0	0	12965079	262	509567	33272	83840	83840	0	262	40	9724587	0	272624	0	40	0	0	9732982	0	272624	0	0	0	0	23682270	0	0	0
perf-caat-sc.2026-07-15_18-41-16.logfiles.zip	caat-sc.perf.reorder_2.yml.log	0	215	43197	0	173659	0	0	0	1	0	0	22451930	79	769736	4722	10496	10496	28	82	216	9993274	0	34256	0	322	0	0	10029339	0	34256	0	0	0	0	35108904	106	0	0
perf-caat-sc.2026-07-15_18-41-16.logfiles.zip	caat-sc.perf.twostage_3.yml.log	0	14	3170	0	8202	0	0	0	1	0	0	1757897	97	770196	7142	12800	12800	18	100	15	887218	0	41744	0	20	0	0	889867	0	41744	0	0	0	0	2828653	5	0	0
perf-caat-sc.2026-07-15_18-41-16.logfiles.zip	caat-sc.perf.race-1_3-join.yml.log	0	0	543	0	0	0	0	0	1	0	0	22871	23	514177	272	1472	1472	0	23	1	14379	0	4928	0	1	0	0	14712	0	4928	0	0	0	0	42196	0	0	0
perf-caat-sc.2026-07-15_18-41-16.logfiles.zip	caat-sc.perf.race-1_1-join.yml.log	0	0	0	0	0	0	0	0	0	0	0	0	0	0	0	0	0	0	0	0	0	0	0	0	0	0	0	0	0	0	0	0	0	0	0	0	0	0
perf-caat-sc.2026-07-15_18-41-16.logfiles.zip	caat-sc.perf.race-1_2-join.yml.log	0	0	427	0	0	0	0	0	1	0	0	22428	23	514177	272	1472	1472	0	23	1	14597	0	4928	0	1	0	0	14904	0	4928	0	0	0	0	41752	0	0	0
perf-caat-sc.2026-07-15_18-41-16.logfiles.zip	caat-sc.perf.race-4_1-thread_local_vars.yml.log	0	0	0	0	0	0	0	0	0	0	0	0	0	0	0	0	0	0	0	0	0	0	0	0	0	0	0	0	0	0	0	0	0	0	0	0	0	0
perf-caat-sc.2026-07-15_18-41-16.logfiles.zip	caat-sc.perf.race-2_1-container_of.yml.log	0	0	0	0	0	0	0	0	0	0	0	0	0	0	0	0	0	0	0	0	0	0	0	0	0	0	0	0	0	0	0	0	0	0	0	0	0	0
perf-caat-sc.2026-07-15_18-41-16.logfiles.zip	caat-sc.perf.race-3_1-container_of-global.yml.log	0	0	0	0	0	0	0	0	0	0	0	0	0	0	0	0	0	0	0	0	0	0	0	0	0	0	0	0	0	0	0	0	0	0	0	0	0	0
perf-caat-sc.2026-07-15_18-41-16.logfiles.zip	caat-sc.perf.triangular-2.yml.log	0	5157	746769	0	3454064	0	0	0	1	0	0	304658071	64	711468	2708	8704	8704	45	68	5158	149462019	0	28432	0	7732	0	0	150058804	0	28432	0	0	0	0	499915994	2574	0	0
perf-caat-sc.2026-07-15_18-41-16.logfiles.zip	caat-sc.perf.fib_unsafe-5.yml.log	0	939	203355	0	1610841	0	0	0	1	0	0	500073343	239	587419	33554	62208	62208	76	243	940	200135165	0	202320	0	1405	0	0	200276829	0	202320	0	0	0	0	739376144	465	0	0
perf-caat-sc.2026-07-15_18-41-16.logfiles.zip	caat-sc.perf.queue_ok_longer.yml.log	0	0	1559	37777026	2386019	0	0	169156458	1	0	215813608	344392428	4029	325992	5291788	16244928	16244928	0	4029	2	481392395	0	52796160	0	3	0	1	481393521	0	52796160	0	0	0	0	1246303485	1	0	0
perf-caat-sc.2026-07-15_18-41-16.logfiles.zip	caat-sc.perf.28-race_reach_21-deref_read_racing.yml.log	0	0	0	0	0	0	0	0	0	0	0	0	0	0	0	0	0	0	0	0	0	0	0	0	0	0	0	0	0	0	0	0	0	0	0	0	0	0
perf-caat-sc.2026-07-15_18-41-16.logfiles.zip	caat-sc.perf.circular_buffer_ok.yml.log	0	3431	584646	0	4979038	0	0	0	1	0	0	997615052	232	645919	31318	59392	59392	168	232	3432	494094294	0	193168	0	5148	0	0	494605540	0	193168	0	0	0	0	1603130648	1716	0	0
perf-caat-sc.2026-07-15_18-41-16.logfiles.zip	caat-sc.perf.fib_safe-5.yml.log	0	3441	769338	0	5773920	0	0	0	1	0	0	1719352416	239	587419	33554	62208	62208	85	243	3442	692834873	0	202320	0	5163	0	0	693338916	0	202320	0	0	0	0	2547398088	1721	0	0
perf-caat-sc.2026-07-15_18-41-16.logfiles.zip	caat-sc.perf.triangular-1.yml.log	0	21517	2884377	0	13185057	0	0	0	1	0	0	1181576225	64	711468	2708	8704	8704	50	68	21518	590908174	0	28432	0	32277	0	0	593184090	0	28432	0	0	0	0	1950571706	10759	0	0
perf-caat-sc.2026-07-15_18-41-16.logfiles.zip	caat-sc.perf.fib_unsafe-6.yml.log	0	4121	914382	0	8929718	0	0	0	1	0	0	2693373594	277	591718	45402	89920	89920	94	281	4122	1108688732	0	292384	0	6177	0	0	1109268567	0	292384	0	0	0	0	4035760028	2055	0	0
perf-caat-sc.2026-07-15_18-41-16.logfiles.zip	caat-sc.perf.queue_ok_longest.yml.log	0	0	2184	146311929	9352078	0	0	667511576	1	0	834171386	1861479420	8029	323013	20822988	64745856	64745856	0	8029	2	3253032443	0	210424176	0	3	0	1	3253033278	0	210424176	0	0	0	0	6747545453	1	0	0
perf-caat-sc.2026-07-15_18-41-16.logfiles.zip	caat-sc.perf.butterfly.yml.log	0	152056	14475574	0	49538282	0	0	0	1	0	0	4394701254	57	872781	2810	3840	3840	41	60	152057	2744506685	0	12624	0	196280	0	0	2757998872	0	12624	0	0	0	0	7754343554	44223	0	0
perf-caat-sc.2026-07-15_18-41-16.logfiles.zip	caat-sc.perf.fib_safe-6.yml.log	0	14517	2896762	0	32058588	0	0	0	1	0	0	9330151778	277	591718	45402	89920	89920	103	281	14518	3891433850	0	292384	0	21777	0	0	3893869310	0	292384	0	0	0	0	14032898149	7259	0	0
perf-caat-sc.2026-07-15_18-41-16.logfiles.zip	caat-sc.perf.fib_unsafe-7.yml.log	0	17785	3937391	0	43450395	0	0	0	1	0	0	14607086682	315	594749	59014	102080	102080	112	319	17786	5853749822	0	331904	0	26672	0	0	5856811507	0	331904	0	0	0	0	21580868474	8886	0	0
perf-caat-tso.2026-07-15_18-42-19.logfiles.zip	caat-tso.perf.36-apron_16-traces-unprot2_true.yml.log	0	0	0	0	0	0	0	0	0	0	0	0	0	0	0	0	0	0	0	0	0	0	0	0	0	0	0	0	0	0	0	0	0	0	0	0	0	0
perf-caat-tso.2026-07-15_18-42-19.logfiles.zip	caat-tso.perf.13-privatized_66-mine-W-init_true.yml.log	0	0	0	0	0	0	0	0	0	0	0	0	0	0	0	0	0	0	0	0	0	0	0	0	0	0	0	0	0	0	0	0	0	0	0	0	0	0
perf-caat-tso.2026-07-15_18-42-19.logfiles.zip	caat-tso.perf.36-apron_41-threadenter-no-locals_unknown_1_pos.yml.log	0	0	0	0	0	0	0	0	0	0	0	0	0	0	0	0	0	0	0	0	0	0	0	0	0	0	0	0	0	0	0	0	0	0	0	0	0	0
perf-caat-tso.2026-07-15_18-42-19.logfiles.zip	caat-tso.perf.13-privatized_57-singlethreaded-unlock_true.yml.log	0	0	0	0	0	0	0	0	0	0	0	0	0	0	0	0	0	0	0	0	0	0	0	0	0	0	0	0	0	0	0	0	0	0	0	0	0	0
perf-caat-tso.2026-07-15_18-42-19.logfiles.zip	caat-tso.perf.13-privatized_47-refine-protected2_true.yml.log	0	1	1220	0	1303	0	0	0	1	0	0	42999	12	569444	82	896	896	0	12	2	72499	0	5776	0	3	0	0	73456	0	5776	0	0	0	0	130820	1	0	0
perf-caat-tso.2026-07-15_18-42-19.logfiles.zip	caat-tso.perf.36-apron_11-traces-max-simple_true.yml.log	0	1	1211	0	1286	0	0	0	1	0	0	44932	12	569444	82	896	896	0	12	2	78681	0	5776	0	3	0	0	79783	0	5776	0	0	0	0	138700	1	0	0
perf-caat-tso.2026-07-15_18-42-19.logfiles.zip	caat-tso.perf.13-privatized_46-refine-protected1_true.yml.log	0	0	0	0	0	0	0	0	0	0	0	0	0	0	0	0	0	0	0	0	0	0	0	0	0	0	0	0	0	0	0	0	0	0	0	0	0	0
perf-caat-tso.2026-07-15_18-42-19.logfiles.zip	caat-tso.perf.13-privatized_41-traces-ex-7_unknown_1_pos.yml.log	0	0	784	0	0	0	0	0	1	0	0	26206	13	544378	92	968	968	0	13	1	38662	0	6216	0	1	0	0	43257	0	6216	0	0	0	0	75514	0	0	0
perf-caat-tso.2026-07-15_18-42-19.logfiles.zip	caat-tso.perf.13-privatized_41-traces-ex-7_unknown_1_neg.yml.log	0	0	0	0	0	0	0	0	0	0	0	0	0	0	0	0	0	0	0	0	0	0	0	0	0	0	0	0	0	0	0	0	0	0	0	0	0	0
perf-caat-tso.2026-07-15_18-42-19.logfiles.zip	caat-tso.perf.13-privatized_40-traces-ex-6_true.yml.log	0	1	1515	0	1365	0	0	0	1	0	0	53970	14	581632	114	1040	1040	0	14	2	78550	0	6656	0	3	0	0	84181	0	6656	0	0	0	0	153329	1	0	0
perf-caat-tso.2026-07-15_18-42-19.logfiles.zip	caat-tso.perf.13-privatized_58-singlethreaded-lock_true.yml.log	0	0	0	0	0	0	0	0	0	0	0	0	0	0	0	0	0	0	0	0	0	0	0	0	0	0	0	0	0	0	0	0	0	0	0	0	0	0
perf-caat-tso.2026-07-15_18-42-19.logfiles.zip	caat-tso.perf.13-privatized_18-first-reads_unknown_2_pos.yml.log	0	0	1149	0	0	0	0	0	1	0	0	18994	8	531250	34	608	608	0	8	1	41084	0	4016	0	1	0	0	41807	0	4016	0	0	0	0	67941	0	0	0
perf-caat-tso.2026-07-15_18-42-19.logfiles.zip	caat-tso.perf.13-privatized_44-traces-mine2_true.yml.log	0	0	965	0	0	0	0	0	1	0	0	28871	13	544378	92	968	968	0	13	1	47477	0	6216	0	1	0	0	48319	0	6216	0	0	0	0	87614	0	0	0
perf-caat-tso.2026-07-15_18-42-19.logfiles.zip	caat-tso.perf.13-privatized_18-first-reads_unknown_1_neg.yml.log	0	0	947	0	0	0	0	0	1	0	0	18772	8	531250	34	608	608	0	8	1	42476	0	4016	0	1	0	0	43264	0	4016	0	0	0	0	68658	0	0	0
perf-caat-tso.2026-07-15_18-42-19.logfiles.zip	caat-tso.perf.13-privatized_35-traces-ex-2_true.yml.log	0	3	1917	0	1670	0	0	0	1	0	0	81804	16	628099	158	1472	1472	5	20	4	165033	0	9296	0	5	0	0	170744	0	9296	0	0	0	0	278612	1	0	0
perf-caat-tso.2026-07-15_18-42-19.logfiles.zip	caat-tso.perf.13-privatized_36-traces-ex-3_true.yml.log	0	3	2141	0	2366	0	0	0	1	0	0	86658	15	650887	126	1328	1328	4	18	4	162522	0	8416	0	6	0	0	163875	0	8416	0	0	0	0	283374	2	0	0
perf-caat-tso.2026-07-15_18-42-19.logfiles.zip	caat-tso.perf.13-privatized_18-first-reads_true.yml.log	0	1	1643	0	1486	0	0	0	1	0	0	44525	12	569444	82	896	896	0	12	2	68555	0	5776	0	3	0	0	73317	0	5776	0	0	0	0	132270	1	0	0
perf-caat-tso.2026-07-15_18-42-19.logfiles.zip	caat-tso.perf.13-privatized_37-traces-ex-4_true.yml.log	0	1	1215	0	1334	0	0	0	1	0	0	49513	15	560000	126	1112	1112	0	15	2	80150	0	7096	0	3	0	0	81410	0	7096	0	0	0	0	144995	1	0	0
perf-caat-tso.2026-07-15_18-42-19.logfiles.zip	caat-tso.perf.13-privatized_38-traces-ex-4-switch_true.yml.log	0	3	2032	0	1718	0	0	0	1	0	0	80774	16	628099	158	1472	1472	5	20	4	166327	0	9296	0	5	0	0	167564	0	9296	0	0	0	0	274168	1	0	0
perf-caat-tso.2026-07-15_18-42-19.logfiles.zip	caat-tso.perf.13-privatized_19-publish-precision_unknown_1_pos.yml.log	0	0	739	0	0	0	0	0	1	0	0	23905	13	639053	108	968	968	0	13	1	35098	0	6216	0	1	0	0	35767	0	6216	0	0	0	0	65911	0	0	0
perf-caat-tso.2026-07-15_18-42-19.logfiles.zip	caat-tso.perf.13-privatized_19-publish-precision_unknown_1_neg.yml.log	0	0	0	0	0	0	0	0	0	0	0	0	0	0	0	0	0	0	0	0	0	0	0	0	0	0	0	0	0	0	0	0	0	0	0	0	0	0
perf-caat-tso.2026-07-15_18-42-19.logfiles.zip	caat-tso.perf.13-privatized_19-publish-precision_unknown_2_pos.yml.log	0	0	0	0	0	0	0	0	0	0	0	0	0	0	0	0	0	0	0	0	0	0	0	0	0	0	0	0	0	0	0	0	0	0	0	0	0	0
perf-caat-tso.2026-07-15_18-42-19.logfiles.zip	caat-tso.perf.13-privatized_19-publish-precision_unknown_2_neg.yml.log	0	0	804	0	0	0	0	0	1	0	0	23065	13	639053	108	968	968	0	13	1	33747	0	6216	0	1	0	0	34419	0	6216	0	0	0	0	63779	0	0	0
perf-caat-tso.2026-07-15_18-42-19.logfiles.zip	caat-tso.perf.13-privatized_19-publish-precision_true.yml.log	0	3	1991	0	2583	0	0	0	1	0	0	91411	18	642857	198	1328	1328	4	18	4	168036	0	8416	0	6	0	0	169584	0	8416	0	0	0	0	288744	2	0	0
perf-caat-tso.2026-07-15_18-42-19.logfiles.zip	caat-tso.perf.13-privatized_45-traces-per-global-and-current-lock-mine-incomparable_true.yml.log	0	2	1427	0	1244	0	0	0	1	0	0	53002	19	628099	174	1472	1472	9	20	3	96619	0	9296	0	4	0	0	97605	0	9296	0	0	0	0	169407	1	0	0
perf-caat-tso.2026-07-15_18-42-19.logfiles.zip	caat-tso.perf.13-privatized_01-priv_nr_true.yml.log	0	1	1264	0	1295	0	0	0	1	0	0	49820	16	476562	122	1184	1184	0	16	2	91230	0	7536	0	3	0	0	92086	0	7536	0	0	0	0	156642	1	0	0
perf-caat-tso.2026-07-15_18-42-19.logfiles.zip	caat-tso.perf.13-privatized_42-traces-ex-mini_true.yml.log	0	1	1254	0	1338	0	0	0	1	0	0	57627	19	531855	192	1400	1400	0	19	2	88306	0	8856	0	3	0	0	89205	0	8856	0	0	0	0	164241	1	0	0
perf-caat-tso.2026-07-15_18-42-19.logfiles.zip	caat-tso.perf.13-privatized_33-traces-v-matters_true.yml.log	0	2	1612	0	1573	0	0	0	1	0	0	69325	19	576177	208	1400	1400	0	19	3	125493	0	8856	0	4	0	0	126619	0	8856	0	0	0	0	216433	1	0	0
perf-caat-tso.2026-07-15_18-42-19.logfiles.zip	caat-tso.perf.13-privatized_25-struct_nr_true.yml.log	0	1	1360	0	1377	0	0	0	1	0	0	48337	16	476562	122	1184	1184	0	16	2	90806	0	7536	0	3	0	0	91683	0	7536	0	0	0	0	154862	1	0	0
perf-caat-tso.2026-07-15_18-42-19.logfiles.zip	caat-tso.perf.13-privatized_69-refine-protected-loop-interval_true.yml.log	0	0	0	0	0	0	0	0	0	0	0	0	0	0	0	0	0	0	0	0	0	0	0	0	0	0	0	0	0	0	0	0	0	0	0	0	0	0
perf-caat-tso.2026-07-15_18-42-19.logfiles.zip	caat-tso.perf.36-apron_17-traces-rpb-litmus_unknown_1_neg.yml.log	0	0	0	0	0	0	0	0	0	0	0	0	0	0	0	0	0	0	0	0	0	0	0	0	0	0	0	0	0	0	0	0	0	0	0	0	0	0
perf-caat-tso.2026-07-15_18-42-19.logfiles.zip	caat-tso.perf.13-privatized_31-traces-mine-vs-mutex_true.yml.log	0	5	2526	0	3849	0	0	0	1	0	0	135397	18	628099	190	1832	1832	13	25	6	262510	0	11496	0	9	0	0	264183	0	11496	0	0	0	0	442155	3	0	0
perf-caat-tso.2026-07-15_18-42-19.logfiles.zip	caat-tso.perf.13-privatized_20-publish-regression_true.yml.log	0	1	1649	0	1343	0	0	0	1	0	0	47101	12	569444	82	896	896	0	12	2	68906	0	5776	0	3	0	0	75728	0	5776	0	0	0	0	137333	1	0	0
perf-caat-tso.2026-07-15_18-42-19.logfiles.zip	caat-tso.perf.13-privatized_34-traces-minepp-L-needs-to-be-um_true.yml.log	0	1	1339	0	1625	0	0	0	1	0	0	48813	14	581632	114	1040	1040	0	14	2	80029	0	6656	0	3	0	0	80917	0	6656	0	0	0	0	144733	1	0	0
perf-caat-tso.2026-07-15_18-42-19.logfiles.zip	caat-tso.perf.13-privatized_32-traces-mine-vs-oplus-vs-meet_true.yml.log	0	5	2683	0	3013	0	0	0	1	0	0	155617	23	642857	248	2192	2192	12	30	6	323741	0	13696	0	8	0	0	325286	0	13696	0	0	0	0	523160	2	0	0
perf-caat-tso.2026-07-15_18-42-19.logfiles.zip	caat-tso.perf.13-privatized_30-traces-oplus-vs-meet_true.yml.log	0	3	2012	0	1757	0	0	0	1	0	0	88728	17	639053	180	1544	1544	5	21	4	162577	0	9736	0	5	0	0	163895	0	9736	0	0	0	0	278702	1	0	0
perf-caat-tso.2026-07-15_18-42-19.logfiles.zip	caat-tso.perf.13-privatized_68-pfscan_protected_loop_minimal_interval_true.yml.log	0	0	0	0	0	0	0	0	0	0	0	0	0	0	0	0	0	0	0	0	0	0	0	0	0	0	0	0	0	0	0	0	0	0	0	0	0	0
perf-caat-tso.2026-07-15_18-42-19.logfiles.zip	caat-tso.perf.13-privatized_29-multiple-protecting2-vesal_true.yml.log	0	5	2576	0	3811	0	0	0	1	0	0	172674	24	632231	332	2264	2264	13	31	6	329207	0	14136	0	9	0	0	330763	0	14136	0	0	0	0	558770	3	0	0
perf-caat-tso.2026-07-15_18-42-19.logfiles.zip	caat-tso.perf.13-privatized_24-multiple-protecting_true.yml.log	0	11	4663	0	9796	0	0	0	1	0	0	709322	52	582852	1574	3776	3776	22	52	12	1216222	0	23376	0	18	0	0	1218871	0	23376	0	0	0	0	2033606	6	0	0
perf-caat-tso.2026-07-15_18-42-19.logfiles.zip	caat-tso.perf.36-apron_21-traces-cluster-based_true.yml.log	0	12	4915	0	7912	0	0	0	1	0	0	357282	31	754437	688	2552	2552	8	35	13	707522	0	15896	0	18	0	0	710056	0	15896	0	0	0	0	1161230	5	0	0
perf-caat-tso.2026-07-15_18-42-19.logfiles.zip	caat-tso.perf.36-apron_22-traces-write-centered-vs-meet-mutex_true_no-overflow.yml.log	0	0	0	0	0	0	0	0	0	0	0	0	0	0	0	0	0	0	0	0	0	0	0	0	0	0	0	0	0	0	0	0	0	0	0	0	0	0
perf-caat-tso.2026-07-15_18-42-19.logfiles.zip	caat-tso.perf.14_spin2003.yml.log	0	0	0	0	0	0	0	0	0	0	0	0	0	0	0	0	0	0	0	0	0	0	0	0	0	0	0	0	0	0	0	0	0	0	0	0	0	0
perf-caat-tso.2026-07-15_18-42-19.logfiles.zip	caat-tso.perf.48_ticket_lock_low_contention_vs-pthread.yml.log	0	0	0	0	0	0	0	0	0	0	0	0	0	0	0	0	0	0	0	0	0	0	0	0	0	0	0	0	0	0	0	0	0	0	0	0	0	0
perf-caat-tso.2026-07-15_18-42-19.logfiles.zip	caat-tso.perf.29_conditionals_vs.yml.log	0	0	0	0	0	0	0	0	0	0	0	0	0	0	0	0	0	0	0	0	0	0	0	0	0	0	0	0	0	0	0	0	0	0	0	0	0	0
perf-caat-tso.2026-07-15_18-42-19.logfiles.zip	caat-tso.perf.13-privatized_27-multiple-protecting2_true.yml.log	0	35	13078	0	29903	0	0	0	1	0	0	2119136	56	716633	2110	4424	4424	41	61	36	4209268	0	27336	0	54	0	0	4215174	0	27336	0	0	0	0	6665832	18	0	0
perf-caat-tso.2026-07-15_18-42-19.logfiles.zip	caat-tso.perf.45_monabsex1_vs.yml.log	0	0	0	0	0	0	0	0	0	0	0	0	0	0	0	0	0	0	0	0	0	0	0	0	0	0	0	0	0	0	0	0	0	0	0	0	0	0
perf-caat-tso.2026-07-15_18-42-19.logfiles.zip	caat-tso.perf.46_monabsex2_vs.yml.log	0	0	0	0	0	0	0	0	0	0	0	0	0	0	0	0	0	0	0	0	0	0	0	0	0	0	0	0	0	0	0	0	0	0	0	0	0	0
perf-caat-tso.2026-07-15_18-42-19.logfiles.zip	caat-tso.perf.stateful01-1.yml.log	0	1	1589	0	75	0	0	0	1	0	0	67995	31	715920	688	2264	2264	0	31	2	126965	0	14136	0	2	0	0	127801	0	14136	0	0	0	0	210619	0	0	0
perf-caat-tso.2026-07-15_18-42-19.logfiles.zip	caat-tso.perf.stateful01-2.yml.log	0	5	2844	0	4210	0	0	0	1	0	0	240112	32	718750	736	2336	2336	5	32	6	375837	0	14576	0	9	0	0	377380	0	14576	0	0	0	0	666528	3	0	0
perf-caat-tso.2026-07-15_18-42-19.logfiles.zip	caat-tso.perf.time_var_mutex.yml.log	0	1	1560	0	1608	0	0	0	1	0	0	79043	28	691326	542	2048	2048	0	28	2	132689	0	12816	0	3	0	0	133667	0	12816	0	0	0	0	230337	1	0	0
perf-caat-tso.2026-07-15_18-42-19.logfiles.zip	caat-tso.perf.01b_inc.yml.log	0	0	0	0	0	0	0	0	0	0	0	0	0	0	0	0	0	0	0	0	0	0	0	0	0	0	0	0	0	0	0	0	0	0	0	0	0	0
perf-caat-tso.2026-07-15_18-42-19.logfiles.zip	caat-tso.perf.02_inc_cas.yml.log	0	0	0	0	0	0	0	0	0	0	0	0	0	0	0	0	0	0	0	0	0	0	0	0	0	0	0	0	0	0	0	0	0	0	0	0	0	0
perf-caat-tso.2026-07-15_18-42-19.logfiles.zip	caat-tso.perf.48_ticket_lock_low_contention_vs.yml.log	0	0	0	0	0	0	0	0	0	0	0	0	0	0	0	0	0	0	0	0	0	0	0	0	0	0	0	0	0	0	0	0	0	0	0	0	0	0
perf-caat-tso.2026-07-15_18-42-19.logfiles.zip	caat-tso.perf.28-race_reach_46-escape_racefree.yml.log	0	1	980	0	1225	0	0	0	1	0	0	48704	17	519031	150	1256	1256	0	17	2	69964	0	7976	0	3	0	0	70508	0	7976	0	0	0	0	132968	1	0	0
perf-caat-tso.2026-07-15_18-42-19.logfiles.zip	caat-tso.perf.28-race_reach_45-escape_racing.yml.log	0	0	702	0	0	0	0	0	1	0	0	24557	19	576177	208	1400	1400	0	19	1	47827	0	8856	0	1	0	0	48140	0	8856	0	0	0	0	78218	0	0	0
perf-caat-tso.2026-07-15_18-42-19.logfiles.zip	caat-tso.perf.circular_buffer_bad.yml.log	0	6	2898	0	426	0	0	0	1	0	0	555371	85	641660	4636	12304	12304	0	85	7	1527615	0	75376	0	7	0	0	1529099	0	75376	0	0	0	0	2160219	0	0	0
perf-caat-tso.2026-07-15_18-42-19.logfiles.zip	caat-tso.perf.lazy01.yml.log	0	2	1493	0	1360	0	0	0	1	0	0	80976	26	763313	516	1904	1904	0	26	3	155517	0	11936	0	4	0	0	156186	0	11936	0	0	0	0	258145	1	0	0
perf-caat-tso.2026-07-15_18-42-19.logfiles.zip	caat-tso.perf.szymanski.yml.log	0	30	8751	0	9511	0	0	0	1	0	0	409822	22	740000	306	2120	2120	14	29	31	1272366	0	13256	0	31	0	0	1275887	0	13256	0	0	0	0	1850401	0	0	0
perf-caat-tso.2026-07-15_18-42-19.logfiles.zip	caat-tso.perf.unwind3-1.yml.log	0	0	637	0	0	0	0	0	1	0	0	22407	18	617283	200	1328	1328	0	18	1	36448	0	8416	0	1	0	0	36741	0	8416	0	0	0	0	64655	0	0	0
perf-caat-tso.2026-07-15_18-42-19.logfiles.zip	caat-tso.perf.dekker.yml.log	0	6	2340	0	1658	0	0	0	1	0	0	143974	31	740484	688	2264	2264	11	31	7	337032	0	14136	0	7	0	0	338041	0	14136	0	0	0	0	520157	0	0	0
perf-caat-tso.2026-07-15_18-42-19.logfiles.zip	caat-tso.perf.dekker-unfair.yml.log	0	6	2417	0	1561	0	0	0	1	0	0	141839	31	740484	688	2264	2264	11	31	7	336913	0	14136	0	7	0	0	338011	0	14136	0	0	0	0	518583	0	0	0
perf-caat-tso.2026-07-15_18-42-19.logfiles.zip	caat-tso.perf.exponential-nondet.yml.log	0	0	0	0	0	0	0	0	0	0	0	0	0	0	0	0	0	0	0	0	0	0	0	0	0	0	0	0	0	0	0	0	0	0	0	0	0	0
perf-caat-tso.2026-07-15_18-42-19.logfiles.zip	caat-tso.perf.unwind2-1.yml.log	0	0	0	0	0	0	0	0	0	0	0	0	0	0	0	0	0	0	0	0	0	0	0	0	0	0	0	0	0	0	0	0	0	0	0	0	0	0
perf-caat-tso.2026-07-15_18-42-19.logfiles.zip	caat-tso.perf.unwind2-100.yml.log	0	0	0	0	0	0	0	0	0	0	0	0	0	0	0	0	0	0	0	0	0	0	0	0	0	0	0	0	0	0	0	0	0	0	0	0	0	0
perf-caat-tso.2026-07-15_18-42-19.logfiles.zip	caat-tso.perf.43_NetBSD_sysmon_power_sliced.yml.log	0	0	0	0	0	0	0	0	0	0	0	0	0	0	0	0	0	0	0	0	0	0	0	0	0	0	0	0	0	0	0	0	0	0	0	0	0	0
perf-caat-tso.2026-07-15_18-42-19.logfiles.zip	caat-tso.perf.queue_ok.yml.log	0	1	1258	0	3742	0	0	0	1	0	0	1577632	229	418527	21948	66080	66080	0	229	2	3402742	0	403776	0	3	0	0	3403483	0	403776	0	0	0	0	5134165	1	0	0
perf-caat-tso.2026-07-15_18-42-19.logfiles.zip	caat-tso.perf.singleton_with-uninit-problems.yml.log	0	5	2633	0	4010	0	0	0	1	0	0	246708	44	841942	1630	3200	3200	7	44	6	438692	0	19856	0	9	0	0	439878	0	19856	0	0	0	0	736470	3	0	0
perf-caat-tso.2026-07-15_18-42-19.logfiles.zip	caat-tso.perf.singleton.yml.log	0	3	1777	0	1458	0	0	0	1	0	0	134418	43	837209	1548	3128	3128	0	43	4	270356	0	19416	0	5	0	0	271232	0	19416	0	0	0	0	434753	1	0	0
perf-caat-tso.2026-07-15_18-42-19.logfiles.zip	caat-tso.perf.queue.yml.log	0	19	9027	0	1861	0	0	0	1	0	0	5558120	201	590876	23872	58016	58016	0	201	20	16813784	0	354496	0	20	0	0	16818169	0	354496	0	0	0	0	22877299	0	0	0
perf-caat-tso.2026-07-15_18-42-19.logfiles.zip	caat-tso.perf.pthread-demo-datarace-3.yml.log	0	39	17707	0	4591	0	0	0	1	0	0	14603636	262	560005	38441	94480	94480	0	262	40	43747755	0	577216	0	40	0	0	43756629	0	577216	0	0	0	0	59529868	0	0	0
perf-caat-tso.2026-07-15_18-42-19.logfiles.zip	caat-tso.perf.reorder_2.yml.log	0	215	84959	0	235095	0	0	0	1	0	0	26337968	79	769736	4722	11872	11872	28	82	216	45601029	0	72736	0	322	0	0	45634972	0	72736	0	0	0	0	75342188	106	0	0
perf-caat-tso.2026-07-15_18-42-19.logfiles.zip	caat-tso.perf.twostage_3.yml.log	0	14	6445	0	10910	0	0	0	1	0	0	2050311	97	770196	7142	14464	14464	18	100	15	4025261	0	88576	0	20	0	0	4027783	0	88576	0	0	0	0	6314727	5	0	0
perf-caat-tso.2026-07-15_18-42-19.logfiles.zip	caat-tso.perf.race-1_3-join.yml.log	0	0	567	0	0	0	0	0	1	0	0	30014	23	514177	272	1688	1688	0	23	1	44706	0	10616	0	1	0	0	50271	0	10616	0	0	0	0	86016	0	0	0
perf-caat-tso.2026-07-15_18-42-19.logfiles.zip	caat-tso.perf.race-1_1-join.yml.log	0	0	0	0	0	0	0	0	0	0	0	0	0	0	0	0	0	0	0	0	0	0	0	0	0	0	0	0	0	0	0	0	0	0	0	0	0	0
perf-caat-tso.2026-07-15_18-42-19.logfiles.zip	caat-tso.perf.race-1_2-join.yml.log	0	0	668	0	0	0	0	0	1	0	0	27391	23	514177	272	1688	1688	0	23	1	53060	0	10616	0	1	0	0	53356	0	10616	0	0	0	0	86456	0	0	0
perf-caat-tso.2026-07-15_18-42-19.logfiles.zip	caat-tso.perf.race-4_1-thread_local_vars.yml.log	0	0	0	0	0	0	0	0	0	0	0	0	0	0	0	0	0	0	0	0	0	0	0	0	0	0	0	0	0	0	0	0	0	0	0	0	0	0
perf-caat-tso.2026-07-15_18-42-19.logfiles.zip	caat-tso.perf.race-2_1-container_of.yml.log	0	0	0	0	0	0	0	0	0	0	0	0	0	0	0	0	0	0	0	0	0	0	0	0	0	0	0	0	0	0	0	0	0	0	0	0	0	0
perf-caat-tso.2026-07-15_18-42-19.logfiles.zip	caat-tso.perf.race-3_1-container_of-global.yml.log	0	0	0	0	0	0	0	0	0	0	0	0	0	0	0	0	0	0	0	0	0	0	0	0	0	0	0	0	0	0	0	0	0	0	0	0	0	0
perf-caat-tso.2026-07-15_18-42-19.logfiles.zip	caat-tso.perf.triangular-2.yml.log	0	5157	1608574	0	4293871	0	0	0	1	0	0	361753034	64	711468	2708	9856	9856	45	68	5158	647742979	0	60416	0	7732	0	0	648318864	0	60416	0	0	0	0	1068375681	2574	0	0
perf-caat-tso.2026-07-15_18-42-19.logfiles.zip	caat-tso.perf.fib_unsafe-5.yml.log	0	939	352997	0	1911579	0	0	0	1	0	0	548945738	239	587419	33554	70112	70112	76	243	940	1122799032	0	428416	0	1405	0	0	1122958882	0	428416	0	0	0	0	1716967077	465	0	0
perf-caat-tso.2026-07-15_18-42-19.logfiles.zip	caat-tso.perf.28-race_reach_21-deref_read_racing.yml.log	0	0	0	0	0	0	0	0	0	0	0	0	0	0	0	0	0	0	0	0	0	0	0	0	0	0	0	0	0	0	0	0	0	0	0	0	0	0
perf-caat-tso.2026-07-15_18-42-19.logfiles.zip	caat-tso.perf.queue_ok_longer.yml.log	0	0	2342	99502048	2710883	0	0	176591207	1	0	291313148	438555823	4029	325992	5291788	18277560	18277560	0	4029	2	1837132747	0	111689336	0	3	0	1	1837134061	0	111689336	0	0	0	0	2783489614	1	0	0
perf-caat-tso.2026-07-15_18-42-19.logfiles.zip	caat-tso.perf.circular_buffer_ok.yml.log	0	3431	1306595	0	5873378	0	0	0	1	0	0	1151370039	232	645919	31318	66944	66944	168	232	3432	2948636118	0	409056	0	5148	0	0	2949288421	0	409056	0	0	0	0	4238057837	1716	0	0
perf-caat-tso.2026-07-15_18-42-19.logfiles.zip	caat-tso.perf.triangular-1.yml.log	0	21517	6362138	0	17461760	0	0	0	1	0	0	1445470562	64	711468	2708	9856	9856	50	68	21518	2579621179	0	60416	0	32277	0	0	2582250373	0	60416	0	0	0	0	4258954624	10759	0	0
perf-caat-tso.2026-07-15_18-42-19.logfiles.zip	caat-tso.perf.fib_safe-5.yml.log	0	3441	1232297	0	6747267	0	0	0	1	0	0	1942233958	239	587419	33554	70112	70112	85	243	3442	3984770579	0	428416	0	5163	0	0	3985423035	0	428416	0	0	0	0	6093952854	1721	0	0
perf-caat-tso.2026-07-15_18-42-19.logfiles.zip	caat-tso.perf.fib_unsafe-6.yml.log	0	4121	1594708	0	10851680	0	0	0	1	0	0	3051611358	277	591718	45402	101320	101320	94	281	4122	6507359948	0	619016	0	6177	0	0	6508231912	0	619016	0	0	0	0	9851572034	2055	0	0
perf-caat-tso.2026-07-15_18-42-19.logfiles.zip	caat-tso.perf.queue_ok_longest.yml.log	0	0	2183	387397743	10369918	0	0	680164081	1	0	1122614925	2563214290	8029	323013	20822988	72843120	72843120	0	8029	2	11883083707	0	445138256	0	3	0	1	11883084878	0	445138256	0	0	0	0	16397157976	1	0	0
perf-caat-tso.2026-07-15_18-42-19.logfiles.zip	caat-tso.perf.butterfly.yml.log	0	152056	38819042	0	75051823	0	0	0	1	0	0	5561453314	57	872781	2810	4352	4352	41	60	152057	12998934148	0	26896	0	196280	0	0	13013436095	0	26896	0	0	0	0	19451790095	44223	0	0
perf-caat-tso.2026-07-15_18-42-19.logfiles.zip	caat-tso.perf.fib_safe-6.yml.log	0	14517	5463286	0	36812601	0	0	0	1	0	0	10568549880	277	591718	45402	101320	101320	103	281	14518	22134750617	0	619016	0	21777	0	0	22137591216	0	619016	0	0	0	0	33669428402	7259	0	0
