model	method	threads	runs	solved	all_walltime_seconds_n	all_walltime_seconds_mean	all_walltime_seconds_median	all_walltime_seconds_p95	all_walltime_seconds_geomean	all_walltime_seconds_sum	all_walltime_seconds_max	all_cputime_seconds_n	all_cputime_seconds_mean	all_cputime_seconds_median	all_cputime_seconds_p95	all_cputime_seconds_geomean	all_cputime_seconds_sum	all_cputime_seconds_max	all_rss_mib_n	all_rss_mib_mean	all_rss_mib_median	all_rss_mib_p95	all_rss_mib_geomean	all_rss_mib_sum	all_rss_mib_max	solved_walltime_seconds_n	solved_walltime_seconds_mean	solved_walltime_seconds_median	solved_walltime_seconds_p95	solved_walltime_seconds_geomean	solved_walltime_seconds_sum	solved_walltime_seconds_max	solved_cputime_seconds_n	solved_cputime_seconds_mean	solved_cputime_seconds_median	solved_cputime_seconds_p95	solved_cputime_seconds_geomean	solved_cputime_seconds_sum	solved_cputime_seconds_max	solved_rss_mib_n	solved_rss_mib_mean	solved_rss_mib_median	solved_rss_mib_p95	solved_rss_mib_geomean	solved_rss_mib_sum	solved_rss_mib_max
sc	caat	1	480	450	480	5.30674459213842	0.06860112500726245	61.29292617118627	0.1816267825517012	2547.237404226442	61.325266119034495	480	5.297329717995834	0.0611368075	61.128130488299995	0.16431134665384253	2542.718264638002	61.31614872	480	316.53309733072916	24.6484375	5410.1251953125	35.71266529074669	151935.88671875	5410.2890625	450	1.5763450413340858	0.06785349448909983	7.91891345201293	0.1232098689097686	709.3552686003386	42.057070726994425	450	1.5678036222066667	0.060865654500000005	7.912528226649999	0.1107243150070593	705.5116299930002	41.922550313	450	32.689618055555556	24.64453125	24.9044921875	26.308944451129214	14710.328125	584.78125
sc	caat	2	480	445	480	5.549883351868387	0.06843816649052314	61.27884662194702	0.18823944133451118	2663.944008896826	61.34461539797485	480	10.931792921685417	0.064082549	120.97222798045	0.20272024669782077	5247.260602409001	121.969891125	480	317.21497395833336	24.68359375	5410.517578125	35.791552641108034	152263.1875	5410.75	445	1.7169948535683575	0.06776053103385493	10.468414786574222	0.1254657653696845	764.0627098379191	58.74070263595786	445	3.3461504387797754	0.063335447	20.83814804319958	0.13016198589556993	1489.036945256998	117.20468587	445	32.92080407303371	24.6640625	24.9625	26.35348799764993	14649.7578125	594.48828125
sc	caat	4	480	434	480	4.555048261314611	0.07233535250998102	61.299288162245645	0.17861854112410358	2186.4231654310133	61.43492664996302	480	11.0633479678	0.06880035500000001	121.15789273465	0.20577906288391587	5310.4070245440025	243.427247796	480	325.43629557291666	24.7109375	5410.8287109375	36.29932274252277	156209.421875	5411.15625	434	0.7904335337418479	0.07114167202962562	3.539229024696394	0.1190507389599221	343.048153643962	18.664409004035406	434	2.4488678769470047	0.067772169	13.902558920849991	0.13485149735401525	1062.8086585950002	74.329270738	434	33.208228326612904	24.70703125	25.014453125	26.46863058092656	14412.37109375	595.0234375
sc	cat	1	480	445	480	7.223888607714495	0.06863160300417803	61.00993485066574	0.22178318310147302	3467.4665317029576	61.02672307903413	480	7.2134640221	0.0616697805	61.0038212877	0.20288374993557018	3462.4627306080006	61.014440538	480	328.43841959635415	24.63671875	5602.2578125	35.74489909586804	157650.44140625	5602.4765625	445	2.9933144674428447	0.06774203199893236	30.295222278404978	0.14257997379171403	1332.0249380120658	31.725960843032226	445	2.984254949002247	0.061098407	30.281984508	0.1295240454080789	1327.9934523059983	31.715689245	445	350.9012728230337	24.63671875	5602.2609375	36.05979100536444	156151.06640625	5602.4765625
sc	cat	2	480	417	480	9.195703299172237	0.06824101152596995	61.13152138108853	0.22971335438073032	4413.937583602674	61.176801579014864	480	16.700658138108334	0.0639512735	121.88469588070001	0.2507366509639149	8016.3159062919985	121.954642417	480	333.15777994791665	24.658203125	5658.121875000001	35.91698089009855	159915.734375	5658.3671875	417	1.7961096382890862	0.06701398000586778	6.736980481806677	0.10297103474128987	748.9777191665489	52.08005114895059	417	3.506201140004796	0.062913011	13.377271063	0.1052393612108983	1462.0858753820007	103.971532682	417	40.30728229916067	24.64453125	24.95078125	26.814421529438373	16808.13671875	1055.625
sc	cat	4	480	419	480	7.50976867056573	0.07161965302657336	61.142874642708925	0.2293235690259597	3604.6889618715504	61.171796991024166	480	20.981544866952085	0.0687681845	151.7332321597999	0.2712087549383412	10071.14153613701	243.804672024	480	335.90638020833336	24.70703125	5658.4111328125	36.39719123907033	161235.0625	5658.61328125	419	2.033317607590625	0.07035862095654011	15.319761404389169	0.1263624939227449	851.960077580472	40.09261031600181	419	7.150738796770883	0.067361359	53.976333744399994	0.14228056045257562	2996.1595558469994	159.912119158	419	40.30024985083532	24.703125	25.0078125	26.861841403124885	16885.8046875	1056.09375
sc	genmc	1	480	480	480	0.6205562620497707	0.06621410499792546	3.048503654307569	0.12167244664672018	297.8670057838899	9.15584763197694	480	0.6128350587729167	0.059373306	3.03432612605	0.11035641010087718	294.1608282110004	9.15064856	480	37.53260904947917	24.5625	73.4794921875	27.267152779833566	18015.65234375	993.5546875	480	0.6205562620497707	0.06621410499792546	3.048503654307569	0.12167244664672018	297.8670057838899	9.15584763197694	480	0.6128350587729167	0.059373306	3.03432612605	0.11035641010087718	294.1608282110004	9.15064856	480	37.53260904947917	24.5625	73.4794921875	27.267152779833566	18015.65234375	993.5546875
sc	genmc	2	480	471	480	0.8597166778833828	0.06676899251760915	3.6809572608821326	0.1297588080747894	412.66400538402377	17.40063402702799	480	1.5664182703458331	0.062361039	7.268316675949999	0.13582460864314505	751.8807697660003	34.734969135	480	52.624088541666666	24.5859375	126.0923828125	28.404418151242876	25259.5625	2136.546875	471	0.7573657155839228	0.06670308503089473	3.644903025502572	0.12423049721449762	356.71925204002764	17.40063402702799	471	1.3656861762059447	0.062174434	6.7239126815	0.13026716024424934	643.2381889930003	34.734969135	471	35.24248606687898	24.5859375	125.912109375	27.422698694104337	16599.2109375	2128.5625
sc	genmc	4	480	460	480	0.5732267800291689	0.07023133750772104	3.3753580746473744	0.12628250553685622	275.1488544140011	16.50453394697979	480	1.5084369178166668	0.066738379	6.688263428199998	0.14083668739339997	724.049720552	50.907959905	480	68.89637044270833	24.61328125	221.52636718749926	29.265217418294938	33070.2578125	3901.30078125	460	0.5901889124804217	0.06986688301549293	3.383124037832021	0.12427983261784185	271.486899740994	16.50453394697979	460	1.570208882621739	0.06632669299999999	6.73414032915	0.14393039267505348	722.2960860060002	50.907959905	460	70.81049592391304	24.609375	237.28652343749968	29.473308140550927	32572.828125	3901.30078125
