backend	repetition	task_yaml	property	expected_verdict	status	category	cputime_seconds	walltime_seconds	memory_bytes	returnvalue	exitsignal	starttime	executions	blocked	max_active_events	max_stable_events	max_inactive_events	max_current_base_bytes	max_history_base_bytes	max_base_relation_pairs	max_base_relation_density_ppm	rebuilds	profiled_queries
caat-pso	r01	c/goblint-regression/13-privatized_01-priv_nr_true.yml	unreach-call	true	true	correct	0.08144906	0.08662272000219673	25972736	0		2026-07-15T04:47:43.443833+00:00											
caat-pso	r01	c/goblint-regression/13-privatized_18-first-reads_true.yml	unreach-call	true	true	correct	0.079890974	0.08695967902895063	25960448	0		2026-07-15T04:47:43.169375+00:00											
caat-pso	r01	c/goblint-regression/13-privatized_18-first-reads_unknown_1_neg.yml	unreach-call	false	false(unreach-call)	correct	0.091644316	0.09490007301792502	26038272	42		2026-07-15T04:47:43.141604+00:00											
caat-pso	r01	c/goblint-regression/13-privatized_18-first-reads_unknown_2_pos.yml	unreach-call	false	false(unreach-call)	correct	0.078051968	0.08035236696014181	25948160	42		2026-07-15T04:47:43.126946+00:00											
caat-pso	r01	c/goblint-regression/13-privatized_19-publish-precision_true.yml	unreach-call	true	true	correct	0.085650497	0.09188954101409763	25997312	0		2026-07-15T04:47:43.412551+00:00											
caat-pso	r01	c/goblint-regression/13-privatized_19-publish-precision_unknown_1_neg.yml	unreach-call	false	false(unreach-call)	correct	0.066925365	0.07610662304796278	25956352	42		2026-07-15T04:47:43.296267+00:00											
caat-pso	r01	c/goblint-regression/13-privatized_19-publish-precision_unknown_1_pos.yml	unreach-call	false	false(unreach-call)	correct	0.08019107	0.08805176202440634	25956352	42		2026-07-15T04:47:43.256520+00:00											
caat-pso	r01	c/goblint-regression/13-privatized_19-publish-precision_unknown_2_neg.yml	unreach-call	false	false(unreach-call)	correct	0.064205975	0.07276760099921376	25952256	42		2026-07-15T04:47:43.346728+00:00											
caat-pso	r01	c/goblint-regression/13-privatized_19-publish-precision_unknown_2_pos.yml	unreach-call	false	false(unreach-call)	correct	0.06794762	0.07365661597577855	25939968	42		2026-07-15T04:47:43.316674+00:00											
caat-pso	r01	c/goblint-regression/13-privatized_20-publish-regression_true.yml	unreach-call	true	true	correct	0.068580948	0.07521758996881545	25997312	0		2026-07-15T04:47:43.542702+00:00											
caat-pso	r01	c/goblint-regression/13-privatized_24-multiple-protecting_true.yml	unreach-call	true	true	correct	0.137813546	0.14338240795768797	26091520	0		2026-07-15T04:47:43.639665+00:00											
caat-pso	r01	c/goblint-regression/13-privatized_25-struct_nr_true.yml	unreach-call	true	true	correct	0.066984511	0.07170994498301297	26005504	0		2026-07-15T04:47:43.476816+00:00											
caat-pso	r01	c/goblint-regression/13-privatized_27-multiple-protecting2_true.yml	unreach-call	true	true	correct	0.33038465	0.3382116840220988	26058752	0		2026-07-15T04:47:43.741950+00:00											
caat-pso	r01	c/goblint-regression/13-privatized_29-multiple-protecting2-vesal_true.yml	unreach-call	true	true	correct	0.091063395	0.10213866003323346	26009600	0		2026-07-15T04:47:43.639130+00:00											
caat-pso	r01	c/goblint-regression/13-privatized_30-traces-oplus-vs-meet_true.yml	unreach-call	true	true	correct	0.085802193	0.10133963398402557	25956352	0		2026-07-15T04:47:43.553203+00:00											
caat-pso	r01	c/goblint-regression/13-privatized_31-traces-mine-vs-mutex_true.yml	unreach-call	true	true	correct	0.083111877	0.08933709299890324	25980928	0		2026-07-15T04:47:43.518826+00:00											
caat-pso	r01	c/goblint-regression/13-privatized_32-traces-mine-vs-oplus-vs-meet_true.yml	unreach-call	true	true	correct	0.095048421	0.10767200496047735	26091520	0		2026-07-15T04:47:43.552676+00:00											
caat-pso	r01	c/goblint-regression/13-privatized_33-traces-v-matters_true.yml	unreach-call	true	true	correct	0.079632128	0.08694629598176107	25952256	0		2026-07-15T04:47:43.460437+00:00											
caat-pso	r01	c/goblint-regression/13-privatized_34-traces-minepp-L-needs-to-be-um_true.yml	unreach-call	true	true	correct	0.06786336	0.07600183901377022	26058752	0		2026-07-15T04:47:43.576971+00:00											
caat-pso	r01	c/goblint-regression/13-privatized_35-traces-ex-2_true.yml	unreach-call	true	true	correct	0.067676386	0.07348351599648595	25952256	0		2026-07-15T04:47:43.190320+00:00											
caat-pso	r01	c/goblint-regression/13-privatized_36-traces-ex-3_true.yml	unreach-call	true	true	correct	0.080797855	0.08240601100260392	25964544	0		2026-07-15T04:47:43.156184+00:00											
caat-pso	r01	c/goblint-regression/13-privatized_37-traces-ex-4_true.yml	unreach-call	true	true	correct	0.092802068	0.097155821043998	25948160	0		2026-07-15T04:47:43.204168+00:00											
caat-pso	r01	c/goblint-regression/13-privatized_38-traces-ex-4-switch_true.yml	unreach-call	true	true	correct	0.077741513	0.086548263032455	25964544	0		2026-07-15T04:47:43.221100+00:00											
caat-pso	r01	c/goblint-regression/13-privatized_40-traces-ex-6_true.yml	unreach-call	true	true	correct	0.089652241	0.0958604029729031	25968640	0		2026-07-15T04:47:43.085821+00:00											
caat-pso	r01	c/goblint-regression/13-privatized_41-traces-ex-7_unknown_1_neg.yml	unreach-call	false	false(unreach-call)	correct	0.06349051	0.07169180997880176	25939968	42		2026-07-15T04:47:43.072746+00:00											
caat-pso	r01	c/goblint-regression/13-privatized_41-traces-ex-7_unknown_1_pos.yml	unreach-call	false	false(unreach-call)	correct	0.091091365	0.09374699799809605	25927680	42		2026-07-15T04:47:43.062325+00:00											
caat-pso	r01	c/goblint-regression/13-privatized_42-traces-ex-mini_true.yml	unreach-call	true	true	correct	0.093222602	0.09837888099718839	25944064	0		2026-07-15T04:47:43.436113+00:00											
caat-pso	r01	c/goblint-regression/13-privatized_44-traces-mine2_true.yml	unreach-call	true	true	correct	0.091794795	0.09703123400686309	25972736	0		2026-07-15T04:47:43.110008+00:00											
caat-pso	r01	c/goblint-regression/13-privatized_45-traces-per-global-and-current-lock-mine-incomparable_true.yml	unreach-call	true	true	correct	0.084316323	0.0894142739707604	25972736	0		2026-07-15T04:47:43.385669+00:00											
caat-pso	r01	c/goblint-regression/13-privatized_46-refine-protected1_true.yml	unreach-call	true	true	correct	0.091858718	0.09537973901024088	25948160	0		2026-07-15T04:47:43.040201+00:00											
caat-pso	r01	c/goblint-regression/13-privatized_47-refine-protected2_true.yml	unreach-call	true	true	correct	0.074319268	0.07917712396010756	25939968	0		2026-07-15T04:47:43.033041+00:00											
caat-pso	r01	c/goblint-regression/13-privatized_57-singlethreaded-unlock_true.yml	unreach-call	true	true	correct	0.091120008	0.09515765897231176	25907200	0		2026-07-15T04:47:43.024804+00:00											
caat-pso	r01	c/goblint-regression/13-privatized_58-singlethreaded-lock_true.yml	unreach-call	true	true	correct	0.074911643	0.0788603620021604	25989120	0		2026-07-15T04:47:43.096490+00:00											
caat-pso	r01	c/goblint-regression/13-privatized_66-mine-W-init_true.yml	unreach-call	true	true	correct	0.061956265	0.06784792098915204	25989120	0		2026-07-15T04:47:42.998611+00:00											
caat-pso	r01	c/goblint-regression/13-privatized_68-pfscan_protected_loop_minimal_interval_true.yml	unreach-call	true	true	correct	0.089044626	0.1013488249736838	26087424	0		2026-07-15T04:47:43.649558+00:00											
caat-pso	r01	c/goblint-regression/13-privatized_69-refine-protected-loop-interval_true.yml	unreach-call	true	true	correct	0.068113622	0.07520705403294414	26087424	0		2026-07-15T04:47:43.512109+00:00											
caat-pso	r01	c/goblint-regression/28-race_reach_01-simple_racing.yml	unreach-call	false	TIMEOUT	error	61.154274637	61.16593660705257	1657069568		9	2026-07-15T04:47:44.118450+00:00											
caat-pso	r01	c/goblint-regression/28-race_reach_06-cond_racing1.yml	unreach-call	false	TIMEOUT	error	61.175705498	61.183837622986175	2208555008		9	2026-07-15T04:47:44.402698+00:00											
caat-pso	r01	c/goblint-regression/28-race_reach_11-ptr_racing.yml	unreach-call	false	TIMEOUT	error	61.191504949	61.19954384403536	2460192768		9	2026-07-15T04:47:44.141086+00:00											
caat-pso	r01	c/goblint-regression/28-race_reach_21-deref_read_racing.yml	unreach-call	false	false(unreach-call)	correct	7.0456626	7.060963537020143	56741888	42		2026-07-15T04:47:44.031597+00:00											
caat-pso	r01	c/goblint-regression/28-race_reach_24-sound_lock_racing.yml	unreach-call	false	TIMEOUT	error	61.140239034	61.14966951397946	1657044992		9	2026-07-15T04:47:44.263040+00:00											
caat-pso	r01	c/goblint-regression/28-race_reach_37-indirect_racing.yml	unreach-call	false	TIMEOUT	error	61.148312923	61.15997407597024	1657081856		9	2026-07-15T04:47:44.051691+00:00											
caat-pso	r01	c/goblint-regression/28-race_reach_45-escape_racing.yml	unreach-call	false	false(unreach-call)	correct	0.06972227	0.07389673899160698	26087424	42		2026-07-15T04:47:44.093181+00:00											
caat-pso	r01	c/goblint-regression/28-race_reach_46-escape_racefree.yml	unreach-call	true	true	correct	0.068586102	0.07809434202499688	26075136	0		2026-07-15T04:47:44.103854+00:00											
caat-pso	r01	c/goblint-regression/36-apron_11-traces-max-simple_true.yml	unreach-call	true	true	correct	0.06386874	0.07073734601726755	25931776	0		2026-07-15T04:47:43.050122+00:00											
caat-pso	r01	c/goblint-regression/36-apron_16-traces-unprot2_true.yml	unreach-call	true	true	correct	0.061314039	0.06906476698350161	25960448	0		2026-07-15T04:47:43.014952+00:00											
caat-pso	r01	c/goblint-regression/36-apron_17-traces-rpb-litmus_unknown_1_neg.yml	unreach-call	false	false(unreach-call)	correct	0.086999587	0.0912910170154646	25944064	42		2026-07-15T04:47:43.498638+00:00											
caat-pso	r01	c/goblint-regression/36-apron_21-traces-cluster-based_true.yml	unreach-call	true	true	correct	0.089940449	0.09782190801342949	26042368	0		2026-07-15T04:47:43.668158+00:00											
caat-pso	r01	c/goblint-regression/36-apron_22-traces-write-centered-vs-meet-mutex_true_no-overflow.yml	unreach-call	true	true	correct	0.066304117	0.07399139698827639	26087424	0		2026-07-15T04:47:43.725665+00:00											
caat-pso	r01	c/goblint-regression/36-apron_41-threadenter-no-locals_unknown_1_pos.yml	unreach-call	false	false(unreach-call)	correct	0.089593905	0.09628476202487946	25948160	42		2026-07-15T04:47:43.005374+00:00											
caat-pso	r01	c/ldv-races/race-1_1-join.yml	unreach-call	true	true	correct	0.070470294	0.08032546198228374	26222592	0		2026-07-15T04:47:44.604511+00:00											
caat-pso	r01	c/ldv-races/race-1_2-join.yml	unreach-call	false	false(unreach-call)	correct	0.090303292	0.1066331029869616	26214400	42		2026-07-15T04:47:44.632456+00:00											
caat-pso	r01	c/ldv-races/race-1_3-join.yml	unreach-call	false	false(unreach-call)	correct	0.074462305	0.08202382799936458	26300416	42		2026-07-15T04:47:44.625315+00:00											
caat-pso	r01	c/ldv-races/race-2_1-container_of.yml	unreach-call	true	true	correct	0.07090632	0.07791998499305919	26300416	0		2026-07-15T04:47:44.644333+00:00											
caat-pso	r01	c/ldv-races/race-3_1-container_of-global.yml	unreach-call	true	true	correct	0.091391486	0.15852949296822771	26304512	0		2026-07-15T04:47:44.649321+00:00											
caat-pso	r01	c/ldv-races/race-4_1-thread_local_vars.yml	unreach-call	true	true	correct	0.072398843	0.08215939498040825	26345472	0		2026-07-15T04:47:44.638249+00:00											
caat-pso	r01	c/pthread-C-DAC/pthread-demo-datarace-3.yml	unreach-call	false	false(unreach-call)	correct	0.192948698	0.21904771198751405	26079232	42		2026-07-15T04:47:44.530126+00:00											
caat-pso	r01	c/pthread-atomic/dekker-unfair.yml	unreach-call	true	true	correct	0.087491238	0.101508745981846	26005504	0		2026-07-15T04:47:44.326881+00:00											
caat-pso	r01	c/pthread-atomic/dekker.yml	unreach-call	true	true	correct	0.07067579	0.077127942990046	26001408	0		2026-07-15T04:47:44.293580+00:00											
caat-pso	r01	c/pthread-atomic/szymanski.yml	unreach-call	true	true	correct	0.096462831	0.10013650800101459	26009600	0		2026-07-15T04:47:44.301868+00:00											
caat-pso	r01	c/pthread-atomic/time_var_mutex.yml	unreach-call	true	true	correct	0.083688734	0.10039132897509262	26091520	0		2026-07-15T04:47:43.938262+00:00											
caat-pso	r01	c/pthread-deagle/circular_buffer_bad.yml	unreach-call	false	false(unreach-call)	correct	0.163665147	0.1742617060081102	26136576	42		2026-07-15T04:47:44.124883+00:00											
caat-pso	r01	c/pthread-deagle/circular_buffer_ok.yml	unreach-call	true	TIMEOUT	error	61.000391659	61.01537049701437	26091520		9	2026-07-15T04:47:44.278670+00:00											
caat-pso	r01	c/pthread-ext/01b_inc.yml	unreach-call	true	true	correct	0.066798341	0.0800731589552015	25960448	0		2026-07-15T04:47:43.937158+00:00											
caat-pso	r01	c/pthread-ext/02_inc_cas.yml	unreach-call	true	true	correct	0.079023129	0.09677333099534735	25985024	0		2026-07-15T04:47:43.995506+00:00											
caat-pso	r01	c/pthread-ext/14_spin2003.yml	unreach-call	true	true	correct	0.067017213	0.07180494302883744	25939968	0		2026-07-15T04:47:43.753602+00:00											
caat-pso	r01	c/pthread-ext/29_conditionals_vs.yml	unreach-call	true	true	correct	0.078841728	0.0872320249909535	25923584	0		2026-07-15T04:47:43.767174+00:00											
caat-pso	r01	c/pthread-ext/43_NetBSD_sysmon_power_sliced.yml	unreach-call	true	true	correct	0.080531583	0.09980630700010806	25956352	0		2026-07-15T04:47:44.389974+00:00											
caat-pso	r01	c/pthread-ext/45_monabsex1_vs.yml	unreach-call	true	true	correct	0.066855528	0.07363912399159744	25931776	0		2026-07-15T04:47:43.814608+00:00											
caat-pso	r01	c/pthread-ext/46_monabsex2_vs.yml	unreach-call	true	true	correct	0.066310918	0.0777124980231747	25960448	0		2026-07-15T04:47:43.803419+00:00											
caat-pso	r01	c/pthread-ext/48_ticket_lock_low_contention_vs-pthread.yml	unreach-call	true	true	correct	0.077638347	0.10009607998654246	25993216	0		2026-07-15T04:47:43.824327+00:00											
caat-pso	r01	c/pthread-ext/48_ticket_lock_low_contention_vs.yml	unreach-call	true	true	correct	0.071007043	0.07529966998845339	26083328	0		2026-07-15T04:47:44.061377+00:00											
caat-pso	r01	c/pthread-theta/exponential-nondet.yml	unreach-call	true	true	correct	0.067380442	0.0763739519752562	26050560	0		2026-07-15T04:47:44.333094+00:00											
caat-pso	r01	c/pthread-theta/unwind2-1.yml	unreach-call	false	false(unreach-call)	correct	0.071107711	0.07732200901955366	26157056	42		2026-07-15T04:47:44.332266+00:00											
caat-pso	r01	c/pthread-theta/unwind2-100.yml	unreach-call	false	false(unreach-call)	correct	0.086597958	0.094548745022621	26054656	42		2026-07-15T04:47:44.350424+00:00											
caat-pso	r01	c/pthread-theta/unwind3-1.yml	unreach-call	false	false(unreach-call)	correct	0.070215013	0.07298458198783919	26013696	42		2026-07-15T04:47:44.322615+00:00											
caat-pso	r01	c/pthread/butterfly.yml	unreach-call	true	TIMEOUT	error	60.912026388	61.009379255003296	26148864		9	2026-07-15T04:47:44.380978+00:00											
caat-pso	r01	c/pthread/fib_safe-5.yml	unreach-call	true	TIMEOUT	error	61.00427686	61.011218685947824	26050560		9	2026-07-15T04:47:44.155473+00:00											
caat-pso	r01	c/pthread/fib_safe-6.yml	unreach-call	true	TIMEOUT	error	60.994583013	61.012729951005895	26062848		9	2026-07-15T04:47:44.195023+00:00											
caat-pso	r01	c/pthread/fib_unsafe-5.yml	unreach-call	false	TIMEOUT	error	61.005371389	61.011519211984705	25976832		9	2026-07-15T04:47:44.202242+00:00											
caat-pso	r01	c/pthread/fib_unsafe-6.yml	unreach-call	false	TIMEOUT	error	61.002929661	61.01158213196322	26083328		9	2026-07-15T04:47:44.236015+00:00											
caat-pso	r01	c/pthread/fib_unsafe-7.yml	unreach-call	false	TIMEOUT	error	61.00409264	61.015248142008204	25993216		9	2026-07-15T04:47:44.245803+00:00											
caat-pso	r01	c/pthread/lazy01.yml	unreach-call	false	false(unreach-call)	correct	0.070360604	0.08082202001241967	26099712	42		2026-07-15T04:47:44.259528+00:00											
caat-pso	r01	c/pthread/queue.yml	unreach-call	false	false(unreach-call)	correct	4.122221243	4.129506948986091	26222592	42		2026-07-15T04:47:44.462404+00:00											
caat-pso	r01	c/pthread/queue_longer.yml	unreach-call	false	TIMEOUT	error	60.924540263	61.02015208901139	102088704		9	2026-07-15T04:47:44.456186+00:00											
caat-pso	r01	c/pthread/queue_ok.yml	unreach-call	true	true	correct	0.136649984	0.14291159703861922	26222592	0		2026-07-15T04:47:44.434947+00:00											
caat-pso	r01	c/pthread/queue_ok_longer.yml	unreach-call	true	TIMEOUT	error	60.896725434	61.09656865702709	1098215424		9	2026-07-15T04:47:44.411906+00:00											
caat-pso	r01	c/pthread/queue_ok_longest.yml	unreach-call	true	TIMEOUT	error	61.091489573	61.10139525402337	1290698752		9	2026-07-15T04:47:44.422131+00:00											
caat-pso	r01	c/pthread/reorder_2.yml	unreach-call	false	false(unreach-call)	correct	2.063830413	2.0690164379775524	26165248	42		2026-07-15T04:47:44.559925+00:00											
caat-pso	r01	c/pthread/singleton.yml	unreach-call	false	false(unreach-call)	correct	0.076171068	0.08126373100094497	26243072	42		2026-07-15T04:47:44.468313+00:00											
caat-pso	r01	c/pthread/singleton_with-uninit-problems.yml	unreach-call	true	true	correct	0.080271479	0.08642113400856033	26202112	0		2026-07-15T04:47:44.485404+00:00											
caat-pso	r01	c/pthread/stateful01-1.yml	unreach-call	false	false(unreach-call)	correct	0.084265006	0.08954911201726645	26001408	42		2026-07-15T04:47:43.863826+00:00											
caat-pso	r01	c/pthread/stateful01-2.yml	unreach-call	true	true	correct	0.077773017	0.09523542097304016	26087424	0		2026-07-15T04:47:43.916727+00:00											
caat-pso	r01	c/pthread/triangular-1.yml	unreach-call	true	TIMEOUT	error	60.99604703	61.01376424601767	26017792		9	2026-07-15T04:47:43.987366+00:00											
caat-pso	r01	c/pthread/triangular-2.yml	unreach-call	false	TIMEOUT	error	61.003133219	61.01390230900142	26050560		9	2026-07-15T04:47:43.995173+00:00											
caat-pso	r01	c/pthread/twostage_3.yml	unreach-call	false	false(unreach-call)	correct	0.112722375	0.11901744798524305	26304512	42		2026-07-15T04:47:44.600489+00:00											
caat-sc	r01	c/goblint-regression/13-privatized_01-priv_nr_true.yml	unreach-call	true	true	correct	0.063996798	0.07189729501260445	25829376	0		2026-07-15T04:45:33.961331+00:00											
caat-sc	r01	c/goblint-regression/13-privatized_18-first-reads_true.yml	unreach-call	true	true	correct	0.063797357	0.1112731890170835	25862144	0		2026-07-15T04:45:33.641538+00:00											
caat-sc	r01	c/goblint-regression/13-privatized_18-first-reads_unknown_1_neg.yml	unreach-call	false	false(unreach-call)	correct	0.07659861	0.08246128098107874	25825280	42		2026-07-15T04:45:33.602280+00:00											
caat-sc	r01	c/goblint-regression/13-privatized_18-first-reads_unknown_2_pos.yml	unreach-call	false	false(unreach-call)	correct	0.065516453	0.07770395599072799	25825280	42		2026-07-15T04:45:33.579048+00:00											
caat-sc	r01	c/goblint-regression/13-privatized_19-publish-precision_true.yml	unreach-call	true	true	correct	0.073968659	0.08684721199097112	25800704	0		2026-07-15T04:45:33.938115+00:00											
caat-sc	r01	c/goblint-regression/13-privatized_19-publish-precision_unknown_1_neg.yml	unreach-call	false	false(unreach-call)	correct	0.07494406	0.08173476095544174	25825280	42		2026-07-15T04:45:33.899311+00:00											
caat-sc	r01	c/goblint-regression/13-privatized_19-publish-precision_unknown_1_pos.yml	unreach-call	false	false(unreach-call)	correct	0.078296032	0.09929026203462854	25886720	42		2026-07-15T04:45:33.816733+00:00											
caat-sc	r01	c/goblint-regression/13-privatized_19-publish-precision_unknown_2_neg.yml	unreach-call	false	false(unreach-call)	correct	0.066464865	0.09022850904148072	25821184	42		2026-07-15T04:45:33.861880+00:00											
caat-sc	r01	c/goblint-regression/13-privatized_19-publish-precision_unknown_2_pos.yml	unreach-call	false	false(unreach-call)	correct	0.07690549	0.0925235350150615	25792512	42		2026-07-15T04:45:33.811059+00:00											
caat-sc	r01	c/goblint-regression/13-privatized_20-publish-regression_true.yml	unreach-call	true	true	correct	0.062076189	0.0951679419958964	25858048	0		2026-07-15T04:45:34.228746+00:00											
caat-sc	r01	c/goblint-regression/13-privatized_24-multiple-protecting_true.yml	unreach-call	true	true	correct	0.068367668	0.08376712497556582	25833472	0		2026-07-15T04:45:34.382684+00:00											
caat-sc	r01	c/goblint-regression/13-privatized_25-struct_nr_true.yml	unreach-call	true	true	correct	0.076111057	0.08986042998731136	25780224	0		2026-07-15T04:45:34.116298+00:00											
caat-sc	r01	c/goblint-regression/13-privatized_27-multiple-protecting2_true.yml	unreach-call	true	true	correct	0.094182717	0.1001440460095182	25948160	0		2026-07-15T04:45:34.447753+00:00											
caat-sc	r01	c/goblint-regression/13-privatized_29-multiple-protecting2-vesal_true.yml	unreach-call	true	true	correct	0.077847632	0.08541969495126978	25821184	0		2026-07-15T04:45:34.357695+00:00											
caat-sc	r01	c/goblint-regression/13-privatized_30-traces-oplus-vs-meet_true.yml	unreach-call	true	true	correct	0.062585108	0.0843526300159283	25788416	0		2026-07-15T04:45:34.251112+00:00											
caat-sc	r01	c/goblint-regression/13-privatized_31-traces-mine-vs-mutex_true.yml	unreach-call	true	true	correct	0.074643958	0.08158490899950266	25849856	0		2026-07-15T04:45:34.200386+00:00											
caat-sc	r01	c/goblint-regression/13-privatized_32-traces-mine-vs-oplus-vs-meet_true.yml	unreach-call	true	true	correct	0.063011653	0.0972508349805139	25907200	0		2026-07-15T04:45:34.275909+00:00											
caat-sc	r01	c/goblint-regression/13-privatized_33-traces-v-matters_true.yml	unreach-call	true	true	correct	0.063358008	0.08418206102214754	25829376	0		2026-07-15T04:45:34.115935+00:00											
caat-sc	r01	c/goblint-regression/13-privatized_34-traces-minepp-L-needs-to-be-um_true.yml	unreach-call	true	true	correct	0.077622552	0.0860073750372976	25821184	0		2026-07-15T04:45:34.302241+00:00											
caat-sc	r01	c/goblint-regression/13-privatized_35-traces-ex-2_true.yml	unreach-call	true	true	correct	0.068328026	0.11380811902927235	25825280	0		2026-07-15T04:45:33.697709+00:00											
caat-sc	r01	c/goblint-regression/13-privatized_36-traces-ex-3_true.yml	unreach-call	true	true	correct	0.062837687	0.07667439995566383	25722880	0		2026-07-15T04:45:33.631424+00:00											
caat-sc	r01	c/goblint-regression/13-privatized_37-traces-ex-4_true.yml	unreach-call	true	true	correct	0.077042893	0.10156484396429732	25866240	0		2026-07-15T04:45:33.709358+00:00											
caat-sc	r01	c/goblint-regression/13-privatized_38-traces-ex-4-switch_true.yml	unreach-call	true	true	correct	0.07441121	0.11554606398567557	25796608	0		2026-07-15T04:45:33.713148+00:00											
caat-sc	r01	c/goblint-regression/13-privatized_40-traces-ex-6_true.yml	unreach-call	true	true	correct	0.07607744	0.08187185804126784	25739264	0		2026-07-15T04:45:33.495353+00:00											
caat-sc	r01	c/goblint-regression/13-privatized_41-traces-ex-7_unknown_1_neg.yml	unreach-call	false	false(unreach-call)	correct	0.063125802	0.10379848204320297	25821184	42		2026-07-15T04:45:33.471238+00:00											
caat-sc	r01	c/goblint-regression/13-privatized_41-traces-ex-7_unknown_1_pos.yml	unreach-call	false	false(unreach-call)	correct	0.076306707	0.09187061904231086	25821184	42		2026-07-15T04:45:33.455581+00:00											
caat-sc	r01	c/goblint-regression/13-privatized_42-traces-ex-mini_true.yml	unreach-call	true	true	correct	0.06419117	0.10249479301273823	25825280	0		2026-07-15T04:45:34.053674+00:00											
caat-sc	r01	c/goblint-regression/13-privatized_44-traces-mine2_true.yml	unreach-call	true	true	correct	0.07529206	0.0863537400146015	25751552	0		2026-07-15T04:45:33.544983+00:00											
caat-sc	r01	c/goblint-regression/13-privatized_45-traces-per-global-and-current-lock-mine-incomparable_true.yml	unreach-call	true	true	correct	0.062409448	0.08728460100246593	25821184	0		2026-07-15T04:45:34.008211+00:00											
caat-sc	r01	c/goblint-regression/13-privatized_46-refine-protected1_true.yml	unreach-call	true	true	correct	0.073800442	0.08209577901288867	25735168	0		2026-07-15T04:45:33.430158+00:00											
caat-sc	r01	c/goblint-regression/13-privatized_47-refine-protected2_true.yml	unreach-call	true	true	correct	0.063417084	0.09894856298342347	25821184	0		2026-07-15T04:45:33.405141+00:00											
caat-sc	r01	c/goblint-regression/13-privatized_57-singlethreaded-unlock_true.yml	unreach-call	true	true	correct	0.085031392	0.09753006300888956	25804800	0		2026-07-15T04:45:33.347924+00:00											
caat-sc	r01	c/goblint-regression/13-privatized_58-singlethreaded-lock_true.yml	unreach-call	true	true	correct	0.063734208	0.07325725798727944	25825280	0		2026-07-15T04:45:33.512454+00:00											
caat-sc	r01	c/goblint-regression/13-privatized_66-mine-W-init_true.yml	unreach-call	true	true	correct	0.062684126	0.09438886295538396	25690112	0		2026-07-15T04:45:33.303515+00:00											
caat-sc	r01	c/goblint-regression/13-privatized_68-pfscan_protected_loop_minimal_interval_true.yml	unreach-call	true	true	correct	0.076871429	0.09499597898684442	25903104	0		2026-07-15T04:45:34.307293+00:00											
caat-sc	r01	c/goblint-regression/13-privatized_69-refine-protected-loop-interval_true.yml	unreach-call	true	true	correct	0.077587852	0.08536355895921588	25862144	0		2026-07-15T04:45:34.141891+00:00											
caat-sc	r01	c/goblint-regression/28-race_reach_01-simple_racing.yml	unreach-call	false	OUT OF MEMORY	error	44.86847118	46.357895826979075	3999997952		9	2026-07-15T04:45:34.813555+00:00											
caat-sc	r01	c/goblint-regression/28-race_reach_06-cond_racing1.yml	unreach-call	false	TIMEOUT	error	61.113771467	61.145662368042395	1456209920		9	2026-07-15T04:45:35.415497+00:00											
caat-sc	r01	c/goblint-regression/28-race_reach_11-ptr_racing.yml	unreach-call	false	TIMEOUT	error	61.117564622	61.13852305198088	1456119808		9	2026-07-15T04:45:34.826678+00:00											
caat-sc	r01	c/goblint-regression/28-race_reach_21-deref_read_racing.yml	unreach-call	false	false(unreach-call)	correct	6.010242757	6.0709039689973	56459264	42		2026-07-15T04:45:34.749109+00:00											
caat-sc	r01	c/goblint-regression/28-race_reach_24-sound_lock_racing.yml	unreach-call	false	OUT OF MEMORY	error	41.467644616	42.581748238997534	3999997952		9	2026-07-15T04:45:35.032517+00:00											
caat-sc	r01	c/goblint-regression/28-race_reach_37-indirect_racing.yml	unreach-call	false	TIMEOUT	error	61.121461094	61.1467966750497	1456128000		9	2026-07-15T04:45:34.739457+00:00											
caat-sc	r01	c/goblint-regression/28-race_reach_45-escape_racing.yml	unreach-call	false	false(unreach-call)	correct	0.063471142	0.10124584002187476	25817088	42		2026-07-15T04:45:34.800248+00:00											
caat-sc	r01	c/goblint-regression/28-race_reach_46-escape_racefree.yml	unreach-call	true	true	correct	0.067726932	0.1006264429888688	25808896	0		2026-07-15T04:45:34.794189+00:00											
caat-sc	r01	c/goblint-regression/36-apron_11-traces-max-simple_true.yml	unreach-call	true	true	correct	0.063599914	0.07704293401911855	25821184	0		2026-07-15T04:45:33.435670+00:00											
caat-sc	r01	c/goblint-regression/36-apron_16-traces-unprot2_true.yml	unreach-call	true	true	correct	0.061306281	0.0786125500453636	25698304	0		2026-07-15T04:45:33.330178+00:00											
caat-sc	r01	c/goblint-regression/36-apron_17-traces-rpb-litmus_unknown_1_neg.yml	unreach-call	false	false(unreach-call)	correct	0.063718578	0.08059123600833118	25829376	42		2026-07-15T04:45:34.174811+00:00											
caat-sc	r01	c/goblint-regression/36-apron_21-traces-cluster-based_true.yml	unreach-call	true	true	correct	0.068258194	0.08797648001927882	25956352	0		2026-07-15T04:45:34.418027+00:00											
caat-sc	r01	c/goblint-regression/36-apron_22-traces-write-centered-vs-meet-mutex_true_no-overflow.yml	unreach-call	true	true	correct	0.067948094	0.10508986201602966	25821184	0		2026-07-15T04:45:34.451677+00:00											
caat-sc	r01	c/goblint-regression/36-apron_41-threadenter-no-locals_unknown_1_pos.yml	unreach-call	false	false(unreach-call)	correct	0.078604538	0.0927555889938958	25788416	42		2026-07-15T04:45:33.353919+00:00											
caat-sc	r01	c/ldv-races/race-1_1-join.yml	unreach-call	true	true	correct	0.068072513	0.14548632001969963	26103808	0		2026-07-15T04:45:35.699738+00:00											
caat-sc	r01	c/ldv-races/race-1_2-join.yml	unreach-call	false	false(unreach-call)	correct	0.08647741	0.11901597800897434	25993216	42		2026-07-15T04:45:35.806615+00:00											
caat-sc	r01	c/ldv-races/race-1_3-join.yml	unreach-call	false	false(unreach-call)	correct	0.069468459	0.16183952102437615	26066944	42		2026-07-15T04:45:35.721766+00:00											
caat-sc	r01	c/ldv-races/race-2_1-container_of.yml	unreach-call	true	true	correct	0.071552076	0.18994182598544285	26177536	0		2026-07-15T04:45:35.915058+00:00											
caat-sc	r01	c/ldv-races/race-3_1-container_of-global.yml	unreach-call	true	true	correct	0.071752746	0.16868334298487753	26087424	0		2026-07-15T04:45:35.831811+00:00											
caat-sc	r01	c/ldv-races/race-4_1-thread_local_vars.yml	unreach-call	true	true	correct	0.072326364	0.16658320103306323	26087424	0		2026-07-15T04:45:35.885697+00:00											
caat-sc	r01	c/pthread-C-DAC/pthread-demo-datarace-3.yml	unreach-call	false	false(unreach-call)	correct	0.152548563	0.2883932300028391	25821184	42		2026-07-15T04:45:35.600757+00:00											
caat-sc	r01	c/pthread-atomic/dekker-unfair.yml	unreach-call	true	true	correct	0.066392834	0.15861857996787876	25862144	0		2026-07-15T04:45:35.130976+00:00											
caat-sc	r01	c/pthread-atomic/dekker.yml	unreach-call	true	true	correct	0.066504105	0.13949039299041033	25886720	0		2026-07-15T04:45:35.150066+00:00											
caat-sc	r01	c/pthread-atomic/szymanski.yml	unreach-call	true	true	correct	0.085103324	0.10108189698075876	25821184	0		2026-07-15T04:45:35.121754+00:00											
caat-sc	r01	c/pthread-atomic/time_var_mutex.yml	unreach-call	true	true	correct	0.063399561	0.10041987098520622	25956352	0		2026-07-15T04:45:34.658848+00:00											
caat-sc	r01	c/pthread-deagle/circular_buffer_bad.yml	unreach-call	false	false(unreach-call)	correct	0.084639146	0.10583301802398637	25886720	42		2026-07-15T04:45:34.867921+00:00											
caat-sc	r01	c/pthread-deagle/circular_buffer_ok.yml	unreach-call	true	true	correct	5.578362682	5.6812885029939935	25968640	0		2026-07-15T04:45:35.092419+00:00											
caat-sc	r01	c/pthread-ext/01b_inc.yml	unreach-call	true	true	correct	0.075590233	0.09115074400324374	25739264	0		2026-07-15T04:45:34.650245+00:00											
caat-sc	r01	c/pthread-ext/02_inc_cas.yml	unreach-call	true	true	correct	0.065282821	0.11014629399869591	25812992	0		2026-07-15T04:45:34.732749+00:00											
caat-sc	r01	c/pthread-ext/14_spin2003.yml	unreach-call	true	true	correct	0.082374935	0.09533536504022777	25796608	0		2026-07-15T04:45:34.439780+00:00											
caat-sc	r01	c/pthread-ext/29_conditionals_vs.yml	unreach-call	true	true	correct	0.076461097	0.09124639601213858	25792512	0		2026-07-15T04:45:34.493005+00:00											
caat-sc	r01	c/pthread-ext/43_NetBSD_sysmon_power_sliced.yml	unreach-call	true	true	correct	0.064222404	0.1581677719950676	25821184	0		2026-07-15T04:45:35.474784+00:00											
caat-sc	r01	c/pthread-ext/45_monabsex1_vs.yml	unreach-call	true	true	correct	0.075555384	0.0941896089934744	25837568	0		2026-07-15T04:45:34.540783+00:00											
caat-sc	r01	c/pthread-ext/46_monabsex2_vs.yml	unreach-call	true	true	correct	0.076604886	0.09098993096267805	25817088	0		2026-07-15T04:45:34.484609+00:00											
caat-sc	r01	c/pthread-ext/48_ticket_lock_low_contention_vs-pthread.yml	unreach-call	true	true	correct	0.065650109	0.09610066300956532	25825280	0		2026-07-15T04:45:34.509310+00:00											
caat-sc	r01	c/pthread-ext/48_ticket_lock_low_contention_vs.yml	unreach-call	true	true	correct	0.065835261	0.0735826050513424	25821184	0		2026-07-15T04:45:34.733208+00:00											
caat-sc	r01	c/pthread-theta/exponential-nondet.yml	unreach-call	true	true	correct	0.082769582	0.12886483897455037	25903104	0		2026-07-15T04:45:35.217128+00:00											
caat-sc	r01	c/pthread-theta/unwind2-1.yml	unreach-call	false	false(unreach-call)	correct	0.066883778	0.25178618100471795	25956352	42		2026-07-15T04:45:35.277129+00:00											
caat-sc	r01	c/pthread-theta/unwind2-100.yml	unreach-call	false	false(unreach-call)	correct	0.068396058	0.16145920503186062	25862144	42		2026-07-15T04:45:35.375479+00:00											
caat-sc	r01	c/pthread-theta/unwind3-1.yml	unreach-call	false	false(unreach-call)	correct	0.083347622	0.09312439599307254	25952256	42		2026-07-15T04:45:35.211949+00:00											
caat-sc	r01	c/pthread/butterfly.yml	unreach-call	true	true	correct	23.834908632	25.531510607979726	26062848	0		2026-07-15T04:45:35.301722+00:00											
caat-sc	r01	c/pthread/fib_safe-5.yml	unreach-call	true	true	correct	7.186012293	7.196619971015025	25890816	0		2026-07-15T04:45:34.888462+00:00											
caat-sc	r01	c/pthread/fib_safe-6.yml	unreach-call	true	true	correct	39.609926791	39.790706956002396	25825280	0		2026-07-15T04:45:34.953236+00:00											
caat-sc	r01	c/pthread/fib_unsafe-5.yml	unreach-call	false	false(unreach-call)	correct	1.712676821	2.447013843979221	25825280	42		2026-07-15T04:45:34.931103+00:00											
caat-sc	r01	c/pthread/fib_unsafe-6.yml	unreach-call	false	false(unreach-call)	correct	9.772558286	9.829004772007465	25923584	42		2026-07-15T04:45:34.944933+00:00											
caat-sc	r01	c/pthread/fib_unsafe-7.yml	unreach-call	false	false(unreach-call)	correct	56.544112549	56.69653359299991	25821184	42		2026-07-15T04:45:34.992263+00:00											
caat-sc	r01	c/pthread/lazy01.yml	unreach-call	false	false(unreach-call)	correct	0.082794285	0.10205297998618335	25935872	42		2026-07-15T04:45:35.019923+00:00											
caat-sc	r01	c/pthread/queue.yml	unreach-call	false	false(unreach-call)	correct	0.123261063	0.18712307600071654	26058752	42		2026-07-15T04:45:35.572990+00:00											
caat-sc	r01	c/pthread/queue_longer.yml	unreach-call	false	TIMEOUT	error	60.865847602	61.05461445002584	387506176		9	2026-07-15T04:45:35.466679+00:00											
caat-sc	r01	c/pthread/queue_ok.yml	unreach-call	true	true	correct	0.0725645	0.17284725699573755	25948160	0		2026-07-15T04:45:35.276025+00:00											
caat-sc	r01	c/pthread/queue_ok_longer.yml	unreach-call	true	true	correct	2.67399496	2.924079055956099	164454400	0		2026-07-15T04:45:35.579328+00:00											
caat-sc	r01	c/pthread/queue_ok_longest.yml	unreach-call	true	true	correct	16.008166409	16.22420230496209	613183488	0		2026-07-15T04:45:35.522502+00:00											
caat-sc	r01	c/pthread/reorder_2.yml	unreach-call	false	false(unreach-call)	correct	0.211142753	0.28749265102669597	25923584	42		2026-07-15T04:45:35.690418+00:00											
caat-sc	r01	c/pthread/singleton.yml	unreach-call	false	false(unreach-call)	correct	0.07210418	0.15834776300471276	26030080	42		2026-07-15T04:45:35.579606+00:00											
caat-sc	r01	c/pthread/singleton_with-uninit-problems.yml	unreach-call	true	true	correct	0.093951248	0.19404144096188247	26144768	0		2026-07-15T04:45:35.565919+00:00											
caat-sc	r01	c/pthread/stateful01-1.yml	unreach-call	false	false(unreach-call)	correct	0.063632556	0.10147795698139817	25956352	42		2026-07-15T04:45:34.572303+00:00											
caat-sc	r01	c/pthread/stateful01-2.yml	unreach-call	true	true	correct	0.062736328	0.1023556730360724	25849856	0		2026-07-15T04:45:34.578681+00:00											
caat-sc	r01	c/pthread/triangular-1.yml	unreach-call	true	true	correct	6.875702409	7.0482203449937515	25944064	0		2026-07-15T04:45:34.650113+00:00											
caat-sc	r01	c/pthread/triangular-2.yml	unreach-call	false	false(unreach-call)	correct	1.957852125	1.9720864070113748	25837568	42		2026-07-15T04:45:34.710188+00:00											
caat-sc	r01	c/pthread/twostage_3.yml	unreach-call	false	false(unreach-call)	correct	0.102254067	0.17881160002434626	26132480	42		2026-07-15T04:45:35.730746+00:00											
caat-tso	r01	c/goblint-regression/13-privatized_01-priv_nr_true.yml	unreach-call	true	true	correct	0.068480902	0.07630626700120047	25956352	0		2026-07-15T04:46:39.263910+00:00											
caat-tso	r01	c/goblint-regression/13-privatized_18-first-reads_true.yml	unreach-call	true	true	correct	0.081545973	0.09244922501966357	25956352	0		2026-07-15T04:46:39.127107+00:00											
caat-tso	r01	c/goblint-regression/13-privatized_18-first-reads_unknown_1_neg.yml	unreach-call	false	false(unreach-call)	correct	0.081886506	0.08841713704168797	25956352	42		2026-07-15T04:46:39.094516+00:00											
caat-tso	r01	c/goblint-regression/13-privatized_18-first-reads_unknown_2_pos.yml	unreach-call	false	false(unreach-call)	correct	0.065482036	0.07366440998157486	26046464	42		2026-07-15T04:46:39.086980+00:00											
caat-tso	r01	c/goblint-regression/13-privatized_19-publish-precision_true.yml	unreach-call	true	true	correct	0.079115574	0.0888064070022665	25956352	0		2026-07-15T04:46:39.308369+00:00											
caat-tso	r01	c/goblint-regression/13-privatized_19-publish-precision_unknown_1_neg.yml	unreach-call	false	false(unreach-call)	correct	0.081546989	0.087331804970745	25952256	42		2026-07-15T04:46:39.245524+00:00											
caat-tso	r01	c/goblint-regression/13-privatized_19-publish-precision_unknown_1_pos.yml	unreach-call	false	false(unreach-call)	correct	0.063761892	0.07422278501326218	26017792	42		2026-07-15T04:46:39.209631+00:00											
caat-tso	r01	c/goblint-regression/13-privatized_19-publish-precision_unknown_2_neg.yml	unreach-call	false	false(unreach-call)	correct	0.067966022	0.07135898602427915	25915392	42		2026-07-15T04:46:39.257625+00:00											
caat-tso	r01	c/goblint-regression/13-privatized_19-publish-precision_unknown_2_pos.yml	unreach-call	false	false(unreach-call)	correct	0.079409509	0.08715126698371023	25903104	42		2026-07-15T04:46:39.216973+00:00											
caat-tso	r01	c/goblint-regression/13-privatized_20-publish-regression_true.yml	unreach-call	true	true	correct	0.07676355	0.08848986198427156	25960448	0		2026-07-15T04:46:39.388050+00:00											
caat-tso	r01	c/goblint-regression/13-privatized_24-multiple-protecting_true.yml	unreach-call	true	true	correct	0.083180895	0.09223365399520844	26087424	0		2026-07-15T04:46:39.456262+00:00											
caat-tso	r01	c/goblint-regression/13-privatized_25-struct_nr_true.yml	unreach-call	true	true	correct	0.081487945	0.08895553898764774	25952256	0		2026-07-15T04:46:39.319327+00:00											
caat-tso	r01	c/goblint-regression/13-privatized_27-multiple-protecting2_true.yml	unreach-call	true	true	correct	0.078907851	0.08491411397699267	26091520	0		2026-07-15T04:46:39.507083+00:00											
caat-tso	r01	c/goblint-regression/13-privatized_29-multiple-protecting2-vesal_true.yml	unreach-call	true	true	correct	0.06684333	0.07274899299954996	26042368	0		2026-07-15T04:46:39.448829+00:00											
caat-tso	r01	c/goblint-regression/13-privatized_30-traces-oplus-vs-meet_true.yml	unreach-call	true	true	correct	0.076636046	0.08480110799428076	25960448	0		2026-07-15T04:46:39.376190+00:00											
caat-tso	r01	c/goblint-regression/13-privatized_31-traces-mine-vs-mutex_true.yml	unreach-call	true	true	correct	0.068746022	0.07713192602386698	26030080	0		2026-07-15T04:46:39.376359+00:00											
caat-tso	r01	c/goblint-regression/13-privatized_32-traces-mine-vs-oplus-vs-meet_true.yml	unreach-call	true	true	correct	0.079213589	0.08773781202035025	25980928	0		2026-07-15T04:46:39.409722+00:00											
caat-tso	r01	c/goblint-regression/13-privatized_33-traces-v-matters_true.yml	unreach-call	true	true	correct	0.069027158	0.0848316490300931	25939968	0		2026-07-15T04:46:39.315900+00:00											
caat-tso	r01	c/goblint-regression/13-privatized_34-traces-minepp-L-needs-to-be-um_true.yml	unreach-call	true	true	correct	0.066976541	0.0759235680452548	25980928	0		2026-07-15T04:46:39.414322+00:00											
caat-tso	r01	c/goblint-regression/13-privatized_35-traces-ex-2_true.yml	unreach-call	true	true	correct	0.06573332	0.07059176795883104	25956352	0		2026-07-15T04:46:39.143208+00:00											
caat-tso	r01	c/goblint-regression/13-privatized_36-traces-ex-3_true.yml	unreach-call	true	true	correct	0.064965845	0.06952464999631047	25960448	0		2026-07-15T04:46:39.109154+00:00											
caat-tso	r01	c/goblint-regression/13-privatized_37-traces-ex-4_true.yml	unreach-call	true	true	correct	0.080521856	0.08577295002760366	26025984	0		2026-07-15T04:46:39.157779+00:00											
caat-tso	r01	c/goblint-regression/13-privatized_38-traces-ex-4-switch_true.yml	unreach-call	true	true	correct	0.066374275	0.07579170999815688	25956352	0		2026-07-15T04:46:39.187593+00:00											
caat-tso	r01	c/goblint-regression/13-privatized_40-traces-ex-6_true.yml	unreach-call	true	true	correct	0.080014578	0.09077230701223016	25944064	0		2026-07-15T04:46:39.046087+00:00											
caat-tso	r01	c/goblint-regression/13-privatized_41-traces-ex-7_unknown_1_neg.yml	unreach-call	false	false(unreach-call)	correct	0.065522603	0.07383418903918937	25960448	42		2026-07-15T04:46:39.027987+00:00											
caat-tso	r01	c/goblint-regression/13-privatized_41-traces-ex-7_unknown_1_pos.yml	unreach-call	false	false(unreach-call)	correct	0.083056631	0.08984774799318984	25915392	42		2026-07-15T04:46:39.015827+00:00											
caat-tso	r01	c/goblint-regression/13-privatized_42-traces-ex-mini_true.yml	unreach-call	true	true	correct	0.08293847	0.08915876300306991	25931776	0		2026-07-15T04:46:39.315031+00:00											
caat-tso	r01	c/goblint-regression/13-privatized_44-traces-mine2_true.yml	unreach-call	true	true	correct	0.082947917	0.08546372194541618	25956352	0		2026-07-15T04:46:39.076354+00:00											
caat-tso	r01	c/goblint-regression/13-privatized_45-traces-per-global-and-current-lock-mine-incomparable_true.yml	unreach-call	true	true	correct	0.064574791	0.07203033799305558	25956352	0		2026-07-15T04:46:39.269593+00:00											
caat-tso	r01	c/goblint-regression/13-privatized_46-refine-protected1_true.yml	unreach-call	true	true	correct	0.079747059	0.0877442309865728	25948160	0		2026-07-15T04:46:38.992816+00:00											
caat-tso	r01	c/goblint-regression/13-privatized_47-refine-protected2_true.yml	unreach-call	true	true	correct	0.062728967	0.06912360002752393	25952256	0		2026-07-15T04:46:38.979779+00:00											
caat-tso	r01	c/goblint-regression/13-privatized_57-singlethreaded-unlock_true.yml	unreach-call	true	true	correct	0.081976893	0.10034632898168638	25948160	0		2026-07-15T04:46:38.965876+00:00											
caat-tso	r01	c/goblint-regression/13-privatized_58-singlethreaded-lock_true.yml	unreach-call	true	true	correct	0.067023436	0.06984191801166162	25907200	0		2026-07-15T04:46:39.064027+00:00											
caat-tso	r01	c/goblint-regression/13-privatized_66-mine-W-init_true.yml	unreach-call	true	true	correct	0.064896791	0.0864555700100027	25841664	0		2026-07-15T04:46:38.912169+00:00											
caat-tso	r01	c/goblint-regression/13-privatized_68-pfscan_protected_loop_minimal_interval_true.yml	unreach-call	true	true	correct	0.082390017	0.09083369304426014	26087424	0		2026-07-15T04:46:39.426566+00:00											
caat-tso	r01	c/goblint-regression/13-privatized_69-refine-protected-loop-interval_true.yml	unreach-call	true	true	correct	0.068943677	0.07296661200234666	25960448	0		2026-07-15T04:46:39.347156+00:00											
caat-tso	r01	c/goblint-regression/28-race_reach_01-simple_racing.yml	unreach-call	false	TIMEOUT	error	61.084077709	61.173082368972246	1657004032		9	2026-07-15T04:46:39.803215+00:00											
caat-tso	r01	c/goblint-regression/28-race_reach_06-cond_racing1.yml	unreach-call	false	OUT OF MEMORY	error	49.008953801	49.01728726999136	3999997952		9	2026-07-15T04:46:40.103226+00:00											
caat-tso	r01	c/goblint-regression/28-race_reach_11-ptr_racing.yml	unreach-call	false	OUT OF MEMORY	error	51.738832356	51.76072301401291	3999997952		9	2026-07-15T04:46:39.825639+00:00											
caat-tso	r01	c/goblint-regression/28-race_reach_21-deref_read_racing.yml	unreach-call	false	false(unreach-call)	correct	4.072993813	4.087450612976681	56987648	42		2026-07-15T04:46:39.730447+00:00											
caat-tso	r01	c/goblint-regression/28-race_reach_24-sound_lock_racing.yml	unreach-call	false	TIMEOUT	error	61.147063522	61.159752177016344	1657090048		9	2026-07-15T04:46:39.945115+00:00											
caat-tso	r01	c/goblint-regression/28-race_reach_37-indirect_racing.yml	unreach-call	false	TIMEOUT	error	61.151908971	61.16550467297202	1657024512		9	2026-07-15T04:46:39.759164+00:00											
caat-tso	r01	c/goblint-regression/28-race_reach_45-escape_racing.yml	unreach-call	false	false(unreach-call)	correct	0.08286355	0.08836912299739197	26087424	42		2026-07-15T04:46:39.792138+00:00											
caat-tso	r01	c/goblint-regression/28-race_reach_46-escape_racefree.yml	unreach-call	true	true	correct	0.065681667	0.07717519998550415	26021888	0		2026-07-15T04:46:39.891646+00:00											
caat-tso	r01	c/goblint-regression/36-apron_11-traces-max-simple_true.yml	unreach-call	true	true	correct	0.064456635	0.06833762204041705	25923584	0		2026-07-15T04:46:39.006314+00:00											
caat-tso	r01	c/goblint-regression/36-apron_16-traces-unprot2_true.yml	unreach-call	true	true	correct	0.060951604	0.06660577200818807	25952256	0		2026-07-15T04:46:38.965649+00:00											
caat-tso	r01	c/goblint-regression/36-apron_17-traces-rpb-litmus_unknown_1_neg.yml	unreach-call	false	false(unreach-call)	correct	0.067655095	0.07803743798285723	25939968	42		2026-07-15T04:46:39.365654+00:00											
caat-tso	r01	c/goblint-regression/36-apron_21-traces-cluster-based_true.yml	unreach-call	true	true	correct	0.070675371	0.07825747400056571	26140672	0		2026-07-15T04:46:39.476756+00:00											
caat-tso	r01	c/goblint-regression/36-apron_22-traces-write-centered-vs-meet-mutex_true_no-overflow.yml	unreach-call	true	true	correct	0.083562871	0.08682135003618896	26087424	0		2026-07-15T04:46:39.486413+00:00											
caat-tso	r01	c/goblint-regression/36-apron_41-threadenter-no-locals_unknown_1_pos.yml	unreach-call	false	false(unreach-call)	correct	0.083729278	0.10206997900968418	25956352	42		2026-07-15T04:46:38.924556+00:00											
caat-tso	r01	c/ldv-races/race-1_1-join.yml	unreach-call	true	true	correct	0.092202448	0.11011118500027806	26140672	0		2026-07-15T04:46:40.438096+00:00											
caat-tso	r01	c/ldv-races/race-1_2-join.yml	unreach-call	false	false(unreach-call)	correct	0.075213294	0.08425954700214788	26185728	42		2026-07-15T04:46:40.412764+00:00											
caat-tso	r01	c/ldv-races/race-1_3-join.yml	unreach-call	false	false(unreach-call)	correct	0.092731441	0.09929738403297961	26234880	42		2026-07-15T04:46:40.421339+00:00											
caat-tso	r01	c/ldv-races/race-2_1-container_of.yml	unreach-call	true	true	correct	0.072608222	0.08617255900753662	26353664	0		2026-07-15T04:46:40.388441+00:00											
caat-tso	r01	c/ldv-races/race-3_1-container_of-global.yml	unreach-call	true	true	correct	0.096368324	0.10183726600371301	26296320	0		2026-07-15T04:46:40.451905+00:00											
caat-tso	r01	c/ldv-races/race-4_1-thread_local_vars.yml	unreach-call	true	true	correct	0.078953294	0.08802265900885686	26357760	0		2026-07-15T04:46:40.444034+00:00											
caat-tso	r01	c/pthread-C-DAC/pthread-demo-datarace-3.yml	unreach-call	false	false(unreach-call)	correct	0.191189954	0.20872778998455033	26013696	42		2026-07-15T04:46:40.315789+00:00											
caat-tso	r01	c/pthread-atomic/dekker-unfair.yml	unreach-call	true	true	correct	0.070401781	0.07970325800124556	26071040	0		2026-07-15T04:46:40.022904+00:00											
caat-tso	r01	c/pthread-atomic/dekker.yml	unreach-call	true	true	correct	0.085305912	0.09333762701135129	26079232	0		2026-07-15T04:46:40.015508+00:00											
caat-tso	r01	c/pthread-atomic/szymanski.yml	unreach-call	true	true	correct	0.086972309	0.10314665798796341	25989120	0		2026-07-15T04:46:40.005961+00:00											
caat-tso	r01	c/pthread-atomic/time_var_mutex.yml	unreach-call	true	true	correct	0.066546368	0.07346300903009251	26058752	0		2026-07-15T04:46:39.633270+00:00											
caat-tso	r01	c/pthread-deagle/circular_buffer_bad.yml	unreach-call	false	false(unreach-call)	correct	0.085682884	0.09203697403427213	26120192	42		2026-07-15T04:46:39.874880+00:00											
caat-tso	r01	c/pthread-deagle/circular_buffer_ok.yml	unreach-call	true	true	correct	7.855153687	7.861361146962736	26083328	0		2026-07-15T04:46:40.000896+00:00											
caat-tso	r01	c/pthread-ext/01b_inc.yml	unreach-call	true	true	correct	0.065919485	0.07336372800637037	26021888	0		2026-07-15T04:46:39.651521+00:00											
caat-tso	r01	c/pthread-ext/02_inc_cas.yml	unreach-call	true	true	correct	0.065714497	0.10462190897669643	25960448	0		2026-07-15T04:46:39.764918+00:00											
caat-tso	r01	c/pthread-ext/14_spin2003.yml	unreach-call	true	true	correct	0.079014803	0.08406001498224214	25956352	0		2026-07-15T04:46:39.513509+00:00											
caat-tso	r01	c/pthread-ext/29_conditionals_vs.yml	unreach-call	true	true	correct	0.065346516	0.07085664803162217	25956352	0		2026-07-15T04:46:39.542821+00:00											
caat-tso	r01	c/pthread-ext/43_NetBSD_sysmon_power_sliced.yml	unreach-call	true	true	correct	0.0814293	0.09613934200024232	25976832	0		2026-07-15T04:46:40.096191+00:00											
caat-tso	r01	c/pthread-ext/45_monabsex1_vs.yml	unreach-call	true	true	correct	0.063778662	0.07122044201241806	25976832	0		2026-07-15T04:46:39.586773+00:00											
caat-tso	r01	c/pthread-ext/46_monabsex2_vs.yml	unreach-call	true	true	correct	0.066867217	0.07099085097433999	25956352	0		2026-07-15T04:46:39.578234+00:00											
caat-tso	r01	c/pthread-ext/48_ticket_lock_low_contention_vs-pthread.yml	unreach-call	true	true	correct	0.079421568	0.0869290679693222	25960448	0		2026-07-15T04:46:39.550483+00:00											
caat-tso	r01	c/pthread-ext/48_ticket_lock_low_contention_vs.yml	unreach-call	true	true	correct	0.065266585	0.10364824603311718	26079232	0		2026-07-15T04:46:39.765407+00:00											
caat-tso	r01	c/pthread-theta/exponential-nondet.yml	unreach-call	true	true	correct	0.066966115	0.08126743201864883	26112000	0		2026-07-15T04:46:40.027759+00:00											
caat-tso	r01	c/pthread-theta/unwind2-1.yml	unreach-call	false	false(unreach-call)	correct	0.082339884	0.09905243600951508	26099712	42		2026-07-15T04:46:40.050553+00:00											
caat-tso	r01	c/pthread-theta/unwind2-100.yml	unreach-call	false	false(unreach-call)	correct	0.068656506	0.08001215697731823	26075136	42		2026-07-15T04:46:40.063681+00:00											
caat-tso	r01	c/pthread-theta/unwind3-1.yml	unreach-call	false	false(unreach-call)	correct	0.083835531	0.09153496299404651	26112000	42		2026-07-15T04:46:40.038236+00:00											
caat-tso	r01	c/pthread/butterfly.yml	unreach-call	true	true	correct	39.745983669	39.75927009899169	26087424	0		2026-07-15T04:46:40.077928+00:00											
caat-tso	r01	c/pthread/fib_safe-5.yml	unreach-call	true	true	correct	10.597937518	10.606732976972125	25989120	0		2026-07-15T04:46:39.909090+00:00											
caat-tso	r01	c/pthread/fib_safe-6.yml	unreach-call	true	true	correct	58.070652163	58.08360013802303	26017792	0		2026-07-15T04:46:39.852901+00:00											
caat-tso	r01	c/pthread/fib_unsafe-5.yml	unreach-call	false	false(unreach-call)	correct	2.880671732	2.892126118997112	25939968	42		2026-07-15T04:46:39.883586+00:00											
caat-tso	r01	c/pthread/fib_unsafe-6.yml	unreach-call	false	false(unreach-call)	correct	17.632261731	17.655530864023603	25968640	42		2026-07-15T04:46:39.924142+00:00											
caat-tso	r01	c/pthread/fib_unsafe-7.yml	unreach-call	false	TIMEOUT	error	61.005032071	61.02027142903535	25960448		9	2026-07-15T04:46:39.932909+00:00											
caat-tso	r01	c/pthread/lazy01.yml	unreach-call	false	false(unreach-call)	correct	0.068728147	0.07371372496709228	26054656	42		2026-07-15T04:46:39.976107+00:00											
caat-tso	r01	c/pthread/queue.yml	unreach-call	false	false(unreach-call)	correct	0.134573897	0.14334398304345086	26161152	42		2026-07-15T04:46:40.305717+00:00											
caat-tso	r01	c/pthread/queue_longer.yml	unreach-call	false	TIMEOUT	error	60.991148715	61.045235461962875	420212736		9	2026-07-15T04:46:40.268277+00:00											
caat-tso	r01	c/pthread/queue_ok.yml	unreach-call	true	true	correct	0.093094353	0.10793504904722795	26165248	0		2026-07-15T04:46:40.113120+00:00											
caat-tso	r01	c/pthread/queue_ok_longer.yml	unreach-call	true	true	correct	3.642136304	3.650539426947944	313319424	0		2026-07-15T04:46:40.112862+00:00											
caat-tso	r01	c/pthread/queue_ok_longest.yml	unreach-call	true	true	correct	24.286930736	24.302277754002716	1205428224	0		2026-07-15T04:46:40.117395+00:00											
caat-tso	r01	c/pthread/reorder_2.yml	unreach-call	false	false(unreach-call)	correct	0.204635721	0.21561880101216957	26198016	42		2026-07-15T04:46:40.371527+00:00											
caat-tso	r01	c/pthread/singleton.yml	unreach-call	false	false(unreach-call)	correct	0.080089	0.0957130829920061	26218496	42		2026-07-15T04:46:40.305849+00:00											
caat-tso	r01	c/pthread/singleton_with-uninit-problems.yml	unreach-call	true	true	correct	0.075877464	0.09245135798119009	26251264	0		2026-07-15T04:46:40.316535+00:00											
caat-tso	r01	c/pthread/stateful01-1.yml	unreach-call	false	false(unreach-call)	correct	0.081355519	0.08924486499745399	25980928	42		2026-07-15T04:46:39.593556+00:00											
caat-tso	r01	c/pthread/stateful01-2.yml	unreach-call	true	true	correct	0.08046967	0.09084121201885864	25964544	0		2026-07-15T04:46:39.616159+00:00											
caat-tso	r01	c/pthread/triangular-1.yml	unreach-call	true	true	correct	12.057980942	12.117045986000448	26030080	0		2026-07-15T04:46:39.669856+00:00											
caat-tso	r01	c/pthread/triangular-2.yml	unreach-call	false	false(unreach-call)	correct	2.76280802	2.7716921510291286	26087424	42		2026-07-15T04:46:39.696982+00:00											
caat-tso	r01	c/pthread/twostage_3.yml	unreach-call	false	false(unreach-call)	correct	0.10823764	0.1290907469810918	26275840	42		2026-07-15T04:46:40.394294+00:00											
