log	preventive-syncs	preventive-retentions	preventive-adaptive-retentions	preventive-used-checkpoints	preventive-adaptive-used	preventive-rollback-hits	preventive-unused-discards	preventive-live-checkpoints	preventive-unused-live	max-history-base-bytes	max-preventive-history-base-bytes	retained-undo-bytes	peak-undo-bytes	retained-snapshot-equivalent-bytes	peak-snapshot-equivalent-bytes	offline-evals	sync-ns	history-ns	checkpoint-ns	rollback-ns
caat-pso.preventive-pruning.13-privatized_66-mine-W-init_true.yml.log	0	0	0	0	0	0	0	0	0	0	0	0	0	0	0	0	0	0	0	0
caat-pso.preventive-pruning.36-apron_16-traces-unprot2_true.yml.log	0	0	0	0	0	0	0	0	0	0	0	0	0	0	0	0	0	0	0	0
caat-pso.preventive-pruning.13-privatized_57-singlethreaded-unlock_true.yml.log	1	1	0	0	0	0	0	1	1	464	464	0	0	3288	3288	1	64788	0	1051	0
caat-pso.preventive-pruning.13-privatized_47-refine-protected2_true.yml.log	6	6	5	0	0	0	5	1	1	1112	1112	0	0	7464	7464	8	354709	0	2604	0
caat-pso.preventive-pruning.36-apron_41-threadenter-no-locals_unknown_1_pos.yml.log	0	0	0	0	0	0	0	0	0	0	0	0	0	0	0	0	0	0	0	0
caat-pso.preventive-pruning.13-privatized_46-refine-protected1_true.yml.log	3	3	2	0	0	0	2	1	1	1040	1040	0	0	7000	7000	3	158069	0	1724	0
caat-pso.preventive-pruning.36-apron_11-traces-max-simple_true.yml.log	6	6	5	0	0	0	5	1	1	1184	1184	0	0	7928	7928	8	380358	0	2501	0
caat-pso.preventive-pruning.13-privatized_41-traces-ex-7_unknown_1_pos.yml.log	7	7	6	0	0	0	6	1	1	1472	1472	0	0	9784	9784	8	430186	0	2874	0
caat-pso.preventive-pruning.13-privatized_40-traces-ex-6_true.yml.log	8	8	7	0	0	0	7	1	1	1544	1544	0	0	10248	10248	10	533952	0	3280	0
caat-pso.preventive-pruning.13-privatized_41-traces-ex-7_unknown_1_neg.yml.log	1	1	0	0	0	0	0	1	1	680	680	0	0	4680	4680	1	56717	0	790	0
caat-pso.preventive-pruning.13-privatized_44-traces-mine2_true.yml.log	5	5	4	0	0	0	4	1	1	1616	1616	0	0	10712	10712	6	354905	0	2356	0
caat-pso.preventive-pruning.13-privatized_58-singlethreaded-lock_true.yml.log	2	2	1	0	0	0	1	1	1	608	608	0	0	4216	4216	2	97683	0	1136	0
caat-pso.preventive-pruning.13-privatized_36-traces-ex-3_true.yml.log	17	17	16	0	0	0	16	1	1	1616	1616	0	0	10712	10712	21	1107411	0	5297	0
caat-pso.preventive-pruning.13-privatized_18-first-reads_unknown_2_pos.yml.log	2	2	1	0	0	0	2	0	0	608	608	0	0	4216	4216	3	89921	0	909	0
caat-pso.preventive-pruning.13-privatized_18-first-reads_unknown_1_neg.yml.log	2	2	1	0	0	0	2	0	0	608	608	0	0	4216	4216	3	138652	0	1433	0
caat-pso.preventive-pruning.13-privatized_18-first-reads_true.yml.log	6	6	5	0	0	0	5	1	1	1184	1184	0	0	7928	7928	8	396701	0	2760	0
caat-pso.preventive-pruning.13-privatized_35-traces-ex-2_true.yml.log	20	20	19	0	0	0	19	1	1	1832	1832	0	0	12104	12104	24	1308557	0	4960	0
caat-pso.preventive-pruning.13-privatized_19-publish-precision_unknown_1_pos.yml.log	4	4	3	0	0	0	3	1	1	1184	1184	0	0	7928	7928	5	257106	0	1991	0
caat-pso.preventive-pruning.13-privatized_38-traces-ex-4-switch_true.yml.log	20	20	19	0	0	0	19	1	1	1832	1832	0	0	12104	12104	24	1311773	0	5102	0
caat-pso.preventive-pruning.13-privatized_37-traces-ex-4_true.yml.log	16	16	15	0	0	0	15	1	1	1832	1832	0	0	12104	12104	18	1020928	0	4892	0
caat-pso.preventive-pruning.13-privatized_19-publish-precision_unknown_2_pos.yml.log	0	0	0	0	0	0	0	0	0	0	0	0	0	0	0	0	0	0	0	0
caat-pso.preventive-pruning.13-privatized_19-publish-precision_unknown_2_neg.yml.log	4	4	3	0	0	0	3	1	1	1184	1184	0	0	7928	7928	5	252331	0	1930	0
caat-pso.preventive-pruning.13-privatized_01-priv_nr_true.yml.log	6	6	5	0	0	0	5	1	1	1616	1616	0	0	10712	10712	8	479628	0	2453	0
caat-pso.preventive-pruning.13-privatized_19-publish-precision_unknown_1_neg.yml.log	0	0	0	0	0	0	0	0	0	0	0	0	0	0	0	0	0	0	0	0
caat-pso.preventive-pruning.13-privatized_19-publish-precision_true.yml.log	16	16	15	0	0	0	15	1	1	1688	1688	0	0	11176	11176	20	1084427	0	4638	0
caat-pso.preventive-pruning.13-privatized_45-traces-per-global-and-current-lock-mine-incomparable_true.yml.log	20	20	19	0	0	0	19	1	1	1832	1832	0	0	12104	12104	23	1281900	0	5954	0
caat-pso.preventive-pruning.13-privatized_42-traces-ex-mini_true.yml.log	14	14	13	0	0	0	13	1	1	1904	1904	0	0	12568	12568	16	972817	0	4397	0
caat-pso.preventive-pruning.13-privatized_33-traces-v-matters_true.yml.log	12	12	11	0	0	0	11	1	1	1976	1976	0	0	13032	13032	15	939580	0	3945	0
caat-pso.preventive-pruning.13-privatized_25-struct_nr_true.yml.log	6	6	5	0	0	0	5	1	1	1616	1616	0	0	10712	10712	8	480870	0	3020	0
caat-pso.preventive-pruning.13-privatized_69-refine-protected-loop-interval_true.yml.log	1	1	0	0	0	0	0	1	1	752	752	0	0	5144	5144	1	72661	0	1139	0
caat-pso.preventive-pruning.36-apron_17-traces-rpb-litmus_unknown_1_neg.yml.log	2	2	1	0	0	0	1	1	1	896	896	0	0	6072	6072	2	117917	0	1190	0
caat-pso.preventive-pruning.13-privatized_20-publish-regression_true.yml.log	12	12	11	0	0	0	11	1	1	1760	1760	0	0	11640	11640	14	816698	0	3721	0
caat-pso.preventive-pruning.13-privatized_31-traces-mine-vs-mutex_true.yml.log	37	37	36	0	0	0	36	1	1	2192	2192	0	0	14424	14424	43	2720643	0	9358	0
caat-pso.preventive-pruning.13-privatized_30-traces-oplus-vs-meet_true.yml.log	20	20	19	0	0	0	19	1	1	1904	1904	0	0	12568	12568	24	1370168	0	5894	0
caat-pso.preventive-pruning.13-privatized_68-pfscan_protected_loop_minimal_interval_true.yml.log	1	1	0	0	0	0	0	1	1	752	752	0	0	5144	5144	1	40719	0	842	0
caat-pso.preventive-pruning.13-privatized_32-traces-mine-vs-oplus-vs-meet_true.yml.log	41	41	40	0	0	0	40	1	1	2624	2624	0	0	17208	17208	47	3551027	0	11153	0
caat-pso.preventive-pruning.13-privatized_34-traces-minepp-L-needs-to-be-um_true.yml.log	11	11	10	0	0	0	10	1	1	2048	2048	0	0	13496	13496	13	815428	0	3577	0
caat-pso.preventive-pruning.13-privatized_24-multiple-protecting_true.yml.log	96	96	95	0	0	0	95	1	1	4136	4136	0	0	26952	26952	108	14924580	0	25423	0
caat-pso.preventive-pruning.36-apron_21-traces-cluster-based_true.yml.log	44	44	43	0	0	0	43	1	1	2552	2552	0	0	16744	16744	57	4498368	0	14388	0
caat-pso.preventive-pruning.13-privatized_29-multiple-protecting2-vesal_true.yml.log	41	41	40	0	0	0	40	1	1	2624	2624	0	0	17208	17208	47	3724161	0	11131	0
caat-pso.preventive-pruning.36-apron_22-traces-write-centered-vs-meet-mutex_true_no-overflow.yml.log	0	0	0	0	0	0	0	0	0	0	0	0	0	0	0	0	0	0	0	0
caat-pso.preventive-pruning.14_spin2003.yml.log	1	1	0	0	0	0	0	1	1	896	896	0	0	6072	6072	1	67412	0	947	0
caat-pso.preventive-pruning.48_ticket_lock_low_contention_vs-pthread.yml.log	1	1	0	0	0	0	0	1	1	896	896	0	0	6072	6072	1	69054	0	794	0
caat-pso.preventive-pruning.29_conditionals_vs.yml.log	0	0	0	0	0	0	0	0	0	0	0	0	0	0	0	0	0	0	0	0
caat-pso.preventive-pruning.46_monabsex2_vs.yml.log	5	5	4	0	0	0	4	1	1	1544	1544	0	0	10248	10248	5	278229	0	1869	0
caat-pso.preventive-pruning.13-privatized_27-multiple-protecting2_true.yml.log	344	344	343	0	0	0	343	1	1	4424	4424	0	0	28808	28808	380	61354496	0	102868	0
caat-pso.preventive-pruning.45_monabsex1_vs.yml.log	3	3	2	0	0	0	2	1	1	1184	1184	0	0	7928	7928	3	153405	0	1651	0
caat-pso.preventive-pruning.time_var_mutex.yml.log	10	10	9	0	0	0	9	1	1	2408	2408	0	0	15816	15816	12	904523	0	3421	0
caat-pso.preventive-pruning.stateful01-2.yml.log	31	31	30	0	0	0	30	1	1	2624	2624	0	0	17208	17208	37	3081861	0	9516	0
caat-pso.preventive-pruning.01b_inc.yml.log	4	4	3	0	0	0	3	1	1	1544	1544	0	0	10248	10248	4	235204	0	1623	0
caat-pso.preventive-pruning.stateful01-1.yml.log	16	16	15	0	0	0	15	1	1	2624	2624	0	0	17208	17208	18	1334921	0	4926	0
caat-pso.preventive-pruning.02_inc_cas.yml.log	0	0	0	0	0	0	0	0	0	0	0	0	0	0	0	0	0	0	0	0
caat-pso.preventive-pruning.48_ticket_lock_low_contention_vs.yml.log	3	3	2	0	0	0	2	1	1	1832	1832	0	0	12104	12104	3	196335	0	1194	0
caat-pso.preventive-pruning.28-race_reach_45-escape_racing.yml.log	5	5	4	0	0	0	4	1	1	1688	1688	0	0	11176	11176	6	353337	0	1951	0
caat-pso.preventive-pruning.28-race_reach_46-escape_racefree.yml.log	16	16	15	0	0	0	15	1	1	2120	2120	0	0	13960	13960	18	1115839	0	4586	0
caat-pso.preventive-pruning.circular_buffer_bad.yml.log	126	126	125	0	0	0	125	1	1	12880	12880	0	0	83168	83168	133	31422122	0	36991	0
caat-pso.preventive-pruning.lazy01.yml.log	10	10	9	0	0	0	10	0	0	2120	2120	0	0	13960	13960	13	824208	0	3655	0
caat-pso.preventive-pruning.szymanski.yml.log	181	181	180	0	0	0	180	1	1	2264	2264	0	0	14888	14888	200	12575794	0	37569	0
caat-pso.preventive-pruning.dekker.yml.log	26	26	25	0	0	0	25	1	1	2552	2552	0	0	16744	16744	32	2424773	0	8096	0
caat-pso.preventive-pruning.dekker-unfair.yml.log	28	28	27	0	0	0	27	1	1	2552	2552	0	0	16744	16744	34	2571665	0	7260	0
caat-pso.preventive-pruning.unwind3-1.yml.log	3	3	2	0	0	0	3	0	0	1328	1328	0	0	8856	8856	4	216573	0	1493	0
caat-pso.preventive-pruning.exponential-nondet.yml.log	0	0	0	0	0	0	0	0	0	0	0	0	0	0	0	0	0	0	0	0
caat-pso.preventive-pruning.unwind2-1.yml.log	3	3	2	0	0	0	2	1	1	1328	1328	0	0	8856	8856	3	178670	0	1346	0
caat-pso.preventive-pruning.43_NetBSD_sysmon_power_sliced.yml.log	0	0	0	0	0	0	0	0	0	0	0	0	0	0	0	0	0	0	0	0
caat-pso.preventive-pruning.unwind2-100.yml.log	3	3	2	0	0	0	2	1	1	1328	1328	0	0	8856	8856	3	163416	0	1219	0
caat-pso.preventive-pruning.queue_ok.yml.log	7	7	6	0	0	0	6	1	1	218456	218456	0	0	1407320	1407320	9	21715352	0	4228	0
caat-pso.preventive-pruning.singleton.yml.log	18	18	17	0	0	0	17	1	1	3488	3488	0	0	22776	22776	22	2397842	0	6760	0
caat-pso.preventive-pruning.singleton_with-uninit-problems.yml.log	22	22	21	0	0	0	21	1	1	3488	3488	0	0	22776	22776	28	3173782	0	7624	0
caat-pso.preventive-pruning.race-1_1-join.yml.log	2	2	1	0	0	0	1	1	1	1184	1184	0	0	7928	7928	2	114445	0	977	0
caat-pso.preventive-pruning.twostage_3.yml.log	59	59	58	0	0	0	58	1	1	14608	14608	0	0	94304	94304	74	26595075	0	24995	0
caat-pso.preventive-pruning.race-1_2-join.yml.log	14	14	13	0	0	0	13	1	1	2048	2048	0	0	13496	13496	15	933849	0	4123	0
caat-pso.preventive-pruning.race-1_3-join.yml.log	14	14	13	0	0	0	13	1	1	2048	2048	0	0	13496	13496	15	954192	0	4020	0
caat-pso.preventive-pruning.race-4_1-thread_local_vars.yml.log	0	0	0	0	0	0	0	0	0	0	0	0	0	0	0	0	0	0	0	0
caat-pso.preventive-pruning.race-3_1-container_of-global.yml.log	0	0	0	0	0	0	0	0	0	0	0	0	0	0	0	0	0	0	0	0
caat-pso.preventive-pruning.race-2_1-container_of.yml.log	0	0	0	0	0	0	0	0	0	0	0	0	0	0	0	0	0	0	0	0
caat-pso.preventive-pruning.reorder_2.yml.log	841	841	840	0	0	0	840	1	1	11872	11872	0	0	76672	76672	1057	286644293	0	308999	0
caat-pso.preventive-pruning.queue.yml.log	919	919	918	0	0	0	918	1	1	59168	59168	0	0	381200	381200	939	722517455	0	250743	0
caat-pso.preventive-pruning.pthread-demo-datarace-3.yml.log	1719	1719	1718	0	0	0	1718	1	1	95920	95920	0	0	617912	617912	1759	1645484422	0	443737	0
caat-pso.preventive-pruning.28-race_reach_21-deref_read_racing.yml.log	0	0	0	0	0	0	0	0	0	0	0	0	0	0	0	0	0	0	0	0
caat-pso.preventive-pruning.triangular-2.yml.log	20453	20453	20452	0	0	0	20452	1	1	9856	9856	0	0	63680	63680	25611	4327718141	0	5771942	0
caat-pso.preventive-pruning.fib_unsafe-5.yml.log	3735	3735	3734	0	0	0	3734	1	1	70112	70112	0	0	451728	451728	4675	7341625671	0	1730376	0
caat-pso.preventive-pruning.triangular-1.yml.log	93320	93320	93319	0	0	0	93319	1	1	9856	9856	0	0	63680	63680	114838	19329298079	0	26365905	0
caat-pso.preventive-pruning.queue_ok_longer.yml.log	7	7	0	0	0	0	6	1	1	91170576	72879408	323895024	323895024	587519208	587519208	3	31523533698	194617440	24606	0
caat-pso.preventive-pruning.fib_safe-5.yml.log	16238	16238	16237	0	0	0	16237	1	1	70112	70112	0	0	451728	451728	19680	30498806676	0	6556875	0
caat-pso.preventive-pruning.circular_buffer_ok.yml.log	22305	22305	22304	0	0	0	22304	1	1	70400	70400	0	0	453584	453584	25737	30683189639	0	7472062	0
caat-pso.preventive-pruning.butterfly.yml.log	129217	129217	129216	0	0	0	129216	1	1	4424	4424	0	0	28808	28808	242470	30803889333	0	47935467	0
caat-pso.preventive-pruning.fib_unsafe-6.yml.log	17613	17613	17612	0	0	0	17612	1	1	101320	101320	0	0	652712	652712	21735	45240104599	0	7479990	0
