metric	group	task_yaml	ratio
cpu	sc	c/goblint-regression/13-privatized_01-priv_nr_true.yml	1.0171735952675456
cpu	sc	c/goblint-regression/13-privatized_18-first-reads_true.yml	1.0014522138513091
cpu	sc	c/goblint-regression/13-privatized_18-first-reads_unknown_1_neg.yml	1.0120849395119265
cpu	sc	c/goblint-regression/13-privatized_18-first-reads_unknown_2_pos.yml	0.9833785127717022
cpu	sc	c/goblint-regression/13-privatized_19-publish-precision_true.yml	1.019946995578981
cpu	sc	c/goblint-regression/13-privatized_19-publish-precision_unknown_1_neg.yml	1.0335809134870302
cpu	sc	c/goblint-regression/13-privatized_19-publish-precision_unknown_1_pos.yml	1.0309940150104415
cpu	sc	c/goblint-regression/13-privatized_19-publish-precision_unknown_2_neg.yml	1.0102040755967039
cpu	sc	c/goblint-regression/13-privatized_19-publish-precision_unknown_2_pos.yml	0.998708177678895
cpu	sc	c/goblint-regression/13-privatized_20-publish-regression_true.yml	1.0288023213790563
cpu	sc	c/goblint-regression/13-privatized_24-multiple-protecting_true.yml	1.0380858363495848
cpu	sc	c/goblint-regression/13-privatized_25-struct_nr_true.yml	0.96261190840017
cpu	sc	c/goblint-regression/13-privatized_27-multiple-protecting2_true.yml	0.9820246272388009
cpu	sc	c/goblint-regression/13-privatized_29-multiple-protecting2-vesal_true.yml	0.9802115822034302
cpu	sc	c/goblint-regression/13-privatized_30-traces-oplus-vs-meet_true.yml	1.0176006563054
cpu	sc	c/goblint-regression/13-privatized_31-traces-mine-vs-mutex_true.yml	0.9971607538777236
cpu	sc	c/goblint-regression/13-privatized_32-traces-mine-vs-oplus-vs-meet_true.yml	1.0043484937671412
cpu	sc	c/goblint-regression/13-privatized_33-traces-v-matters_true.yml	1.0446489381994808
cpu	sc	c/goblint-regression/13-privatized_34-traces-minepp-L-needs-to-be-um_true.yml	0.9797730413757578
cpu	sc	c/goblint-regression/13-privatized_35-traces-ex-2_true.yml	0.9638056953206916
cpu	sc	c/goblint-regression/13-privatized_36-traces-ex-3_true.yml	1.0391814244377788
cpu	sc	c/goblint-regression/13-privatized_37-traces-ex-4_true.yml	1.0043460474106254
cpu	sc	c/goblint-regression/13-privatized_38-traces-ex-4-switch_true.yml	1.0019368367603196
cpu	sc	c/goblint-regression/13-privatized_40-traces-ex-6_true.yml	1.0431206206776389
cpu	sc	c/goblint-regression/13-privatized_41-traces-ex-7_unknown_1_neg.yml	0.9502198908156234
cpu	sc	c/goblint-regression/13-privatized_41-traces-ex-7_unknown_1_pos.yml	0.9948913292325435
cpu	sc	c/goblint-regression/13-privatized_42-traces-ex-mini_true.yml	0.9482466458640918
cpu	sc	c/goblint-regression/13-privatized_44-traces-mine2_true.yml	1.0170989479540666
cpu	sc	c/goblint-regression/13-privatized_45-traces-per-global-and-current-lock-mine-incomparable_true.yml	0.987700344264601
cpu	sc	c/goblint-regression/13-privatized_46-refine-protected1_true.yml	0.9364838238245267
cpu	sc	c/goblint-regression/13-privatized_47-refine-protected2_true.yml	0.966231716679347
cpu	sc	c/goblint-regression/13-privatized_57-singlethreaded-unlock_true.yml	1.0669507394355358
cpu	sc	c/goblint-regression/13-privatized_58-singlethreaded-lock_true.yml	1.0426020096922606
cpu	sc	c/goblint-regression/13-privatized_66-mine-W-init_true.yml	0.96132261441041
cpu	sc	c/goblint-regression/13-privatized_68-pfscan_protected_loop_minimal_interval_true.yml	1.0146185374566308
cpu	sc	c/goblint-regression/13-privatized_69-refine-protected-loop-interval_true.yml	0.9712985823112986
cpu	sc	c/goblint-regression/28-race_reach_21-deref_read_racing.yml	0.991874078757707
cpu	sc	c/goblint-regression/28-race_reach_45-escape_racing.yml	1.0038014031468743
cpu	sc	c/goblint-regression/28-race_reach_46-escape_racefree.yml	0.9690034075442937
cpu	sc	c/goblint-regression/36-apron_11-traces-max-simple_true.yml	0.9817774039955071
cpu	sc	c/goblint-regression/36-apron_16-traces-unprot2_true.yml	1.0055432065919487
cpu	sc	c/goblint-regression/36-apron_17-traces-rpb-litmus_unknown_1_neg.yml	0.961133255886665
cpu	sc	c/goblint-regression/36-apron_21-traces-cluster-based_true.yml	1.0162268239508363
cpu	sc	c/goblint-regression/36-apron_22-traces-write-centered-vs-meet-mutex_true_no-overflow.yml	0.9991002234845636
cpu	sc	c/goblint-regression/36-apron_41-threadenter-no-locals_unknown_1_pos.yml	0.9778476294073116
cpu	sc	c/ldv-races/race-1_1-join.yml	0.9729770189480108
cpu	sc	c/ldv-races/race-1_2-join.yml	0.9219591947816296
cpu	sc	c/ldv-races/race-1_3-join.yml	0.9777251447359221
cpu	sc	c/ldv-races/race-2_1-container_of.yml	1.0114933969681006
cpu	sc	c/ldv-races/race-3_1-container_of-global.yml	0.9633918833269071
cpu	sc	c/ldv-races/race-4_1-thread_local_vars.yml	0.9880591139502859
cpu	sc	c/pthread-C-DAC/pthread-demo-datarace-3.yml	0.9609397159457259
cpu	sc	c/pthread-atomic/dekker-unfair.yml	1.0119329050155512
cpu	sc	c/pthread-atomic/dekker.yml	1.0130083059114032
cpu	sc	c/pthread-atomic/szymanski.yml	0.9778911179651694
cpu	sc	c/pthread-atomic/time_var_mutex.yml	1.0385310133542507
cpu	sc	c/pthread-deagle/circular_buffer_bad.yml	0.9946561401027448
cpu	sc	c/pthread-deagle/circular_buffer_ok.yml	0.9154403609031109
cpu	sc	c/pthread-ext/01b_inc.yml	1.0323913519425225
cpu	sc	c/pthread-ext/02_inc_cas.yml	1.0115740297004367
cpu	sc	c/pthread-ext/14_spin2003.yml	0.9918333838053245
cpu	sc	c/pthread-ext/29_conditionals_vs.yml	1.0040128137573787
cpu	sc	c/pthread-ext/43_NetBSD_sysmon_power_sliced.yml	1.0049370157080564
cpu	sc	c/pthread-ext/45_monabsex1_vs.yml	1.032003697210033
cpu	sc	c/pthread-ext/46_monabsex2_vs.yml	1.0212628322612745
cpu	sc	c/pthread-ext/48_ticket_lock_low_contention_vs-pthread.yml	0.976807006414036
cpu	sc	c/pthread-ext/48_ticket_lock_low_contention_vs.yml	0.9886588772906133
cpu	sc	c/pthread-theta/exponential-nondet.yml	1.0080771196106943
cpu	sc	c/pthread-theta/unwind2-1.yml	1.0205695823786438
cpu	sc	c/pthread-theta/unwind2-100.yml	1.0343817633444776
cpu	sc	c/pthread-theta/unwind3-1.yml	0.9847807949399352
cpu	sc	c/pthread/butterfly.yml	0.9400225819595812
cpu	sc	c/pthread/fib_safe-5.yml	0.9044579825966665
cpu	sc	c/pthread/fib_safe-6.yml	0.9048458909524332
cpu	sc	c/pthread/fib_unsafe-5.yml	0.9103473394206065
cpu	sc	c/pthread/fib_unsafe-6.yml	0.8993181960807062
cpu	sc	c/pthread/fib_unsafe-7.yml	0.90270959122621
cpu	sc	c/pthread/lazy01.yml	0.9746204978321323
cpu	sc	c/pthread/queue.yml	0.95153830900645
cpu	sc	c/pthread/queue_ok.yml	0.9646455096118001
cpu	sc	c/pthread/queue_ok_longer.yml	0.9977534825882923
cpu	sc	c/pthread/queue_ok_longest.yml	0.9742257571501439
cpu	sc	c/pthread/reorder_2.yml	0.9646053487037023
cpu	sc	c/pthread/singleton.yml	0.9621801733174858
cpu	sc	c/pthread/singleton_with-uninit-problems.yml	0.959331445532386
cpu	sc	c/pthread/stateful01-1.yml	1.0168975483158742
cpu	sc	c/pthread/stateful01-2.yml	0.9534289392868879
cpu	sc	c/pthread/triangular-1.yml	0.956241809044505
cpu	sc	c/pthread/triangular-2.yml	0.948355288851203
cpu	sc	c/pthread/twostage_3.yml	0.9600957485721716
cpu	tso	c/goblint-regression/13-privatized_01-priv_nr_true.yml	0.9145242044587645
cpu	tso	c/goblint-regression/13-privatized_18-first-reads_true.yml	0.973088460497508
cpu	tso	c/goblint-regression/13-privatized_18-first-reads_unknown_1_neg.yml	1.0509253748236753
cpu	tso	c/goblint-regression/13-privatized_18-first-reads_unknown_2_pos.yml	0.9517808681625046
cpu	tso	c/goblint-regression/13-privatized_19-publish-precision_true.yml	1.044762095640422
cpu	tso	c/goblint-regression/13-privatized_19-publish-precision_unknown_1_neg.yml	0.9680983525619539
cpu	tso	c/goblint-regression/13-privatized_19-publish-precision_unknown_1_pos.yml	1.0207569321162575
cpu	tso	c/goblint-regression/13-privatized_19-publish-precision_unknown_2_neg.yml	0.9692573882848986
cpu	tso	c/goblint-regression/13-privatized_19-publish-precision_unknown_2_pos.yml	1.0113699116694919
cpu	tso	c/goblint-regression/13-privatized_20-publish-regression_true.yml	0.9936365318335173
cpu	tso	c/goblint-regression/13-privatized_24-multiple-protecting_true.yml	1.0214832343443931
cpu	tso	c/goblint-regression/13-privatized_25-struct_nr_true.yml	0.9887159315371845
cpu	tso	c/goblint-regression/13-privatized_27-multiple-protecting2_true.yml	0.99501148357655
cpu	tso	c/goblint-regression/13-privatized_29-multiple-protecting2-vesal_true.yml	0.9634239497306721
cpu	tso	c/goblint-regression/13-privatized_30-traces-oplus-vs-meet_true.yml	1.0276469079152522
cpu	tso	c/goblint-regression/13-privatized_31-traces-mine-vs-mutex_true.yml	1.026470455860629
cpu	tso	c/goblint-regression/13-privatized_32-traces-mine-vs-oplus-vs-meet_true.yml	0.9942158478767017
cpu	tso	c/goblint-regression/13-privatized_33-traces-v-matters_true.yml	0.9726561068922697
cpu	tso	c/goblint-regression/13-privatized_34-traces-minepp-L-needs-to-be-um_true.yml	1.0146848123116492
cpu	tso	c/goblint-regression/13-privatized_35-traces-ex-2_true.yml	1.040724921203828
cpu	tso	c/goblint-regression/13-privatized_36-traces-ex-3_true.yml	1.0208117092092326
cpu	tso	c/goblint-regression/13-privatized_37-traces-ex-4_true.yml	1.0296277320158551
cpu	tso	c/goblint-regression/13-privatized_38-traces-ex-4-switch_true.yml	1.020868963643515
cpu	tso	c/goblint-regression/13-privatized_40-traces-ex-6_true.yml	0.9999521669492883
cpu	tso	c/goblint-regression/13-privatized_41-traces-ex-7_unknown_1_neg.yml	1.016747707092839
cpu	tso	c/goblint-regression/13-privatized_41-traces-ex-7_unknown_1_pos.yml	1.0058860511053744
cpu	tso	c/goblint-regression/13-privatized_42-traces-ex-mini_true.yml	0.9799889025418086
cpu	tso	c/goblint-regression/13-privatized_44-traces-mine2_true.yml	0.9990139088078301
cpu	tso	c/goblint-regression/13-privatized_45-traces-per-global-and-current-lock-mine-incomparable_true.yml	1.0086870081030939
cpu	tso	c/goblint-regression/13-privatized_46-refine-protected1_true.yml	0.9893297745649103
cpu	tso	c/goblint-regression/13-privatized_47-refine-protected2_true.yml	0.994483339784972
cpu	tso	c/goblint-regression/13-privatized_57-singlethreaded-unlock_true.yml	1.015197510021559
cpu	tso	c/goblint-regression/13-privatized_58-singlethreaded-lock_true.yml	0.9667286635164857
cpu	tso	c/goblint-regression/13-privatized_66-mine-W-init_true.yml	1.0446013452082514
cpu	tso	c/goblint-regression/13-privatized_68-pfscan_protected_loop_minimal_interval_true.yml	0.9647065694620915
cpu	tso	c/goblint-regression/13-privatized_69-refine-protected-loop-interval_true.yml	0.9686940071425871
cpu	tso	c/goblint-regression/28-race_reach_21-deref_read_racing.yml	0.9967921672508784
cpu	tso	c/goblint-regression/28-race_reach_45-escape_racing.yml	0.9778253246993495
cpu	tso	c/goblint-regression/28-race_reach_46-escape_racefree.yml	1.007146343591945
cpu	tso	c/goblint-regression/36-apron_11-traces-max-simple_true.yml	0.9963929436377567
cpu	tso	c/goblint-regression/36-apron_16-traces-unprot2_true.yml	1.002716094813869
cpu	tso	c/goblint-regression/36-apron_17-traces-rpb-litmus_unknown_1_neg.yml	1.0087468151409351
cpu	tso	c/goblint-regression/36-apron_21-traces-cluster-based_true.yml	0.9862163297144362
cpu	tso	c/goblint-regression/36-apron_22-traces-write-centered-vs-meet-mutex_true_no-overflow.yml	0.9913438161084003
cpu	tso	c/goblint-regression/36-apron_41-threadenter-no-locals_unknown_1_pos.yml	1.0409239540345376
cpu	tso	c/ldv-races/race-1_1-join.yml	1.0156345393358455
cpu	tso	c/ldv-races/race-1_2-join.yml	1.0366852718336113
cpu	tso	c/ldv-races/race-1_3-join.yml	1.0295657292544422
cpu	tso	c/ldv-races/race-2_1-container_of.yml	1.022371411830295
cpu	tso	c/ldv-races/race-3_1-container_of-global.yml	0.9887223107658797
cpu	tso	c/ldv-races/race-4_1-thread_local_vars.yml	1.013238585635232
cpu	tso	c/pthread-C-DAC/pthread-demo-datarace-3.yml	0.9899630703249608
cpu	tso	c/pthread-atomic/dekker-unfair.yml	1.0172680818936748
cpu	tso	c/pthread-atomic/dekker.yml	1.033128230507377
cpu	tso	c/pthread-atomic/szymanski.yml	1.013419830661155
cpu	tso	c/pthread-atomic/time_var_mutex.yml	0.988855902439583
cpu	tso	c/pthread-deagle/circular_buffer_bad.yml	1.0178914836871253
cpu	tso	c/pthread-deagle/circular_buffer_ok.yml	0.9429912714348878
cpu	tso	c/pthread-ext/01b_inc.yml	1.033143803877617
cpu	tso	c/pthread-ext/02_inc_cas.yml	1.0018913362676696
cpu	tso	c/pthread-ext/14_spin2003.yml	0.976137083742934
cpu	tso	c/pthread-ext/29_conditionals_vs.yml	0.9351480150307856
cpu	tso	c/pthread-ext/43_NetBSD_sysmon_power_sliced.yml	0.9644559283577789
cpu	tso	c/pthread-ext/45_monabsex1_vs.yml	1.0012293182221605
cpu	tso	c/pthread-ext/46_monabsex2_vs.yml	1.0104025411764965
cpu	tso	c/pthread-ext/48_ticket_lock_low_contention_vs-pthread.yml	1.026928601106166
cpu	tso	c/pthread-ext/48_ticket_lock_low_contention_vs.yml	1.0010351716079715
cpu	tso	c/pthread-theta/exponential-nondet.yml	0.9827856076176114
cpu	tso	c/pthread-theta/unwind2-1.yml	1.0117829462477492
cpu	tso	c/pthread-theta/unwind2-100.yml	0.9711672114622506
cpu	tso	c/pthread-theta/unwind3-1.yml	1.0131249620115583
cpu	tso	c/pthread/butterfly.yml	0.9663315913680727
cpu	tso	c/pthread/fib_safe-5.yml	0.9448800017146972
cpu	tso	c/pthread/fib_safe-6.yml	0.9457488711953823
cpu	tso	c/pthread/fib_unsafe-5.yml	0.9469331175270659
cpu	tso	c/pthread/fib_unsafe-6.yml	0.944901377776421
cpu	tso	c/pthread/lazy01.yml	1.0197976043842394
cpu	tso	c/pthread/queue.yml	0.9661173757658973
cpu	tso	c/pthread/queue_ok.yml	0.9856564083078033
cpu	tso	c/pthread/queue_ok_longer.yml	1.0123592968981918
cpu	tso	c/pthread/queue_ok_longest.yml	0.9929609395307974
cpu	tso	c/pthread/reorder_2.yml	0.9859318711416768
cpu	tso	c/pthread/singleton.yml	1.0264301244795848
cpu	tso	c/pthread/singleton_with-uninit-problems.yml	0.9941814036345492
cpu	tso	c/pthread/stateful01-1.yml	0.9840208097809773
cpu	tso	c/pthread/stateful01-2.yml	1.0189479086243416
cpu	tso	c/pthread/triangular-1.yml	0.9670513838409375
cpu	tso	c/pthread/triangular-2.yml	0.9709068608510312
cpu	tso	c/pthread/twostage_3.yml	0.9985524985049672
cpu	pso	c/goblint-regression/13-privatized_01-priv_nr_true.yml	1.0497353945955883
cpu	pso	c/goblint-regression/13-privatized_18-first-reads_true.yml	0.9975528040004974
cpu	pso	c/goblint-regression/13-privatized_18-first-reads_unknown_1_neg.yml	0.9606672653980953
cpu	pso	c/goblint-regression/13-privatized_18-first-reads_unknown_2_pos.yml	0.9793322123080456
cpu	pso	c/goblint-regression/13-privatized_19-publish-precision_true.yml	1.0596061148037101
cpu	pso	c/goblint-regression/13-privatized_19-publish-precision_unknown_1_neg.yml	1.0289988635217795
cpu	pso	c/goblint-regression/13-privatized_19-publish-precision_unknown_1_pos.yml	0.9754622309740814
cpu	pso	c/goblint-regression/13-privatized_19-publish-precision_unknown_2_neg.yml	1.148806195804772
cpu	pso	c/goblint-regression/13-privatized_19-publish-precision_unknown_2_pos.yml	0.9242684788710489
cpu	pso	c/goblint-regression/13-privatized_20-publish-regression_true.yml	1.0202130252642803
cpu	pso	c/goblint-regression/13-privatized_24-multiple-protecting_true.yml	0.9787262437783015
cpu	pso	c/goblint-regression/13-privatized_25-struct_nr_true.yml	1.0032045600291555
cpu	pso	c/goblint-regression/13-privatized_27-multiple-protecting2_true.yml	0.970047848545164
cpu	pso	c/goblint-regression/13-privatized_29-multiple-protecting2-vesal_true.yml	0.9842105157911294
cpu	pso	c/goblint-regression/13-privatized_30-traces-oplus-vs-meet_true.yml	0.9612168674406069
cpu	pso	c/goblint-regression/13-privatized_31-traces-mine-vs-mutex_true.yml	1.0154021835393605
cpu	pso	c/goblint-regression/13-privatized_32-traces-mine-vs-oplus-vs-meet_true.yml	0.991232094827423
cpu	pso	c/goblint-regression/13-privatized_33-traces-v-matters_true.yml	1.0179556399604295
cpu	pso	c/goblint-regression/13-privatized_34-traces-minepp-L-needs-to-be-um_true.yml	1.0327540304752796
cpu	pso	c/goblint-regression/13-privatized_35-traces-ex-2_true.yml	1.0128674384967529
cpu	pso	c/goblint-regression/13-privatized_36-traces-ex-3_true.yml	1.0182424170254396
cpu	pso	c/goblint-regression/13-privatized_37-traces-ex-4_true.yml	0.9958958894643702
cpu	pso	c/goblint-regression/13-privatized_38-traces-ex-4-switch_true.yml	1.0378772652724462
cpu	pso	c/goblint-regression/13-privatized_40-traces-ex-6_true.yml	1.0140936829985692
cpu	pso	c/goblint-regression/13-privatized_41-traces-ex-7_unknown_1_neg.yml	1.0156759434403198
cpu	pso	c/goblint-regression/13-privatized_41-traces-ex-7_unknown_1_pos.yml	1.003250413749508
cpu	pso	c/goblint-regression/13-privatized_42-traces-ex-mini_true.yml	0.9402348801454631
cpu	pso	c/goblint-regression/13-privatized_44-traces-mine2_true.yml	1.0338174393486343
cpu	pso	c/goblint-regression/13-privatized_45-traces-per-global-and-current-lock-mine-incomparable_true.yml	1.009848059561009
cpu	pso	c/goblint-regression/13-privatized_46-refine-protected1_true.yml	1.0280705316583794
cpu	pso	c/goblint-regression/13-privatized_47-refine-protected2_true.yml	1.1686033118553978
cpu	pso	c/goblint-regression/13-privatized_57-singlethreaded-unlock_true.yml	0.9042104028068707
cpu	pso	c/goblint-regression/13-privatized_58-singlethreaded-lock_true.yml	0.9866517595211771
cpu	pso	c/goblint-regression/13-privatized_66-mine-W-init_true.yml	1.0563356612453927
cpu	pso	c/goblint-regression/13-privatized_68-pfscan_protected_loop_minimal_interval_true.yml	0.9925175672794936
cpu	pso	c/goblint-regression/13-privatized_69-refine-protected-loop-interval_true.yml	0.9898917184681304
cpu	pso	c/goblint-regression/28-race_reach_21-deref_read_racing.yml	1.0051291998033334
cpu	pso	c/goblint-regression/28-race_reach_45-escape_racing.yml	0.990270964915753
cpu	pso	c/goblint-regression/28-race_reach_46-escape_racefree.yml	1.0116180779248012
cpu	pso	c/goblint-regression/36-apron_11-traces-max-simple_true.yml	0.9954389945747493
cpu	pso	c/goblint-regression/36-apron_16-traces-unprot2_true.yml	0.8553995870875408
cpu	pso	c/goblint-regression/36-apron_17-traces-rpb-litmus_unknown_1_neg.yml	1.01761450706232
cpu	pso	c/goblint-regression/36-apron_21-traces-cluster-based_true.yml	0.9738598244236671
cpu	pso	c/goblint-regression/36-apron_22-traces-write-centered-vs-meet-mutex_true_no-overflow.yml	0.957985628335872
cpu	pso	c/goblint-regression/36-apron_41-threadenter-no-locals_unknown_1_pos.yml	1.0675151612024567
cpu	pso	c/ldv-races/race-1_1-join.yml	1.0137371928005168
cpu	pso	c/ldv-races/race-1_2-join.yml	1.1018140351606394
cpu	pso	c/ldv-races/race-1_3-join.yml	1.015417481689399
cpu	pso	c/ldv-races/race-2_1-container_of.yml	1.0930708322157305
cpu	pso	c/ldv-races/race-3_1-container_of-global.yml	1.0085005303380181
cpu	pso	c/ldv-races/race-4_1-thread_local_vars.yml	1.0371818102721042
cpu	pso	c/pthread-C-DAC/pthread-demo-datarace-3.yml	1.2104996470156837
cpu	pso	c/pthread-atomic/dekker-unfair.yml	1.0222610734725897
cpu	pso	c/pthread-atomic/dekker.yml	0.9855845794558701
cpu	pso	c/pthread-atomic/szymanski.yml	0.9734725489450041
cpu	pso	c/pthread-atomic/time_var_mutex.yml	1.0573483784000925
cpu	pso	c/pthread-deagle/circular_buffer_bad.yml	0.9834883510295279
cpu	pso	c/pthread-ext/01b_inc.yml	0.9800209192383996
cpu	pso	c/pthread-ext/02_inc_cas.yml	1.0125439692304008
cpu	pso	c/pthread-ext/14_spin2003.yml	1.0337227343450062
cpu	pso	c/pthread-ext/29_conditionals_vs.yml	0.9975749049455616
cpu	pso	c/pthread-ext/43_NetBSD_sysmon_power_sliced.yml	0.9898664848855426
cpu	pso	c/pthread-ext/45_monabsex1_vs.yml	1.012619685085702
cpu	pso	c/pthread-ext/46_monabsex2_vs.yml	0.9493875066070387
cpu	pso	c/pthread-ext/48_ticket_lock_low_contention_vs-pthread.yml	0.9438225285679207
cpu	pso	c/pthread-ext/48_ticket_lock_low_contention_vs.yml	0.9892347524798082
cpu	pso	c/pthread-theta/exponential-nondet.yml	1.005033627944026
cpu	pso	c/pthread-theta/unwind2-1.yml	1.013779801150471
cpu	pso	c/pthread-theta/unwind2-100.yml	1.1314991395578096
cpu	pso	c/pthread-theta/unwind3-1.yml	0.9849446349761125
cpu	pso	c/pthread/lazy01.yml	0.9819068967873975
cpu	pso	c/pthread/queue.yml	0.9430925276691883
cpu	pso	c/pthread/queue_ok.yml	0.9597265744598185
cpu	pso	c/pthread/reorder_2.yml	0.9686056721473378
cpu	pso	c/pthread/singleton.yml	1.0068225177914127
cpu	pso	c/pthread/singleton_with-uninit-problems.yml	1.027810923541272
cpu	pso	c/pthread/stateful01-1.yml	1.0030362888895712
cpu	pso	c/pthread/stateful01-2.yml	0.9713847594096188
cpu	pso	c/pthread/triangular-2.yml	0.9686011958619928
cpu	pso	c/pthread/twostage_3.yml	1.0187023028428828
cpu	all	c/goblint-regression/13-privatized_01-priv_nr_true.yml	0.992102873834433
cpu	all	c/goblint-regression/13-privatized_18-first-reads_true.yml	0.9906178494170571
cpu	all	c/goblint-regression/13-privatized_18-first-reads_unknown_1_neg.yml	1.0072113498577044
cpu	all	c/goblint-regression/13-privatized_18-first-reads_unknown_2_pos.yml	0.9713950997022127
cpu	all	c/goblint-regression/13-privatized_19-publish-precision_true.yml	1.0413094801250784
cpu	all	c/goblint-regression/13-privatized_19-publish-precision_unknown_1_neg.yml	1.0097788862841373
cpu	all	c/goblint-regression/13-privatized_19-publish-precision_unknown_1_pos.yml	1.008779652069062
cpu	all	c/goblint-regression/13-privatized_19-publish-precision_unknown_2_neg.yml	1.039995999069734
cpu	all	c/goblint-regression/13-privatized_19-publish-precision_unknown_2_pos.yml	0.9773473185922894
cpu	all	c/goblint-regression/13-privatized_20-publish-regression_true.yml	1.0141062280937412
cpu	all	c/goblint-regression/13-privatized_24-multiple-protecting_true.yml	1.012453876172353
cpu	all	c/goblint-regression/13-privatized_25-struct_nr_true.yml	0.9847003370484337
cpu	all	c/goblint-regression/13-privatized_27-multiple-protecting2_true.yml	0.9823084418258715
cpu	all	c/goblint-regression/13-privatized_29-multiple-protecting2-vesal_true.yml	0.9759069772507633
cpu	all	c/goblint-regression/13-privatized_30-traces-oplus-vs-meet_true.yml	1.0017228039379622
cpu	all	c/goblint-regression/13-privatized_31-traces-mine-vs-mutex_true.yml	1.012938880583135
cpu	all	c/goblint-regression/13-privatized_32-traces-mine-vs-oplus-vs-meet_true.yml	0.9965830351065282
cpu	all	c/goblint-regression/13-privatized_33-traces-v-matters_true.yml	1.0113143724435434
cpu	all	c/goblint-regression/13-privatized_34-traces-minepp-L-needs-to-be-um_true.yml	1.0088296735822624
cpu	all	c/goblint-regression/13-privatized_35-traces-ex-2_true.yml	1.0052930592623526
cpu	all	c/goblint-regression/13-privatized_36-traces-ex-3_true.yml	1.0260363195781492
cpu	all	c/goblint-regression/13-privatized_37-traces-ex-4_true.yml	1.009855376414283
cpu	all	c/goblint-regression/13-privatized_38-traces-ex-4-switch_true.yml	1.0201220018730561
cpu	all	c/goblint-regression/13-privatized_40-traces-ex-6_true.yml	1.018897769090491
cpu	all	c/goblint-regression/13-privatized_41-traces-ex-7_unknown_1_neg.yml	0.9937202997500165
cpu	all	c/goblint-regression/13-privatized_41-traces-ex-7_unknown_1_pos.yml	1.0013316104460022
cpu	all	c/goblint-regression/13-privatized_42-traces-ex-mini_true.yml	0.9560037820815167
cpu	all	c/goblint-regression/13-privatized_44-traces-mine2_true.yml	1.0165440388308518
cpu	all	c/goblint-regression/13-privatized_45-traces-per-global-and-current-lock-mine-incomparable_true.yml	1.0020265353512245
cpu	all	c/goblint-regression/13-privatized_46-refine-protected1_true.yml	0.9839086005721667
cpu	all	c/goblint-regression/13-privatized_47-refine-protected2_true.yml	1.0393982260982237
cpu	all	c/goblint-regression/13-privatized_57-singlethreaded-unlock_true.yml	0.9930889219103322
cpu	all	c/goblint-regression/13-privatized_58-singlethreaded-lock_true.yml	0.9981497048531512
cpu	all	c/goblint-regression/13-privatized_66-mine-W-init_true.yml	1.0198600041847492
cpu	all	c/goblint-regression/13-privatized_68-pfscan_protected_loop_minimal_interval_true.yml	0.9904032961611929
cpu	all	c/goblint-regression/13-privatized_69-refine-protected-loop-interval_true.yml	0.9765826842953927
cpu	all	c/goblint-regression/28-race_reach_21-deref_read_racing.yml	0.9979168344413534
cpu	all	c/goblint-regression/28-race_reach_45-escape_racing.yml	0.9905757872872809
cpu	all	c/goblint-regression/28-race_reach_46-escape_racefree.yml	0.9957374058290275
cpu	all	c/goblint-regression/36-apron_11-traces-max-simple_true.yml	0.9911805586223796
cpu	all	c/goblint-regression/36-apron_16-traces-unprot2_true.yml	0.9518808421674596
cpu	all	c/goblint-regression/36-apron_17-traces-rpb-litmus_unknown_1_neg.yml	0.995519314082821
cpu	all	c/goblint-regression/36-apron_21-traces-cluster-based_true.yml	0.991942346970578
cpu	all	c/goblint-regression/36-apron_22-traces-write-centered-vs-meet-mutex_true_no-overflow.yml	0.9826468144910796
cpu	all	c/goblint-regression/36-apron_41-threadenter-no-locals_unknown_1_pos.yml	1.0280669881360935
cpu	all	c/ldv-races/race-1_1-join.yml	1.0005876579746076
cpu	all	c/ldv-races/race-1_2-join.yml	1.0173935412006545
cpu	all	c/ldv-races/race-1_3-join.yml	1.0073301498603926
cpu	all	c/ldv-races/race-2_1-container_of.yml	1.0416936534482228
cpu	all	c/ldv-races/race-3_1-container_of-global.yml	0.9866985335056554
cpu	all	c/ldv-races/race-4_1-thread_local_vars.yml	1.01262780158424
cpu	all	c/pthread-C-DAC/pthread-demo-datarace-3.yml	1.0481576332620057
cpu	all	c/pthread-atomic/dekker-unfair.yml	1.0171452765340645
cpu	all	c/pthread-atomic/dekker.yml	1.0103853603319892
cpu	all	c/pthread-atomic/szymanski.yml	0.9881006911133253
cpu	all	c/pthread-atomic/time_var_mutex.yml	1.0278352975832767
cpu	all	c/pthread-deagle/circular_buffer_bad.yml	0.9985762278180454
cpu	all	c/pthread-ext/01b_inc.yml	1.0148771936838437
cpu	all	c/pthread-ext/02_inc_cas.yml	1.0086582874689802
cpu	all	c/pthread-ext/14_spin2003.yml	1.000271436188959
cpu	all	c/pthread-ext/29_conditionals_vs.yml	0.9784118615364765
cpu	all	c/pthread-ext/43_NetBSD_sysmon_power_sliced.yml	0.9862778583147707
cpu	all	c/pthread-ext/45_monabsex1_vs.yml	1.0152049477924827
cpu	all	c/pthread-ext/46_monabsex2_vs.yml	0.9931735756947353
cpu	all	c/pthread-ext/48_ticket_lock_low_contention_vs-pthread.yml	0.9819283183546959
cpu	all	c/pthread-ext/48_ticket_lock_low_contention_vs.yml	0.9929599317025718
cpu	all	c/pthread-theta/exponential-nondet.yml	0.99856815711955
cpu	all	c/pthread-theta/unwind2-1.yml	1.015370488088841
cpu	all	c/pthread-theta/unwind2-100.yml	1.043621533465086
cpu	all	c/pthread-theta/unwind3-1.yml	0.9941947568203183
cpu	all	c/pthread/lazy01.yml	0.9919123090806555
cpu	all	c/pthread/queue.yml	0.9535354087840371
cpu	all	c/pthread/queue_ok.yml	0.9699446213788514
cpu	all	c/pthread/reorder_2.yml	0.9730037778571813
cpu	all	c/pthread/singleton.yml	0.998112675829892
cpu	all	c/pthread/singleton_with-uninit-problems.yml	0.9933809978126108
cpu	all	c/pthread/stateful01-1.yml	1.001227361774231
cpu	all	c/pthread/stateful01-2.yml	0.9808679236813874
cpu	all	c/pthread/triangular-2.yml	0.96256754364542
cpu	all	c/pthread/twostage_3.yml	0.9921505536195352
wall	sc	c/goblint-regression/13-privatized_01-priv_nr_true.yml	0.9850431059433444
wall	sc	c/goblint-regression/13-privatized_18-first-reads_true.yml	1.0067611704219108
wall	sc	c/goblint-regression/13-privatized_18-first-reads_unknown_1_neg.yml	0.9793703088216642
wall	sc	c/goblint-regression/13-privatized_18-first-reads_unknown_2_pos.yml	0.9754095984085498
wall	sc	c/goblint-regression/13-privatized_19-publish-precision_true.yml	1.0322317175347948
wall	sc	c/goblint-regression/13-privatized_19-publish-precision_unknown_1_neg.yml	0.9762393857181139
wall	sc	c/goblint-regression/13-privatized_19-publish-precision_unknown_1_pos.yml	1.0307106684386163
wall	sc	c/goblint-regression/13-privatized_19-publish-precision_unknown_2_neg.yml	1.0170529493137292
wall	sc	c/goblint-regression/13-privatized_19-publish-precision_unknown_2_pos.yml	1.0070188330556344
wall	sc	c/goblint-regression/13-privatized_20-publish-regression_true.yml	1.0049332821930903
wall	sc	c/goblint-regression/13-privatized_24-multiple-protecting_true.yml	1.0213117743054871
wall	sc	c/goblint-regression/13-privatized_25-struct_nr_true.yml	0.9822016142304006
wall	sc	c/goblint-regression/13-privatized_27-multiple-protecting2_true.yml	0.9802725715333156
wall	sc	c/goblint-regression/13-privatized_29-multiple-protecting2-vesal_true.yml	0.9900434376438768
wall	sc	c/goblint-regression/13-privatized_30-traces-oplus-vs-meet_true.yml	1.0068160640362236
wall	sc	c/goblint-regression/13-privatized_31-traces-mine-vs-mutex_true.yml	0.9685424332358579
wall	sc	c/goblint-regression/13-privatized_32-traces-mine-vs-oplus-vs-meet_true.yml	1.0138692814972128
wall	sc	c/goblint-regression/13-privatized_33-traces-v-matters_true.yml	1.015881165967273
wall	sc	c/goblint-regression/13-privatized_34-traces-minepp-L-needs-to-be-um_true.yml	0.9917992657964877
wall	sc	c/goblint-regression/13-privatized_35-traces-ex-2_true.yml	0.9630880690400387
wall	sc	c/goblint-regression/13-privatized_36-traces-ex-3_true.yml	1.0113544513040038
wall	sc	c/goblint-regression/13-privatized_37-traces-ex-4_true.yml	0.9941949108021687
wall	sc	c/goblint-regression/13-privatized_38-traces-ex-4-switch_true.yml	1.0252319780710926
wall	sc	c/goblint-regression/13-privatized_40-traces-ex-6_true.yml	0.9967464379259365
wall	sc	c/goblint-regression/13-privatized_41-traces-ex-7_unknown_1_neg.yml	0.9684883295030449
wall	sc	c/goblint-regression/13-privatized_41-traces-ex-7_unknown_1_pos.yml	1.00726021853146
wall	sc	c/goblint-regression/13-privatized_42-traces-ex-mini_true.yml	1.0046103261404373
wall	sc	c/goblint-regression/13-privatized_44-traces-mine2_true.yml	1.018514365216325
wall	sc	c/goblint-regression/13-privatized_45-traces-per-global-and-current-lock-mine-incomparable_true.yml	0.9464472190483213
wall	sc	c/goblint-regression/13-privatized_46-refine-protected1_true.yml	0.9873484276193242
wall	sc	c/goblint-regression/13-privatized_47-refine-protected2_true.yml	0.9822510740628907
wall	sc	c/goblint-regression/13-privatized_57-singlethreaded-unlock_true.yml	1.057497182151207
wall	sc	c/goblint-regression/13-privatized_58-singlethreaded-lock_true.yml	1.0256802910249743
wall	sc	c/goblint-regression/13-privatized_66-mine-W-init_true.yml	0.983486891279831
wall	sc	c/goblint-regression/13-privatized_68-pfscan_protected_loop_minimal_interval_true.yml	0.971057050127514
wall	sc	c/goblint-regression/13-privatized_69-refine-protected-loop-interval_true.yml	0.9173214681847943
wall	sc	c/goblint-regression/28-race_reach_21-deref_read_racing.yml	0.9916448680161725
wall	sc	c/goblint-regression/28-race_reach_45-escape_racing.yml	0.9767912454359194
wall	sc	c/goblint-regression/28-race_reach_46-escape_racefree.yml	1.049535100693104
wall	sc	c/goblint-regression/36-apron_11-traces-max-simple_true.yml	0.9831294482497964
wall	sc	c/goblint-regression/36-apron_16-traces-unprot2_true.yml	1.0103155922626996
wall	sc	c/goblint-regression/36-apron_17-traces-rpb-litmus_unknown_1_neg.yml	1.0081405522494695
wall	sc	c/goblint-regression/36-apron_21-traces-cluster-based_true.yml	1.0050465921378868
wall	sc	c/goblint-regression/36-apron_22-traces-write-centered-vs-meet-mutex_true_no-overflow.yml	1.016401687227268
wall	sc	c/goblint-regression/36-apron_41-threadenter-no-locals_unknown_1_pos.yml	1.0066239576145626
wall	sc	c/ldv-races/race-1_1-join.yml	0.9748693401004858
wall	sc	c/ldv-races/race-1_2-join.yml	0.9977512990296661
wall	sc	c/ldv-races/race-1_3-join.yml	0.963782878959638
wall	sc	c/ldv-races/race-2_1-container_of.yml	0.9789399118959179
wall	sc	c/ldv-races/race-3_1-container_of-global.yml	1.0101086886668815
wall	sc	c/ldv-races/race-4_1-thread_local_vars.yml	0.9514405768446577
wall	sc	c/pthread-C-DAC/pthread-demo-datarace-3.yml	0.9542630895945879
wall	sc	c/pthread-atomic/dekker-unfair.yml	1.0237800867437383
wall	sc	c/pthread-atomic/dekker.yml	1.0296140947356263
wall	sc	c/pthread-atomic/szymanski.yml	0.9811677653624689
wall	sc	c/pthread-atomic/time_var_mutex.yml	1.0297573148967651
wall	sc	c/pthread-deagle/circular_buffer_bad.yml	1.0170851456342789
wall	sc	c/pthread-deagle/circular_buffer_ok.yml	0.9140569938151653
wall	sc	c/pthread-ext/01b_inc.yml	1.0273263487475146
wall	sc	c/pthread-ext/02_inc_cas.yml	1.032476097731875
wall	sc	c/pthread-ext/14_spin2003.yml	1.0133621645183348
wall	sc	c/pthread-ext/29_conditionals_vs.yml	0.9468091887688914
wall	sc	c/pthread-ext/43_NetBSD_sysmon_power_sliced.yml	0.9980415539405281
wall	sc	c/pthread-ext/45_monabsex1_vs.yml	1.0081599930139953
wall	sc	c/pthread-ext/46_monabsex2_vs.yml	1.004479221326052
wall	sc	c/pthread-ext/48_ticket_lock_low_contention_vs-pthread.yml	1.0190735256778276
wall	sc	c/pthread-ext/48_ticket_lock_low_contention_vs.yml	1.028144175095007
wall	sc	c/pthread-theta/exponential-nondet.yml	0.987683543756803
wall	sc	c/pthread-theta/unwind2-1.yml	1.0278866621915497
wall	sc	c/pthread-theta/unwind2-100.yml	0.982669515379932
wall	sc	c/pthread-theta/unwind3-1.yml	0.970387468661442
wall	sc	c/pthread/butterfly.yml	0.9447716893465832
wall	sc	c/pthread/fib_safe-5.yml	0.9096592251840524
wall	sc	c/pthread/fib_safe-6.yml	0.9032111501088388
wall	sc	c/pthread/fib_unsafe-5.yml	0.9179738333606338
wall	sc	c/pthread/fib_unsafe-6.yml	0.9030979394710222
wall	sc	c/pthread/fib_unsafe-7.yml	0.9030785254550362
wall	sc	c/pthread/lazy01.yml	0.9902037967446323
wall	sc	c/pthread/queue.yml	0.9380873644655141
wall	sc	c/pthread/queue_ok.yml	0.9757994615273151
wall	sc	c/pthread/queue_ok_longer.yml	1.0035877009037222
wall	sc	c/pthread/queue_ok_longest.yml	0.9761054655645244
wall	sc	c/pthread/reorder_2.yml	0.9730417198694011
wall	sc	c/pthread/singleton.yml	0.9743168476201829
wall	sc	c/pthread/singleton_with-uninit-problems.yml	1.0148581437799271
wall	sc	c/pthread/stateful01-1.yml	1.037414704525112
wall	sc	c/pthread/stateful01-2.yml	1.025141309580267
wall	sc	c/pthread/triangular-1.yml	0.9570377168382669
wall	sc	c/pthread/triangular-2.yml	0.9491778066684828
wall	sc	c/pthread/twostage_3.yml	1.02014074952358
wall	tso	c/goblint-regression/13-privatized_01-priv_nr_true.yml	0.9476595493420702
wall	tso	c/goblint-regression/13-privatized_18-first-reads_true.yml	0.9924152688020723
wall	tso	c/goblint-regression/13-privatized_18-first-reads_unknown_1_neg.yml	1.023996215031665
wall	tso	c/goblint-regression/13-privatized_18-first-reads_unknown_2_pos.yml	0.9865589561766065
wall	tso	c/goblint-regression/13-privatized_19-publish-precision_true.yml	1.0557668435462864
wall	tso	c/goblint-regression/13-privatized_19-publish-precision_unknown_1_neg.yml	0.9971549820200205
wall	tso	c/goblint-regression/13-privatized_19-publish-precision_unknown_1_pos.yml	1.037133094921122
wall	tso	c/goblint-regression/13-privatized_19-publish-precision_unknown_2_neg.yml	0.9570676737383805
wall	tso	c/goblint-regression/13-privatized_19-publish-precision_unknown_2_pos.yml	1.0215024408342375
wall	tso	c/goblint-regression/13-privatized_20-publish-regression_true.yml	0.9891107283658055
wall	tso	c/goblint-regression/13-privatized_24-multiple-protecting_true.yml	1.0105052508027454
wall	tso	c/goblint-regression/13-privatized_25-struct_nr_true.yml	1.0212985189360269
wall	tso	c/goblint-regression/13-privatized_27-multiple-protecting2_true.yml	1.0051517279076663
wall	tso	c/goblint-regression/13-privatized_29-multiple-protecting2-vesal_true.yml	0.9944214671410802
wall	tso	c/goblint-regression/13-privatized_30-traces-oplus-vs-meet_true.yml	0.9969454771708456
wall	tso	c/goblint-regression/13-privatized_31-traces-mine-vs-mutex_true.yml	0.9998861831390577
wall	tso	c/goblint-regression/13-privatized_32-traces-mine-vs-oplus-vs-meet_true.yml	1.0134182623269226
wall	tso	c/goblint-regression/13-privatized_33-traces-v-matters_true.yml	0.9831930195428953
wall	tso	c/goblint-regression/13-privatized_34-traces-minepp-L-needs-to-be-um_true.yml	1.0216913457613719
wall	tso	c/goblint-regression/13-privatized_35-traces-ex-2_true.yml	1.0083210765232797
wall	tso	c/goblint-regression/13-privatized_36-traces-ex-3_true.yml	1.000043439562878
wall	tso	c/goblint-regression/13-privatized_37-traces-ex-4_true.yml	1.0193888992537001
wall	tso	c/goblint-regression/13-privatized_38-traces-ex-4-switch_true.yml	0.9934710561567575
wall	tso	c/goblint-regression/13-privatized_40-traces-ex-6_true.yml	0.9871292718021221
wall	tso	c/goblint-regression/13-privatized_41-traces-ex-7_unknown_1_neg.yml	1.004969900905936
wall	tso	c/goblint-regression/13-privatized_41-traces-ex-7_unknown_1_pos.yml	1.0038546072702212
wall	tso	c/goblint-regression/13-privatized_42-traces-ex-mini_true.yml	1.0149981483920714
wall	tso	c/goblint-regression/13-privatized_44-traces-mine2_true.yml	1.004151439108047
wall	tso	c/goblint-regression/13-privatized_45-traces-per-global-and-current-lock-mine-incomparable_true.yml	1.0244079628780736
wall	tso	c/goblint-regression/13-privatized_46-refine-protected1_true.yml	0.9988867682851055
wall	tso	c/goblint-regression/13-privatized_47-refine-protected2_true.yml	1.0109128454784493
wall	tso	c/goblint-regression/13-privatized_57-singlethreaded-unlock_true.yml	1.0080975760412751
wall	tso	c/goblint-regression/13-privatized_58-singlethreaded-lock_true.yml	0.9578246800176687
wall	tso	c/goblint-regression/13-privatized_66-mine-W-init_true.yml	1.0364986400866185
wall	tso	c/goblint-regression/13-privatized_68-pfscan_protected_loop_minimal_interval_true.yml	1.0057875589182348
wall	tso	c/goblint-regression/13-privatized_69-refine-protected-loop-interval_true.yml	0.9710823963034138
wall	tso	c/goblint-regression/28-race_reach_21-deref_read_racing.yml	0.997719313985189
wall	tso	c/goblint-regression/28-race_reach_45-escape_racing.yml	0.9978580507686016
wall	tso	c/goblint-regression/28-race_reach_46-escape_racefree.yml	0.9892897126272869
wall	tso	c/goblint-regression/36-apron_11-traces-max-simple_true.yml	0.999089015298326
wall	tso	c/goblint-regression/36-apron_16-traces-unprot2_true.yml	1.019820932030882
wall	tso	c/goblint-regression/36-apron_17-traces-rpb-litmus_unknown_1_neg.yml	0.9784107465436724
wall	tso	c/goblint-regression/36-apron_21-traces-cluster-based_true.yml	1.0069230055814846
wall	tso	c/goblint-regression/36-apron_22-traces-write-centered-vs-meet-mutex_true_no-overflow.yml	0.9985820089128308
wall	tso	c/goblint-regression/36-apron_41-threadenter-no-locals_unknown_1_pos.yml	1.0246645530066605
wall	tso	c/ldv-races/race-1_1-join.yml	0.9966157297694299
wall	tso	c/ldv-races/race-1_2-join.yml	1.0522263402122145
wall	tso	c/ldv-races/race-1_3-join.yml	1.0305217961479642
wall	tso	c/ldv-races/race-2_1-container_of.yml	1.0141787502041084
wall	tso	c/ldv-races/race-3_1-container_of-global.yml	0.9944017678111768
wall	tso	c/ldv-races/race-4_1-thread_local_vars.yml	0.9998780170758306
wall	tso	c/pthread-C-DAC/pthread-demo-datarace-3.yml	1.0023693605657875
wall	tso	c/pthread-atomic/dekker-unfair.yml	0.989209764156961
wall	tso	c/pthread-atomic/dekker.yml	1.0343390486011332
wall	tso	c/pthread-atomic/szymanski.yml	1.0270028682100643
wall	tso	c/pthread-atomic/time_var_mutex.yml	0.9942393804066353
wall	tso	c/pthread-deagle/circular_buffer_bad.yml	0.9944921126741074
wall	tso	c/pthread-deagle/circular_buffer_ok.yml	0.9416394127372483
wall	tso	c/pthread-ext/01b_inc.yml	1.00707339067474
wall	tso	c/pthread-ext/02_inc_cas.yml	1.0115746337598295
wall	tso	c/pthread-ext/14_spin2003.yml	0.9724739759739768
wall	tso	c/pthread-ext/29_conditionals_vs.yml	0.9870489105063999
wall	tso	c/pthread-ext/43_NetBSD_sysmon_power_sliced.yml	0.9423981491739415
wall	tso	c/pthread-ext/45_monabsex1_vs.yml	0.9675982881102524
wall	tso	c/pthread-ext/46_monabsex2_vs.yml	1.016614109541878
wall	tso	c/pthread-ext/48_ticket_lock_low_contention_vs-pthread.yml	0.9829719868233769
wall	tso	c/pthread-ext/48_ticket_lock_low_contention_vs.yml	0.9585572415121395
wall	tso	c/pthread-theta/exponential-nondet.yml	0.985962449493347
wall	tso	c/pthread-theta/unwind2-1.yml	1.0104325135974837
wall	tso	c/pthread-theta/unwind2-100.yml	0.9762500974716635
wall	tso	c/pthread-theta/unwind3-1.yml	1.0120408556978953
wall	tso	c/pthread/butterfly.yml	0.966372441872531
wall	tso	c/pthread/fib_safe-5.yml	0.9450922554637442
wall	tso	c/pthread/fib_safe-6.yml	0.9457243654831972
wall	tso	c/pthread/fib_unsafe-5.yml	0.946002812535152
wall	tso	c/pthread/fib_unsafe-6.yml	0.9446650073970494
wall	tso	c/pthread/lazy01.yml	1.0379416138364264
wall	tso	c/pthread/queue.yml	0.9667275612433429
wall	tso	c/pthread/queue_ok.yml	0.9818356767342212
wall	tso	c/pthread/queue_ok_longer.yml	1.008305516420213
wall	tso	c/pthread/queue_ok_longest.yml	0.9929596278092857
wall	tso	c/pthread/reorder_2.yml	0.9857009623265309
wall	tso	c/pthread/singleton.yml	1.0184309867099366
wall	tso	c/pthread/singleton_with-uninit-problems.yml	1.0282310300795465
wall	tso	c/pthread/stateful01-1.yml	0.986811574373478
wall	tso	c/pthread/stateful01-2.yml	1.0299114976958559
wall	tso	c/pthread/triangular-1.yml	0.9666082599585949
wall	tso	c/pthread/triangular-2.yml	0.9701737859048458
wall	tso	c/pthread/twostage_3.yml	0.9682603535999171
wall	pso	c/goblint-regression/13-privatized_01-priv_nr_true.yml	1.0341514991838983
wall	pso	c/goblint-regression/13-privatized_18-first-reads_true.yml	1.0286653616750376
wall	pso	c/goblint-regression/13-privatized_18-first-reads_unknown_1_neg.yml	0.9490965865049825
wall	pso	c/goblint-regression/13-privatized_18-first-reads_unknown_2_pos.yml	1.0001446407793353
wall	pso	c/goblint-regression/13-privatized_19-publish-precision_true.yml	1.0615467347624532
wall	pso	c/goblint-regression/13-privatized_19-publish-precision_unknown_1_neg.yml	1.02657905237153
wall	pso	c/goblint-regression/13-privatized_19-publish-precision_unknown_1_pos.yml	0.9731504975808943
wall	pso	c/goblint-regression/13-privatized_19-publish-precision_unknown_2_neg.yml	1.0362575468083146
wall	pso	c/goblint-regression/13-privatized_19-publish-precision_unknown_2_pos.yml	0.9399643803906911
wall	pso	c/goblint-regression/13-privatized_20-publish-regression_true.yml	1.0154590269067512
wall	pso	c/goblint-regression/13-privatized_24-multiple-protecting_true.yml	0.9872617856256222
wall	pso	c/goblint-regression/13-privatized_25-struct_nr_true.yml	0.9855374171613025
wall	pso	c/goblint-regression/13-privatized_27-multiple-protecting2_true.yml	0.9746943264556065
wall	pso	c/goblint-regression/13-privatized_29-multiple-protecting2-vesal_true.yml	0.9690030569664569
wall	pso	c/goblint-regression/13-privatized_30-traces-oplus-vs-meet_true.yml	0.9892938242037518
wall	pso	c/goblint-regression/13-privatized_31-traces-mine-vs-mutex_true.yml	1.020855302280591
wall	pso	c/goblint-regression/13-privatized_32-traces-mine-vs-oplus-vs-meet_true.yml	1.0130989319699129
wall	pso	c/goblint-regression/13-privatized_33-traces-v-matters_true.yml	0.9903425938612238
wall	pso	c/goblint-regression/13-privatized_34-traces-minepp-L-needs-to-be-um_true.yml	1.0383492906155554
wall	pso	c/goblint-regression/13-privatized_35-traces-ex-2_true.yml	0.9714240342311083
wall	pso	c/goblint-regression/13-privatized_36-traces-ex-3_true.yml	1.0222978380908554
wall	pso	c/goblint-regression/13-privatized_37-traces-ex-4_true.yml	1.0155013846476906
wall	pso	c/goblint-regression/13-privatized_38-traces-ex-4-switch_true.yml	0.9717326755055636
wall	pso	c/goblint-regression/13-privatized_40-traces-ex-6_true.yml	0.9937720109461338
wall	pso	c/goblint-regression/13-privatized_41-traces-ex-7_unknown_1_neg.yml	0.9889582619267636
wall	pso	c/goblint-regression/13-privatized_41-traces-ex-7_unknown_1_pos.yml	1.0177427493289501
wall	pso	c/goblint-regression/13-privatized_42-traces-ex-mini_true.yml	0.9641677516372518
wall	pso	c/goblint-regression/13-privatized_44-traces-mine2_true.yml	0.9955474686101715
wall	pso	c/goblint-regression/13-privatized_45-traces-per-global-and-current-lock-mine-incomparable_true.yml	0.982134492054892
wall	pso	c/goblint-regression/13-privatized_46-refine-protected1_true.yml	0.9836626973548626
wall	pso	c/goblint-regression/13-privatized_47-refine-protected2_true.yml	1.1181058723492439
wall	pso	c/goblint-regression/13-privatized_57-singlethreaded-unlock_true.yml	0.9206523587870441
wall	pso	c/goblint-regression/13-privatized_58-singlethreaded-lock_true.yml	0.9590950760066544
wall	pso	c/goblint-regression/13-privatized_66-mine-W-init_true.yml	1.0626364649522364
wall	pso	c/goblint-regression/13-privatized_68-pfscan_protected_loop_minimal_interval_true.yml	1.0359350452549734
wall	pso	c/goblint-regression/13-privatized_69-refine-protected-loop-interval_true.yml	0.9664640496366087
wall	pso	c/goblint-regression/28-race_reach_21-deref_read_racing.yml	1.004831999646218
wall	pso	c/goblint-regression/28-race_reach_45-escape_racing.yml	1.031603543846599
wall	pso	c/goblint-regression/28-race_reach_46-escape_racefree.yml	1.0185967493882684
wall	pso	c/goblint-regression/36-apron_11-traces-max-simple_true.yml	1.0015722068735466
wall	pso	c/goblint-regression/36-apron_16-traces-unprot2_true.yml	0.8832467963771321
wall	pso	c/goblint-regression/36-apron_17-traces-rpb-litmus_unknown_1_neg.yml	0.9940101210925982
wall	pso	c/goblint-regression/36-apron_21-traces-cluster-based_true.yml	0.984561103853713
wall	pso	c/goblint-regression/36-apron_22-traces-write-centered-vs-meet-mutex_true_no-overflow.yml	0.9640439470152592
wall	pso	c/goblint-regression/36-apron_41-threadenter-no-locals_unknown_1_pos.yml	1.131594461981755
wall	pso	c/ldv-races/race-1_1-join.yml	1.030206627774627
wall	pso	c/ldv-races/race-1_2-join.yml	1.0473250361772446
wall	pso	c/ldv-races/race-1_3-join.yml	1.0256966537369285
wall	pso	c/ldv-races/race-2_1-container_of.yml	1.0845808563456112
wall	pso	c/ldv-races/race-3_1-container_of-global.yml	1.0192732457131015
wall	pso	c/ldv-races/race-4_1-thread_local_vars.yml	1.041097683270562
wall	pso	c/pthread-C-DAC/pthread-demo-datarace-3.yml	1.190769441926857
wall	pso	c/pthread-atomic/dekker-unfair.yml	1.0164355214529426
wall	pso	c/pthread-atomic/dekker.yml	1.0090098606979374
wall	pso	c/pthread-atomic/szymanski.yml	1.0153422094613411
wall	pso	c/pthread-atomic/time_var_mutex.yml	1.0160692881009499
wall	pso	c/pthread-deagle/circular_buffer_bad.yml	0.9594968528347285
wall	pso	c/pthread-ext/01b_inc.yml	1.021405378616735
wall	pso	c/pthread-ext/02_inc_cas.yml	1.0504681950192514
wall	pso	c/pthread-ext/14_spin2003.yml	1.0382374156191478
wall	pso	c/pthread-ext/29_conditionals_vs.yml	0.9546577524807491
wall	pso	c/pthread-ext/43_NetBSD_sysmon_power_sliced.yml	0.9662665620412266
wall	pso	c/pthread-ext/45_monabsex1_vs.yml	0.9991856708214374
wall	pso	c/pthread-ext/46_monabsex2_vs.yml	0.9614372975024688
wall	pso	c/pthread-ext/48_ticket_lock_low_contention_vs-pthread.yml	0.9489023541743732
wall	pso	c/pthread-ext/48_ticket_lock_low_contention_vs.yml	1.0200532226106462
wall	pso	c/pthread-theta/exponential-nondet.yml	1.0162795131104618
wall	pso	c/pthread-theta/unwind2-1.yml	0.9910324523578936
wall	pso	c/pthread-theta/unwind2-100.yml	1.1004765325478045
wall	pso	c/pthread-theta/unwind3-1.yml	1.0041466870346465
wall	pso	c/pthread/lazy01.yml	0.9869804468727384
wall	pso	c/pthread/queue.yml	0.9476501463237618
wall	pso	c/pthread/queue_ok.yml	0.9606388114565936
wall	pso	c/pthread/reorder_2.yml	0.9672018419740784
wall	pso	c/pthread/singleton.yml	0.9862504192982101
wall	pso	c/pthread/singleton_with-uninit-problems.yml	1.0498074345516362
wall	pso	c/pthread/stateful01-1.yml	1.0286276967278154
wall	pso	c/pthread/stateful01-2.yml	1.028971605569616
wall	pso	c/pthread/triangular-2.yml	0.9696360447836953
wall	pso	c/pthread/twostage_3.yml	1.0274654182292813
wall	all	c/goblint-regression/13-privatized_01-priv_nr_true.yml	0.9883192361146049
wall	all	c/goblint-regression/13-privatized_18-first-reads_true.yml	1.0091707867602775
wall	all	c/goblint-regression/13-privatized_18-first-reads_unknown_1_neg.yml	0.9836755997801124
wall	all	c/goblint-regression/13-privatized_18-first-reads_unknown_2_pos.yml	0.9873193005265368
wall	all	c/goblint-regression/13-privatized_19-publish-precision_true.yml	1.0497715024950498
wall	all	c/goblint-regression/13-privatized_19-publish-precision_unknown_1_neg.yml	0.9997785055166727
wall	all	c/goblint-regression/13-privatized_19-publish-precision_unknown_1_pos.yml	1.013251116684402
wall	all	c/goblint-regression/13-privatized_19-publish-precision_unknown_2_neg.yml	1.0028853929598973
wall	all	c/goblint-regression/13-privatized_19-publish-precision_unknown_2_pos.yml	0.9888478325883948
wall	all	c/goblint-regression/13-privatized_20-publish-regression_true.yml	1.0031091277589912
wall	all	c/goblint-regression/13-privatized_24-multiple-protecting_true.yml	1.0062589281817098
wall	all	c/goblint-regression/13-privatized_25-struct_nr_true.yml	0.9961899461158513
wall	all	c/goblint-regression/13-privatized_27-multiple-protecting2_true.yml	0.9866178554730477
wall	all	c/goblint-regression/13-privatized_29-multiple-protecting2-vesal_true.yml	0.9844264996403974
wall	all	c/goblint-regression/13-privatized_30-traces-oplus-vs-meet_true.yml	0.9976593579247861
wall	all	c/goblint-regression/13-privatized_31-traces-mine-vs-mutex_true.yml	0.9961952566131559
wall	all	c/goblint-regression/13-privatized_32-traces-mine-vs-oplus-vs-meet_true.yml	1.0134621093285026
wall	all	c/goblint-regression/13-privatized_33-traces-v-matters_true.yml	0.99637399584972
wall	all	c/goblint-regression/13-privatized_34-traces-minepp-L-needs-to-be-um_true.yml	1.0170968811089915
wall	all	c/goblint-regression/13-privatized_35-traces-ex-2_true.yml	0.98074905285859
wall	all	c/goblint-regression/13-privatized_36-traces-ex-3_true.yml	1.0111910862345708
wall	all	c/goblint-regression/13-privatized_37-traces-ex-4_true.yml	1.009634041690703
wall	all	c/goblint-regression/13-privatized_38-traces-ex-4-switch_true.yml	0.9965705669452002
wall	all	c/goblint-regression/13-privatized_40-traces-ex-6_true.yml	0.9925410887998201
wall	all	c/goblint-regression/13-privatized_41-traces-ex-7_unknown_1_neg.yml	0.9873591074641179
wall	all	c/goblint-regression/13-privatized_41-traces-ex-7_unknown_1_pos.yml	1.0096019293711076
wall	all	c/goblint-regression/13-privatized_42-traces-ex-mini_true.yml	0.9943482104954144
wall	all	c/goblint-regression/13-privatized_44-traces-mine2_true.yml	1.0060265648100044
wall	all	c/goblint-regression/13-privatized_45-traces-per-global-and-current-lock-mine-incomparable_true.yml	0.9838149917296239
wall	all	c/goblint-regression/13-privatized_46-refine-protected1_true.yml	0.9899447736647186
wall	all	c/goblint-regression/13-privatized_47-refine-protected2_true.yml	1.0354752399975153
wall	all	c/goblint-regression/13-privatized_57-singlethreaded-unlock_true.yml	0.9937851125744598
wall	all	c/goblint-regression/13-privatized_58-singlethreaded-lock_true.yml	0.9803622163563941
wall	all	c/goblint-regression/13-privatized_66-mine-W-init_true.yml	1.0270084314703163
wall	all	c/goblint-regression/13-privatized_68-pfscan_protected_loop_minimal_interval_true.yml	1.0039093754697395
wall	all	c/goblint-regression/13-privatized_69-refine-protected-loop-interval_true.yml	0.9513079239298624
wall	all	c/goblint-regression/28-race_reach_21-deref_read_racing.yml	0.9980508489075118
wall	all	c/goblint-regression/28-race_reach_45-escape_racing.yml	1.001830962537043
wall	all	c/goblint-regression/28-race_reach_46-escape_racefree.yml	1.0188437418846825
wall	all	c/goblint-regression/36-apron_11-traces-max-simple_true.yml	0.9945631971247806
wall	all	c/goblint-regression/36-apron_16-traces-unprot2_true.yml	0.9690682155189172
wall	all	c/goblint-regression/36-apron_17-traces-rpb-litmus_unknown_1_neg.yml	0.9934462354163606
wall	all	c/goblint-regression/36-apron_21-traces-cluster-based_true.yml	0.9987919753924356
wall	all	c/goblint-regression/36-apron_22-traces-write-centered-vs-meet-mutex_true_no-overflow.yml	0.9927700090016172
wall	all	c/goblint-regression/36-apron_41-threadenter-no-locals_unknown_1_pos.yml	1.0528825536252218
wall	all	c/ldv-races/race-1_1-join.yml	1.0003058983333535
wall	all	c/ldv-races/race-1_2-join.yml	1.0321377255142685
wall	all	c/ldv-races/race-1_3-join.yml	1.0062018446390253
wall	all	c/ldv-races/race-2_1-container_of.yml	1.0249692243582302
wall	all	c/ldv-races/race-3_1-container_of-global.yml	1.00787546485111
wall	all	c/ldv-races/race-4_1-thread_local_vars.yml	0.9967970021052529
wall	all	c/pthread-C-DAC/pthread-demo-datarace-3.yml	1.044338278570901
wall	all	c/pthread-atomic/dekker-unfair.yml	1.0096983242228825
wall	all	c/pthread-atomic/dekker.yml	1.0242617075189293
wall	all	c/pthread-atomic/szymanski.yml	1.0076486399437041
wall	all	c/pthread-atomic/time_var_mutex.yml	1.0132494819307631
wall	all	c/pthread-deagle/circular_buffer_bad.yml	0.9900734238503217
wall	all	c/pthread-ext/01b_inc.yml	1.0185661272863313
wall	all	c/pthread-ext/02_inc_cas.yml	1.0313837427618424
wall	all	c/pthread-ext/14_spin2003.yml	1.007657905280555
wall	all	c/pthread-ext/29_conditionals_vs.yml	0.9626822117554203
wall	all	c/pthread-ext/43_NetBSD_sysmon_power_sliced.yml	0.9686346480832455
wall	all	c/pthread-ext/45_monabsex1_vs.yml	0.9914943626657182
wall	all	c/pthread-ext/46_monabsex2_vs.yml	0.9938923596852642
wall	all	c/pthread-ext/48_ticket_lock_low_contention_vs-pthread.yml	0.9832321290869591
wall	all	c/pthread-ext/48_ticket_lock_low_contention_vs.yml	1.0017629561561288
wall	all	c/pthread-theta/exponential-nondet.yml	0.9965454744787814
wall	all	c/pthread-theta/unwind2-1.yml	1.0096715980266
wall	all	c/pthread-theta/unwind2-100.yml	1.0182391391979728
wall	all	c/pthread-theta/unwind3-1.yml	0.9953598719785163
wall	all	c/pthread/lazy01.yml	1.004774690110731
wall	all	c/pthread/queue.yml	0.9507473864629258
wall	all	c/pthread/queue_ok.yml	0.9727169954036858
wall	all	c/pthread/reorder_2.yml	0.9752843431774643
wall	all	c/pthread/singleton.yml	0.9928256892229271
wall	all	c/pthread/singleton_with-uninit-problems.yml	1.0308652429138154
wall	all	c/pthread/stateful01-1.yml	1.0173762990759827
wall	all	c/pthread/stateful01-2.yml	1.0280060656460939
wall	all	c/pthread/triangular-2.yml	0.9629460457464288
wall	all	c/pthread/twostage_3.yml	1.0049392750551354
memory	sc	c/goblint-regression/13-privatized_01-priv_nr_true.yml	1.0008721160707206
memory	sc	c/goblint-regression/13-privatized_18-first-reads_true.yml	1.0001586042823156
memory	sc	c/goblint-regression/13-privatized_18-first-reads_unknown_1_neg.yml	1.0003170828378913
memory	sc	c/goblint-regression/13-privatized_18-first-reads_unknown_2_pos.yml	0.9988120693751484
memory	sc	c/goblint-regression/13-privatized_19-publish-precision_true.yml	1.0020631645770512
memory	sc	c/goblint-regression/13-privatized_19-publish-precision_unknown_1_neg.yml	1.0000792267469498
memory	sc	c/goblint-regression/13-privatized_19-publish-precision_unknown_1_pos.yml	0.9992870157648737
memory	sc	c/goblint-regression/13-privatized_19-publish-precision_unknown_2_neg.yml	1.0001584786053883
memory	sc	c/goblint-regression/13-privatized_19-publish-precision_unknown_2_pos.yml	0.9995246018540528
memory	sc	c/goblint-regression/13-privatized_20-publish-regression_true.yml	0.9996826907821672
memory	sc	c/goblint-regression/13-privatized_24-multiple-protecting_true.yml	0.9990504075334335
memory	sc	c/goblint-regression/13-privatized_25-struct_nr_true.yml	0.9984174711188479
memory	sc	c/goblint-regression/13-privatized_27-multiple-protecting2_true.yml	1.0
memory	sc	c/goblint-regression/13-privatized_29-multiple-protecting2-vesal_true.yml	1.0002378121284186
memory	sc	c/goblint-regression/13-privatized_30-traces-oplus-vs-meet_true.yml	1.001426985888695
memory	sc	c/goblint-regression/13-privatized_31-traces-mine-vs-mutex_true.yml	0.9998415841584158
memory	sc	c/goblint-regression/13-privatized_32-traces-mine-vs-oplus-vs-meet_true.yml	0.9993665373347058
memory	sc	c/goblint-regression/13-privatized_33-traces-v-matters_true.yml	1.0011116404637128
memory	sc	c/goblint-regression/13-privatized_34-traces-minepp-L-needs-to-be-um_true.yml	0.9999206978588422
memory	sc	c/goblint-regression/13-privatized_35-traces-ex-2_true.yml	1.00119066518495
memory	sc	c/goblint-regression/13-privatized_36-traces-ex-3_true.yml	0.9992849765631207
memory	sc	c/goblint-regression/13-privatized_37-traces-ex-4_true.yml	1.0001585665583128
memory	sc	c/goblint-regression/13-privatized_38-traces-ex-4-switch_true.yml	0.9999206538125843
memory	sc	c/goblint-regression/13-privatized_40-traces-ex-6_true.yml	0.9973828217939567
memory	sc	c/goblint-regression/13-privatized_41-traces-ex-7_unknown_1_neg.yml	1.0000793650793651
memory	sc	c/goblint-regression/13-privatized_41-traces-ex-7_unknown_1_pos.yml	0.9998413705583756
memory	sc	c/goblint-regression/13-privatized_42-traces-ex-mini_true.yml	0.999523771727915
memory	sc	c/goblint-regression/13-privatized_44-traces-mine2_true.yml	0.9988897700237906
memory	sc	c/goblint-regression/13-privatized_45-traces-per-global-and-current-lock-mine-incomparable_true.yml	0.999602985548674
memory	sc	c/goblint-regression/13-privatized_46-refine-protected1_true.yml	0.9979378172588832
memory	sc	c/goblint-regression/13-privatized_47-refine-protected2_true.yml	1.0006349710294469
memory	sc	c/goblint-regression/13-privatized_57-singlethreaded-unlock_true.yml	0.9980171319796954
memory	sc	c/goblint-regression/13-privatized_58-singlethreaded-lock_true.yml	1.001032319542603
memory	sc	c/goblint-regression/13-privatized_66-mine-W-init_true.yml	1.002549597641622
memory	sc	c/goblint-regression/13-privatized_68-pfscan_protected_loop_minimal_interval_true.yml	1.0008713561470215
memory	sc	c/goblint-regression/13-privatized_69-refine-protected-loop-interval_true.yml	0.9984962406015038
memory	sc	c/goblint-regression/28-race_reach_21-deref_read_racing.yml	0.9972499638153134
memory	sc	c/goblint-regression/28-race_reach_45-escape_racing.yml	1.0011879306248515
memory	sc	c/goblint-regression/28-race_reach_46-escape_racefree.yml	0.997863924050633
memory	sc	c/goblint-regression/36-apron_11-traces-max-simple_true.yml	0.9985723350253807
memory	sc	c/goblint-regression/36-apron_16-traces-unprot2_true.yml	1.0006372978570859
memory	sc	c/goblint-regression/36-apron_17-traces-rpb-litmus_unknown_1_neg.yml	0.9992865636147443
memory	sc	c/goblint-regression/36-apron_21-traces-cluster-based_true.yml	0.9991314646664035
memory	sc	c/goblint-regression/36-apron_22-traces-write-centered-vs-meet-mutex_true_no-overflow.yml	0.9988916158657272
memory	sc	c/goblint-regression/36-apron_41-threadenter-no-locals_unknown_1_pos.yml	1.0007173601147776
memory	sc	c/ldv-races/race-1_1-join.yml	0.9988220512015078
memory	sc	c/ldv-races/race-1_2-join.yml	0.9988222361809045
memory	sc	c/ldv-races/race-1_3-join.yml	1.000314119679598
memory	sc	c/ldv-races/race-2_1-container_of.yml	1.0000784129224496
memory	sc	c/ldv-races/race-3_1-container_of-global.yml	1.0007848061528803
memory	sc	c/ldv-races/race-4_1-thread_local_vars.yml	0.9990608858976365
memory	sc	c/pthread-C-DAC/pthread-demo-datarace-3.yml	1.0000791076655329
memory	sc	c/pthread-atomic/dekker-unfair.yml	0.9975478563518431
memory	sc	c/pthread-atomic/dekker.yml	0.9993663868208459
memory	sc	c/pthread-atomic/szymanski.yml	1.0009515502339228
memory	sc	c/pthread-atomic/time_var_mutex.yml	0.9986574000947718
memory	sc	c/pthread-deagle/circular_buffer_bad.yml	1.0
memory	sc	c/pthread-deagle/circular_buffer_ok.yml	1.000394726454567
memory	sc	c/pthread-ext/01b_inc.yml	1.0007135495124078
memory	sc	c/pthread-ext/02_inc_cas.yml	1.0003969829297341
memory	sc	c/pthread-ext/14_spin2003.yml	0.9992851469420174
memory	sc	c/pthread-ext/29_conditionals_vs.yml	0.9976965845909452
memory	sc	c/pthread-ext/43_NetBSD_sysmon_power_sliced.yml	1.000397582697201
memory	sc	c/pthread-ext/45_monabsex1_vs.yml	1.0017482517482517
memory	sc	c/pthread-ext/46_monabsex2_vs.yml	0.9999206852791879
memory	sc	c/pthread-ext/48_ticket_lock_low_contention_vs-pthread.yml	1.0000792330243244
memory	sc	c/pthread-ext/48_ticket_lock_low_contention_vs.yml	0.9993664871713652
memory	sc	c/pthread-theta/exponential-nondet.yml	0.9998418597295802
memory	sc	c/pthread-theta/unwind2-1.yml	0.9998420470699731
memory	sc	c/pthread-theta/unwind2-100.yml	1.002690086241
memory	sc	c/pthread-theta/unwind3-1.yml	0.9996044303797469
memory	sc	c/pthread/butterfly.yml	0.9999212412380878
memory	sc	c/pthread/fib_safe-5.yml	1.000554543293987
memory	sc	c/pthread/fib_safe-6.yml	0.999129333544404
memory	sc	c/pthread/fib_unsafe-5.yml	0.9980218388985599
memory	sc	c/pthread/fib_unsafe-6.yml	1.0026969144126279
memory	sc	c/pthread/fib_unsafe-7.yml	1.000554675118859
memory	sc	c/pthread/lazy01.yml	0.9991310530057667
memory	sc	c/pthread/queue.yml	1.0003145643284053
memory	sc	c/pthread/queue_ok.yml	0.9998426312062318
memory	sc	c/pthread/queue_ok_longer.yml	1.0001867367136827
memory	sc	c/pthread/queue_ok_longest.yml	1.000123595768348
memory	sc	c/pthread/reorder_2.yml	1.000473410130977
memory	sc	c/pthread/singleton.yml	0.9990574188987511
memory	sc	c/pthread/singleton_with-uninit-problems.yml	1.002043382584093
memory	sc	c/pthread/stateful01-1.yml	1.0018200522275857
memory	sc	c/pthread/stateful01-2.yml	0.9979449889345559
memory	sc	c/pthread/triangular-1.yml	1.00134610816375
memory	sc	c/pthread/triangular-2.yml	1.001742988432895
memory	sc	c/pthread/twostage_3.yml	0.9984376220607765
memory	tso	c/goblint-regression/13-privatized_01-priv_nr_true.yml	1.0012608353033885
memory	tso	c/goblint-regression/13-privatized_18-first-reads_true.yml	1.0013405882816813
memory	tso	c/goblint-regression/13-privatized_18-first-reads_unknown_1_neg.yml	1.001812022374537
memory	tso	c/goblint-regression/13-privatized_18-first-reads_unknown_2_pos.yml	0.9992916732252479
memory	tso	c/goblint-regression/13-privatized_19-publish-precision_true.yml	1.002129505481505
memory	tso	c/goblint-regression/13-privatized_19-publish-precision_unknown_1_neg.yml	0.9993695326660887
memory	tso	c/goblint-regression/13-privatized_19-publish-precision_unknown_1_pos.yml	1.0018140231879487
memory	tso	c/goblint-regression/13-privatized_19-publish-precision_unknown_2_neg.yml	1.0007093875620714
memory	tso	c/goblint-regression/13-privatized_19-publish-precision_unknown_2_pos.yml	1.0022867055669453
memory	tso	c/goblint-regression/13-privatized_20-publish-regression_true.yml	0.9998424452497243
memory	tso	c/goblint-regression/13-privatized_24-multiple-protecting_true.yml	0.9974087161366313
memory	tso	c/goblint-regression/13-privatized_25-struct_nr_true.yml	0.9986624704956727
memory	tso	c/goblint-regression/13-privatized_27-multiple-protecting2_true.yml	0.9999214947401476
memory	tso	c/goblint-regression/13-privatized_29-multiple-protecting2-vesal_true.yml	0.9977231687210489
memory	tso	c/goblint-regression/13-privatized_30-traces-oplus-vs-meet_true.yml	0.9992912827781715
memory	tso	c/goblint-regression/13-privatized_31-traces-mine-vs-mutex_true.yml	1.0002359603586597
memory	tso	c/goblint-regression/13-privatized_32-traces-mine-vs-oplus-vs-meet_true.yml	1.0007081038552321
memory	tso	c/goblint-regression/13-privatized_33-traces-v-matters_true.yml	0.9996060200141833
memory	tso	c/goblint-regression/13-privatized_34-traces-minepp-L-needs-to-be-um_true.yml	0.9985051140833989
memory	tso	c/goblint-regression/13-privatized_35-traces-ex-2_true.yml	0.99897476340694
memory	tso	c/goblint-regression/13-privatized_36-traces-ex-3_true.yml	1.0001578407386946
memory	tso	c/goblint-regression/13-privatized_37-traces-ex-4_true.yml	1.0002367237433916
memory	tso	c/goblint-regression/13-privatized_38-traces-ex-4-switch_true.yml	1.0025250532628422
memory	tso	c/goblint-regression/13-privatized_40-traces-ex-6_true.yml	0.9979525946924954
memory	tso	c/goblint-regression/13-privatized_41-traces-ex-7_unknown_1_neg.yml	0.9988163812830427
memory	tso	c/goblint-regression/13-privatized_41-traces-ex-7_unknown_1_pos.yml	0.9992115430103288
memory	tso	c/goblint-regression/13-privatized_42-traces-ex-mini_true.yml	1.0004731114966094
memory	tso	c/goblint-regression/13-privatized_44-traces-mine2_true.yml	1.0003943217665616
memory	tso	c/goblint-regression/13-privatized_45-traces-per-global-and-current-lock-mine-incomparable_true.yml	0.9989752483052183
memory	tso	c/goblint-regression/13-privatized_46-refine-protected1_true.yml	0.9998422090729783
memory	tso	c/goblint-regression/13-privatized_47-refine-protected2_true.yml	1.0001578407386946
memory	tso	c/goblint-regression/13-privatized_57-singlethreaded-unlock_true.yml	1.0007896399241947
memory	tso	c/goblint-regression/13-privatized_58-singlethreaded-lock_true.yml	1.0010264508487958
memory	tso	c/goblint-regression/13-privatized_66-mine-W-init_true.yml	1.0001578407386946
memory	tso	c/goblint-regression/13-privatized_68-pfscan_protected_loop_minimal_interval_true.yml	0.9998428414269999
memory	tso	c/goblint-regression/13-privatized_69-refine-protected-loop-interval_true.yml	0.9996071344385951
memory	tso	c/goblint-regression/28-race_reach_21-deref_read_racing.yml	1.002465465356586
memory	tso	c/goblint-regression/28-race_reach_45-escape_racing.yml	0.9978018527241325
memory	tso	c/goblint-regression/28-race_reach_46-escape_racefree.yml	1.001653022670025
memory	tso	c/goblint-regression/36-apron_11-traces-max-simple_true.yml	1.0002366863905325
memory	tso	c/goblint-regression/36-apron_16-traces-unprot2_true.yml	0.9999210983115039
memory	tso	c/goblint-regression/36-apron_17-traces-rpb-litmus_unknown_1_neg.yml	1.0009464468806688
memory	tso	c/goblint-regression/36-apron_21-traces-cluster-based_true.yml	0.9990580847723705
memory	tso	c/goblint-regression/36-apron_22-traces-write-centered-vs-meet-mutex_true_no-overflow.yml	1.0009436929852156
memory	tso	c/goblint-regression/36-apron_41-threadenter-no-locals_unknown_1_pos.yml	1.0001578158289277
memory	tso	c/ldv-races/race-1_1-join.yml	1.0
memory	tso	c/ldv-races/race-1_2-join.yml	1.001093835455895
memory	tso	c/ldv-races/race-1_3-join.yml	1.000702356797253
memory	tso	c/ldv-races/race-2_1-container_of.yml	0.9989099968857054
memory	tso	c/ldv-races/race-3_1-container_of-global.yml	0.998832593976185
memory	tso	c/ldv-races/race-4_1-thread_local_vars.yml	0.999145099867879
memory	tso	c/pthread-C-DAC/pthread-demo-datarace-3.yml	1.000864372151501
memory	tso	c/pthread-atomic/dekker-unfair.yml	0.9999214639126679
memory	tso	c/pthread-atomic/dekker.yml	0.9997641880207514
memory	tso	c/pthread-atomic/szymanski.yml	0.9991347439628726
memory	tso	c/pthread-atomic/time_var_mutex.yml	0.9990594874206442
memory	tso	c/pthread-deagle/circular_buffer_bad.yml	0.9989029072956664
memory	tso	c/pthread-deagle/circular_buffer_ok.yml	0.9977301189730745
memory	tso	c/pthread-ext/01b_inc.yml	0.9982678529249666
memory	tso	c/pthread-ext/02_inc_cas.yml	1.0008675078864353
memory	tso	c/pthread-ext/14_spin2003.yml	1.0007094994087504
memory	tso	c/pthread-ext/29_conditionals_vs.yml	0.9999210734017364
memory	tso	c/pthread-ext/43_NetBSD_sysmon_power_sliced.yml	0.9988172212584766
memory	tso	c/pthread-ext/45_monabsex1_vs.yml	0.9996843434343434
memory	tso	c/pthread-ext/46_monabsex2_vs.yml	0.9994477753234459
memory	tso	c/pthread-ext/48_ticket_lock_low_contention_vs-pthread.yml	1.0006315623273072
memory	tso	c/pthread-ext/48_ticket_lock_low_contention_vs.yml	0.99952722401702
memory	tso	c/pthread-theta/exponential-nondet.yml	0.9997642621404997
memory	tso	c/pthread-theta/unwind2-1.yml	1.0002355342702363
memory	tso	c/pthread-theta/unwind2-100.yml	1.0005491919033422
memory	tso	c/pthread-theta/unwind3-1.yml	1.0001573192794777
memory	tso	c/pthread/butterfly.yml	0.9978128417434776
memory	tso	c/pthread/fib_safe-5.yml	0.9985846831262777
memory	tso	c/pthread/fib_safe-6.yml	0.9994493392070485
memory	tso	c/pthread/fib_unsafe-5.yml	1.0007864726700748
memory	tso	c/pthread/fib_unsafe-6.yml	0.9995278193121901
memory	tso	c/pthread/lazy01.yml	1.0014930064435015
memory	tso	c/pthread/queue.yml	1.0015655577299414
memory	tso	c/pthread/queue_ok.yml	1.0006263701847793
memory	tso	c/pthread/queue_ok_longer.yml	1.0001699713009995
memory	tso	c/pthread/queue_ok_longest.yml	1.000069659771482
memory	tso	c/pthread/reorder_2.yml	0.9993739239317577
memory	tso	c/pthread/singleton.yml	0.9979733416478291
memory	tso	c/pthread/singleton_with-uninit-problems.yml	1.0003121342177137
memory	tso	c/pthread/stateful01-1.yml	1.0011804517195246
memory	tso	c/pthread/stateful01-2.yml	0.9991363065326633
memory	tso	c/pthread/triangular-1.yml	0.9991356957649092
memory	tso	c/pthread/triangular-2.yml	1.0007078810759793
memory	tso	c/pthread/twostage_3.yml	0.9998444790046657
memory	pso	c/goblint-regression/13-privatized_01-priv_nr_true.yml	0.9989787902592302
memory	pso	c/goblint-regression/13-privatized_18-first-reads_true.yml	1.000236350744505
memory	pso	c/goblint-regression/13-privatized_18-first-reads_unknown_1_neg.yml	1.0017324198755808
memory	pso	c/goblint-regression/13-privatized_18-first-reads_unknown_2_pos.yml	1.0003149358318242
memory	pso	c/goblint-regression/13-privatized_19-publish-precision_true.yml	1.00259822061255
memory	pso	c/goblint-regression/13-privatized_19-publish-precision_unknown_1_neg.yml	1.0010237026537523
memory	pso	c/goblint-regression/13-privatized_19-publish-precision_unknown_1_pos.yml	1.0009442127626091
memory	pso	c/goblint-regression/13-privatized_19-publish-precision_unknown_2_neg.yml	1.0
memory	pso	c/goblint-regression/13-privatized_19-publish-precision_unknown_2_pos.yml	1.0009446587420294
memory	pso	c/goblint-regression/13-privatized_20-publish-regression_true.yml	1.0
memory	pso	c/goblint-regression/13-privatized_24-multiple-protecting_true.yml	0.9995289314595274
memory	pso	c/goblint-regression/13-privatized_25-struct_nr_true.yml	0.9997640396413403
memory	pso	c/goblint-regression/13-privatized_27-multiple-protecting2_true.yml	0.9987457866269499
memory	pso	c/goblint-regression/13-privatized_29-multiple-protecting2-vesal_true.yml	0.9998427425695864
memory	pso	c/goblint-regression/13-privatized_30-traces-oplus-vs-meet_true.yml	1.0002359789192166
memory	pso	c/goblint-regression/13-privatized_31-traces-mine-vs-mutex_true.yml	1.000392927308448
memory	pso	c/goblint-regression/13-privatized_32-traces-mine-vs-oplus-vs-meet_true.yml	0.9996069800345857
memory	pso	c/goblint-regression/13-privatized_33-traces-v-matters_true.yml	0.9992906683480454
memory	pso	c/goblint-regression/13-privatized_34-traces-minepp-L-needs-to-be-um_true.yml	0.998426188227888
memory	pso	c/goblint-regression/13-privatized_35-traces-ex-2_true.yml	1.000867439476382
memory	pso	c/goblint-regression/13-privatized_36-traces-ex-3_true.yml	0.9974811083123426
memory	pso	c/goblint-regression/13-privatized_37-traces-ex-4_true.yml	1.0009457755359394
memory	pso	c/goblint-regression/13-privatized_38-traces-ex-4-switch_true.yml	1.0006305170239596
memory	pso	c/goblint-regression/13-privatized_40-traces-ex-6_true.yml	0.9970882190918391
memory	pso	c/goblint-regression/13-privatized_41-traces-ex-7_unknown_1_neg.yml	0.9988177805800756
memory	pso	c/goblint-regression/13-privatized_41-traces-ex-7_unknown_1_pos.yml	1.0011834319526627
memory	pso	c/goblint-regression/13-privatized_42-traces-ex-mini_true.yml	1.00252326131525
memory	pso	c/goblint-regression/13-privatized_44-traces-mine2_true.yml	1.0006308650737323
memory	pso	c/goblint-regression/13-privatized_45-traces-per-global-and-current-lock-mine-incomparable_true.yml	1.0004733354370463
memory	pso	c/goblint-regression/13-privatized_46-refine-protected1_true.yml	0.9992903887092959
memory	pso	c/goblint-regression/13-privatized_47-refine-protected2_true.yml	1.0
memory	pso	c/goblint-regression/13-privatized_57-singlethreaded-unlock_true.yml	0.9992899968444304
memory	pso	c/goblint-regression/13-privatized_58-singlethreaded-lock_true.yml	1.0022879684418147
memory	pso	c/goblint-regression/13-privatized_66-mine-W-init_true.yml	0.9998422215209846
memory	pso	c/goblint-regression/13-privatized_68-pfscan_protected_loop_minimal_interval_true.yml	0.9995287834760073
memory	pso	c/goblint-regression/13-privatized_69-refine-protected-loop-interval_true.yml	1.001887385970431
memory	pso	c/goblint-regression/28-race_reach_21-deref_read_racing.yml	0.9999274494867051
memory	pso	c/goblint-regression/28-race_reach_45-escape_racing.yml	0.9985079315219099
memory	pso	c/goblint-regression/28-race_reach_46-escape_racefree.yml	1.0007077140835103
memory	pso	c/goblint-regression/36-apron_11-traces-max-simple_true.yml	1.0
memory	pso	c/goblint-regression/36-apron_16-traces-unprot2_true.yml	0.9998422215209846
memory	pso	c/goblint-regression/36-apron_17-traces-rpb-litmus_unknown_1_neg.yml	1.0002362018738682
memory	pso	c/goblint-regression/36-apron_21-traces-cluster-based_true.yml	1.0000784682988073
memory	pso	c/goblint-regression/36-apron_22-traces-write-centered-vs-meet-mutex_true_no-overflow.yml	1.0013364779874214
memory	pso	c/goblint-regression/36-apron_41-threadenter-no-locals_unknown_1_pos.yml	0.9996842936069456
memory	pso	c/ldv-races/race-1_1-join.yml	1.0014839112777256
memory	pso	c/ldv-races/race-1_2-join.yml	1.000390563974379
memory	pso	c/ldv-races/race-1_3-join.yml	1.0011717834544176
memory	pso	c/ldv-races/race-2_1-container_of.yml	1.0003895294484264
memory	pso	c/ldv-races/race-3_1-container_of-global.yml	1.0002332996344971
memory	pso	c/ldv-races/race-4_1-thread_local_vars.yml	1.0
memory	pso	c/pthread-C-DAC/pthread-demo-datarace-3.yml	1.0001570598397989
memory	pso	c/pthread-atomic/dekker-unfair.yml	1.0006288813772501
memory	pso	c/pthread-atomic/dekker.yml	0.9978018527241325
memory	pso	c/pthread-atomic/szymanski.yml	1.000471994965387
memory	pso	c/pthread-atomic/time_var_mutex.yml	0.998981031509641
memory	pso	c/pthread-deagle/circular_buffer_bad.yml	0.9992172824045085
memory	pso	c/pthread-ext/01b_inc.yml	0.9982692156399968
memory	pso	c/pthread-ext/02_inc_cas.yml	1.0014984227129338
memory	pso	c/pthread-ext/14_spin2003.yml	1.0007888923950774
memory	pso	c/pthread-ext/29_conditionals_vs.yml	1.0011050595942852
memory	pso	c/pthread-ext/43_NetBSD_sysmon_power_sliced.yml	1.0019726978615955
memory	pso	c/pthread-ext/45_monabsex1_vs.yml	1.0022092472778918
memory	pso	c/pthread-ext/46_monabsex2_vs.yml	0.9974034149028248
memory	pso	c/pthread-ext/48_ticket_lock_low_contention_vs-pthread.yml	1.0012608353033885
memory	pso	c/pthread-ext/48_ticket_lock_low_contention_vs.yml	1.0014162077104642
memory	pso	c/pthread-theta/exponential-nondet.yml	0.9998429771531758
memory	pso	c/pthread-theta/unwind2-1.yml	0.9988245435310712
memory	pso	c/pthread-theta/unwind2-100.yml	1.0
memory	pso	c/pthread-theta/unwind3-1.yml	1.000785854616896
memory	pso	c/pthread/lazy01.yml	0.9998430634023855
memory	pso	c/pthread/queue.yml	0.9980499219968799
memory	pso	c/pthread/queue_ok.yml	0.9993750976409936
memory	pso	c/pthread/reorder_2.yml	0.9983611674730763
memory	pso	c/pthread/singleton.yml	1.0007017543859649
memory	pso	c/pthread/singleton_with-uninit-problems.yml	1.0002340823970037
memory	pso	c/pthread/stateful01-1.yml	0.9998430510868712
memory	pso	c/pthread/stateful01-2.yml	1.0014932411191448
memory	pso	c/pthread/triangular-2.yml	0.9993716125991674
memory	pso	c/pthread/twostage_3.yml	0.9996891030623348
memory	all	c/goblint-regression/13-privatized_01-priv_nr_true.yml	1.0003700836593337
memory	all	c/goblint-regression/13-privatized_18-first-reads_true.yml	1.0005783688639924
memory	all	c/goblint-regression/13-privatized_18-first-reads_unknown_1_neg.yml	1.001286939459271
memory	all	c/goblint-regression/13-privatized_18-first-reads_unknown_2_pos.yml	0.9994726963133234
memory	all	c/goblint-regression/13-privatized_19-publish-precision_true.yml	1.0022636019362838
memory	all	c/goblint-regression/13-privatized_19-publish-precision_unknown_1_neg.yml	1.000157257855114
memory	all	c/goblint-regression/13-privatized_19-publish-precision_unknown_1_pos.yml	1.0006812014390027
memory	all	c/goblint-regression/13-privatized_19-publish-precision_unknown_2_neg.yml	1.0002892425274312
memory	all	c/goblint-regression/13-privatized_19-publish-precision_unknown_2_pos.yml	1.0009180200173227
memory	all	c/goblint-regression/13-privatized_20-publish-regression_true.yml	0.9998417036187333
memory	all	c/goblint-regression/13-privatized_24-multiple-protecting_true.yml	0.9986622721586946
memory	all	c/goblint-regression/13-privatized_25-struct_nr_true.yml	0.9989478221278406
memory	all	c/goblint-regression/13-privatized_27-multiple-protecting2_true.yml	0.9995555958106538
memory	all	c/goblint-regression/13-privatized_29-multiple-protecting2-vesal_true.yml	0.9992672975105203
memory	all	c/goblint-regression/13-privatized_30-traces-oplus-vs-meet_true.yml	1.0003177008935267
memory	all	c/goblint-regression/13-privatized_31-traces-mine-vs-mutex_true.yml	1.0001567970468463
memory	all	c/goblint-regression/13-privatized_32-traces-mine-vs-oplus-vs-meet_true.yml	0.9998937032040522
memory	all	c/goblint-regression/13-privatized_33-traces-v-matters_true.yml	1.0000024606983506
memory	all	c/goblint-regression/13-privatized_34-traces-minepp-L-needs-to-be-um_true.yml	0.9989504307921809
memory	all	c/goblint-regression/13-privatized_35-traces-ex-2_true.yml	1.0003438117116767
memory	all	c/goblint-regression/13-privatized_36-traces-ex-3_true.yml	0.9989740198986522
memory	all	c/goblint-regression/13-privatized_37-traces-ex-4_true.yml	1.000446959286137
memory	all	c/goblint-regression/13-privatized_38-traces-ex-4-switch_true.yml	1.0010248046432373
memory	all	c/goblint-regression/13-privatized_40-traces-ex-6_true.yml	0.9974744806700776
memory	all	c/goblint-regression/13-privatized_41-traces-ex-7_unknown_1_neg.yml	0.9992376651885267
memory	all	c/goblint-regression/13-privatized_41-traces-ex-7_unknown_1_pos.yml	1.0000784438229156
memory	all	c/goblint-regression/13-privatized_42-traces-ex-mini_true.yml	1.0008392657019483
memory	all	c/goblint-regression/13-privatized_44-traces-mine2_true.yml	0.9999713548989889
memory	all	c/goblint-regression/13-privatized_45-traces-per-global-and-current-lock-mine-incomparable_true.yml	0.999683667728593
memory	all	c/goblint-regression/13-privatized_46-refine-protected1_true.yml	0.9990231512513564
memory	all	c/goblint-regression/13-privatized_47-refine-protected2_true.yml	1.0002642341716321
memory	all	c/goblint-regression/13-privatized_57-singlethreaded-unlock_true.yml	0.9993649472280038
memory	all	c/goblint-regression/13-privatized_58-singlethreaded-lock_true.yml	1.0014487372417014
memory	all	c/goblint-regression/13-privatized_66-mine-W-init_true.yml	1.0008491570923566
memory	all	c/goblint-regression/13-privatized_68-pfscan_protected_loop_minimal_interval_true.yml	1.000080829343698
memory	all	c/goblint-regression/13-privatized_69-refine-protected-loop-interval_true.yml	0.9999959243958864
memory	all	c/goblint-regression/28-race_reach_21-deref_read_racing.yml	0.9998786918440339
memory	all	c/goblint-regression/28-race_reach_45-escape_racing.yml	0.999164840981254
memory	all	c/goblint-regression/28-race_reach_46-escape_racefree.yml	1.0000735897376392
memory	all	c/goblint-regression/36-apron_11-traces-max-simple_true.yml	0.9996027367051208
memory	all	c/goblint-regression/36-apron_16-traces-unprot2_true.yml	1.0001334752871327
memory	all	c/goblint-regression/36-apron_17-traces-rpb-litmus_unknown_1_neg.yml	1.0001561729479624
memory	all	c/goblint-regression/36-apron_21-traces-cluster-based_true.yml	0.9994225645743262
memory	all	c/goblint-regression/36-apron_22-traces-write-centered-vs-meet-mutex_true_no-overflow.yml	1.0003900209838608
memory	all	c/goblint-regression/36-apron_41-threadenter-no-locals_unknown_1_pos.yml	1.000186400728293
memory	all	c/ldv-races/race-1_1-join.yml	1.0001013945547057
memory	all	c/ldv-races/race-1_2-join.yml	1.00010176099395
memory	all	c/ldv-races/race-1_3-join.yml	1.0007293585415211
memory	all	c/ldv-races/race-2_1-container_of.yml	0.9997924434928732
memory	all	c/ldv-races/race-3_1-container_of-global.yml	0.9999498955235753
memory	all	c/ldv-races/race-4_1-thread_local_vars.yml	0.9994019052253854
memory	all	c/pthread-C-DAC/pthread-demo-datarace-3.yml	1.0003667841958472
memory	all	c/pthread-atomic/dekker-unfair.yml	0.9993651980608617
memory	all	c/pthread-atomic/dekker.yml	0.9989771166582194
memory	all	c/pthread-atomic/szymanski.yml	1.0001858008657052
memory	all	c/pthread-atomic/time_var_mutex.yml	0.9988992911813396
memory	all	c/pthread-deagle/circular_buffer_bad.yml	0.9993732901214242
memory	all	c/pthread-ext/01b_inc.yml	0.9990828748775143
memory	all	c/pthread-ext/02_inc_cas.yml	1.0009208694633722
memory	all	c/pthread-ext/14_spin2003.yml	1.0002609408820846
memory	all	c/pthread-ext/29_conditionals_vs.yml	0.9995732402215719
memory	all	c/pthread-ext/43_NetBSD_sysmon_power_sliced.yml	1.0003950045117875
memory	all	c/pthread-ext/45_monabsex1_vs.yml	1.001213345314777
memory	all	c/pthread-ext/46_monabsex2_vs.yml	0.9989233609433587
memory	all	c/pthread-ext/48_ticket_lock_low_contention_vs-pthread.yml	1.0006570937847128
memory	all	c/pthread-ext/48_ticket_lock_low_contention_vs.yml	1.0001028734493314
memory	all	c/pthread-theta/exponential-nondet.yml	0.9998163656621328
memory	all	c/pthread-theta/unwind2-1.yml	0.999633864800775
memory	all	c/pthread-theta/unwind2-100.yml	1.0010790869917328
memory	all	c/pthread-theta/unwind3-1.yml	1.0001824183103227
memory	all	c/pthread/lazy01.yml	1.0001552184973137
memory	all	c/pthread/queue.yml	0.9999756224653477
memory	all	c/pthread/queue_ok.yml	0.9999478997664148
memory	all	c/pthread/reorder_2.yml	0.9994024616272426
memory	all	c/pthread/singleton.yml	0.9992435422112865
memory	all	c/pthread/singleton_with-uninit-problems.yml	1.0008628514541515
memory	all	c/pthread/stateful01-1.yml	1.0009475126877299
memory	all	c/pthread/stateful01-2.yml	0.9995237584989464
memory	all	c/pthread/triangular-2.yml	1.0006070231369286
memory	all	c/pthread/twostage_3.yml	0.9993235362080304
