category	cputime	memory	repetition	status	task	variant	walltime
correct	0.073226008	25935872.0	01	true	goblint-regression/13-privatized_66-mine-W-init_true.yml	baseline	0.07611168792936951
correct	0.073110087	25952256.0	01	false(unreach-call)	goblint-regression/36-apron_41-threadenter-no-locals_unknown_1_pos.yml	baseline	0.07769470603670925
correct	0.07170867	25948160.0	01	true	goblint-regression/36-apron_16-traces-unprot2_true.yml	baseline	0.07442051800899208
correct	0.06803478	25952256.0	01	true	goblint-regression/13-privatized_57-singlethreaded-unlock_true.yml	baseline	0.07032449101097882
correct	0.065783557	26005504.0	01	true	goblint-regression/13-privatized_47-refine-protected2_true.yml	baseline	0.07186659600120038
correct	0.06414132	25935872.0	01	true	goblint-regression/13-privatized_46-refine-protected1_true.yml	baseline	0.07106381200719625
correct	0.068840703	25927680.0	01	true	goblint-regression/36-apron_11-traces-max-simple_true.yml	baseline	0.07585894491057843
correct	0.063253475	25980928.0	01	false(unreach-call)	goblint-regression/13-privatized_41-traces-ex-7_unknown_1_pos.yml	baseline	0.069283545948565
correct	0.070366161	26013696.0	01	false(unreach-call)	goblint-regression/13-privatized_41-traces-ex-7_unknown_1_neg.yml	baseline	0.07395780296064913
correct	0.069997235	25985024.0	01	true	goblint-regression/13-privatized_40-traces-ex-6_true.yml	baseline	0.0744510319782421
correct	0.065209983	26034176.0	01	true	goblint-regression/13-privatized_58-singlethreaded-lock_true.yml	baseline	0.07076899893581867
correct	0.066678012	25939968.0	01	true	goblint-regression/13-privatized_44-traces-mine2_true.yml	baseline	0.0715297469869256
correct	0.07192726	25972736.0	01	false(unreach-call)	goblint-regression/13-privatized_18-first-reads_unknown_2_pos.yml	baseline	0.07819190400186926
correct	0.068800653	26058752.0	01	false(unreach-call)	goblint-regression/13-privatized_18-first-reads_unknown_1_neg.yml	baseline	0.07367147295735776
correct	0.070024509	26030080.0	01	true	goblint-regression/13-privatized_36-traces-ex-3_true.yml	baseline	0.07684410305228084
correct	0.063914472	25972736.0	01	true	goblint-regression/13-privatized_18-first-reads_true.yml	baseline	0.06981864396948367
correct	0.068873133	25952256.0	01	true	goblint-regression/13-privatized_35-traces-ex-2_true.yml	baseline	0.07207194401416928
correct	0.068466477	25956352.0	01	true	goblint-regression/13-privatized_37-traces-ex-4_true.yml	baseline	0.07767608901485801
correct	0.067203104	25993216.0	01	true	goblint-regression/13-privatized_38-traces-ex-4-switch_true.yml	baseline	0.08187870390247554
correct	0.070580017	25956352.0	01	false(unreach-call)	goblint-regression/13-privatized_19-publish-precision_unknown_1_pos.yml	baseline	0.07553954795002937
correct	0.067100425	26079232.0	01	false(unreach-call)	goblint-regression/13-privatized_19-publish-precision_unknown_2_pos.yml	baseline	0.0820227509830147
correct	0.066864501	26005504.0	01	false(unreach-call)	goblint-regression/13-privatized_19-publish-precision_unknown_1_neg.yml	baseline	0.07931153592653573
correct	0.068890416	25993216.0	01	false(unreach-call)	goblint-regression/13-privatized_19-publish-precision_unknown_2_neg.yml	baseline	0.07626163703389466
correct	0.073691225	25956352.0	01	true	goblint-regression/13-privatized_45-traces-per-global-and-current-lock-mine-incomparable_true.yml	baseline	0.07788877002894878
correct	0.071205246	26083328.0	01	true	goblint-regression/13-privatized_01-priv_nr_true.yml	baseline	0.0775012020021677
correct	0.068016094	26038272.0	01	true	goblint-regression/13-privatized_19-publish-precision_true.yml	baseline	0.07726878393441439
correct	0.066815954	26009600.0	01	true	goblint-regression/13-privatized_42-traces-ex-mini_true.yml	baseline	0.07676073908805847
correct	0.068962686	26058752.0	01	true	goblint-regression/13-privatized_33-traces-v-matters_true.yml	baseline	0.07686659402679652
correct	0.065767396	26071040.0	01	true	goblint-regression/13-privatized_25-struct_nr_true.yml	baseline	0.0747249600244686
correct	0.068822385	26079232.0	01	true	goblint-regression/13-privatized_69-refine-protected-loop-interval_true.yml	baseline	0.0864396890392527
correct	0.068330042	26046464.0	01	false(unreach-call)	goblint-regression/36-apron_17-traces-rpb-litmus_unknown_1_neg.yml	baseline	0.08273280400317162
correct	0.070348452	26112000.0	01	true	goblint-regression/13-privatized_31-traces-mine-vs-mutex_true.yml	baseline	0.09028914291411638
correct	0.069486394	25989120.0	01	true	goblint-regression/13-privatized_20-publish-regression_true.yml	baseline	0.079949657083489
correct	0.071997236	26042368.0	01	true	goblint-regression/13-privatized_30-traces-oplus-vs-meet_true.yml	baseline	0.08810435596387833
correct	0.072689108	26107904.0	01	true	goblint-regression/13-privatized_32-traces-mine-vs-oplus-vs-meet_true.yml	baseline	0.08233376394491643
correct	0.071706331	25960448.0	01	true	goblint-regression/13-privatized_34-traces-minepp-L-needs-to-be-um_true.yml	baseline	0.07790522801224142
correct	0.068653201	26103808.0	01	true	goblint-regression/13-privatized_68-pfscan_protected_loop_minimal_interval_true.yml	baseline	0.07855485600885004
correct	0.073631476	26025984.0	01	true	goblint-regression/13-privatized_29-multiple-protecting2-vesal_true.yml	baseline	0.08282597200013697
correct	0.107374559	26062848.0	01	true	goblint-regression/13-privatized_24-multiple-protecting_true.yml	baseline	0.11220683995634317
correct	0.077287268	26075136.0	01	true	goblint-regression/36-apron_21-traces-cluster-based_true.yml	baseline	0.08370938105508685
correct	0.069696978	26120192.0	01	true	goblint-regression/36-apron_22-traces-write-centered-vs-meet-mutex_true_no-overflow.yml	baseline	0.07826039101928473
correct	0.195717856	26107904.0	01	true	goblint-regression/13-privatized_27-multiple-protecting2_true.yml	baseline	0.2060739389853552
correct	0.065698428	25968640.0	01	true	pthread-ext/14_spin2003.yml	baseline	0.07614340004511178
correct	0.066261071	25985024.0	01	true	pthread-ext/29_conditionals_vs.yml	baseline	0.0799230809789151
correct	0.070867291	25985024.0	01	true	pthread-ext/48_ticket_lock_low_contention_vs-pthread.yml	baseline	0.07906728191301227
correct	0.071016521	25956352.0	01	true	pthread-ext/46_monabsex2_vs.yml	baseline	0.07864489394705743
correct	0.065603579	25960448.0	01	true	pthread-ext/45_monabsex1_vs.yml	baseline	0.07801232300698757
correct	0.066250761	26046464.0	01	false(unreach-call)	pthread/stateful01-1.yml	baseline	0.07850885507650673
correct	0.074002308	26095616.0	01	true	pthread/stateful01-2.yml	baseline	0.09164705406874418
correct	0.06690108	26152960.0	01	true	pthread-atomic/time_var_mutex.yml	baseline	0.0865050220163539
correct	0.066994343	25993216.0	01	true	pthread-ext/01b_inc.yml	baseline	0.08570765401236713
error	60.979529124	26030080.0	01	TIMEOUT	pthread/triangular-1.yml	baseline	61.01694558595773
correct	21.074628336	26116096.0	01	false(unreach-call)	pthread/triangular-2.yml	baseline	21.09565635502804
correct	0.069304647	26038272.0	01	true	pthread-ext/02_inc_cas.yml	baseline	0.07584854401648045
correct	3.0844013	56573952.0	01	false(unreach-call)	goblint-regression/28-race_reach_21-deref_read_racing.yml	baseline	3.096721476991661
correct	0.069471252	26009600.0	01	true	pthread-ext/48_ticket_lock_low_contention_vs.yml	baseline	0.07960465899668634
error	61.042243082	1057153024.0	01	TIMEOUT	goblint-regression/28-race_reach_37-indirect_racing.yml	baseline	61.06450402899645
correct	0.070344231	26034176.0	01	false(unreach-call)	goblint-regression/28-race_reach_45-escape_racing.yml	baseline	0.08016652904916555
correct	0.070813658	26005504.0	01	true	goblint-regression/28-race_reach_46-escape_racefree.yml	baseline	0.08035942504648119
error	61.037496125	1057091584.0	01	TIMEOUT	goblint-regression/28-race_reach_01-simple_racing.yml	baseline	61.063576699001715
error	61.038832601	1057153024.0	01	TIMEOUT	goblint-regression/28-race_reach_11-ptr_racing.yml	baseline	61.062034214963205
correct	0.102578373	26124288.0	01	false(unreach-call)	pthread-deagle/circular_buffer_bad.yml	baseline	0.10957256006076932
error	60.978003395	25997312.0	01	TIMEOUT	pthread/fib_safe-5.yml	baseline	61.01982535794377
error	60.973816914	26054656.0	01	TIMEOUT	pthread/fib_safe-6.yml	baseline	61.01327769900672
correct	14.767804458	26087424.0	01	false(unreach-call)	pthread/fib_unsafe-5.yml	baseline	14.781326366006397
error	60.976905313	25997312.0	01	TIMEOUT	pthread/fib_unsafe-6.yml	baseline	61.01008186500985
error	60.94516265	26087424.0	01	TIMEOUT	pthread/fib_unsafe-7.yml	baseline	61.01519193104468
error	61.033403941	1057148928.0	01	TIMEOUT	goblint-regression/28-race_reach_24-sound_lock_racing.yml	baseline	61.05695509794168
correct	0.072956866	26169344.0	01	false(unreach-call)	pthread/lazy01.yml	baseline	0.07962654903531075
error	60.981097955	26169344.0	01	TIMEOUT	pthread-deagle/circular_buffer_ok.yml	baseline	61.01966152701061
correct	0.087946305	26034176.0	01	true	pthread-atomic/szymanski.yml	baseline	0.09438269108068198
correct	0.075769813	26079232.0	01	true	pthread-atomic/dekker.yml	baseline	0.0863247630186379
correct	0.067369285	26075136.0	01	true	pthread-atomic/dekker-unfair.yml	baseline	0.0807298170402646
correct	0.069238658	26083328.0	01	false(unreach-call)	pthread-theta/unwind3-1.yml	baseline	0.07305249897763133
correct	0.069529744	26058752.0	01	true	pthread-theta/exponential-nondet.yml	baseline	0.08191528602037579
correct	0.068231189	26161152.0	01	false(unreach-call)	pthread-theta/unwind2-1.yml	baseline	0.07736498094163835
correct	0.068240905	26120192.0	01	false(unreach-call)	pthread-theta/unwind2-100.yml	baseline	0.07508223806507885
correct	27.200978889	26230784.0	01	true	pthread/butterfly.yml	baseline	27.22206990804989
correct	0.065409746	25939968.0	01	true	pthread-ext/43_NetBSD_sysmon_power_sliced.yml	baseline	0.071674725972116
error	61.032639707	1057193984.0	01	TIMEOUT	goblint-regression/28-race_reach_06-cond_racing1.yml	baseline	61.05609627394006
correct	0.093867125	26165248.0	01	true	pthread/queue_ok.yml	baseline	0.10240343189798295
correct	4.284890081	116977664.0	01	true	pthread/queue_ok_longer.yml	baseline	4.297458391985856
correct	20.4613612	473063424.0	01	true	pthread/queue_ok_longest.yml	baseline	20.47924634104129
error	60.987216765	81788928.0	01	TIMEOUT	pthread/queue_longer.yml	baseline	61.0170386970276
correct	1.258649277	26275840.0	01	false(unreach-call)	pthread/queue.yml	baseline	1.2666486779926345
correct	0.075076452	26300416.0	01	false(unreach-call)	pthread/singleton.yml	baseline	0.08543174609076232
correct	0.078672475	26218496.0	01	true	pthread/singleton_with-uninit-problems.yml	baseline	0.08643051201943308
correct	0.176404591	26161152.0	01	false(unreach-call)	pthread-C-DAC/pthread-demo-datarace-3.yml	baseline	0.18513103702571243
correct	0.73103956	26124288.0	01	false(unreach-call)	pthread/reorder_2.yml	baseline	0.7412183519918472
correct	0.098521162	26365952.0	01	false(unreach-call)	pthread/twostage_3.yml	baseline	0.10573978000320494
correct	0.075200519	26230784.0	01	true	ldv-races/race-1_1-join.yml	baseline	0.0816952510504052
correct	0.075989727	26218496.0	01	false(unreach-call)	ldv-races/race-1_3-join.yml	baseline	0.08646935597062111
correct	0.078116945	26275840.0	01	false(unreach-call)	ldv-races/race-1_2-join.yml	baseline	0.08839125803206116
correct	0.079733433	26349568.0	01	true	ldv-races/race-4_1-thread_local_vars.yml	baseline	0.0880253299837932
correct	0.075673589	26316800.0	01	true	ldv-races/race-2_1-container_of.yml	baseline	0.08243939199019223
correct	0.074285651	26304512.0	01	true	ldv-races/race-3_1-container_of-global.yml	baseline	0.08312132605351508
correct	0.076112427	26017792.0	01	true	goblint-regression/13-privatized_66-mine-W-init_true.yml	pruning	0.08457114803604782
correct	0.068034704	25870336.0	01	false(unreach-call)	goblint-regression/36-apron_41-threadenter-no-locals_unknown_1_pos.yml	pruning	0.07562320400029421
correct	0.068972847	25989120.0	01	true	goblint-regression/36-apron_16-traces-unprot2_true.yml	pruning	0.07235591695643961
correct	0.074461305	25989120.0	01	true	goblint-regression/13-privatized_57-singlethreaded-unlock_true.yml	pruning	0.07850307389162481
correct	0.071293615	26025984.0	01	true	goblint-regression/13-privatized_47-refine-protected2_true.yml	pruning	0.07697636599186808
correct	0.067645238	26009600.0	01	true	goblint-regression/13-privatized_46-refine-protected1_true.yml	pruning	0.07217214105185121
correct	0.068965996	25997312.0	01	true	goblint-regression/36-apron_11-traces-max-simple_true.yml	pruning	0.07248087995685637
correct	0.075821167	26009600.0	01	false(unreach-call)	goblint-regression/13-privatized_41-traces-ex-7_unknown_1_pos.yml	pruning	0.08253108395729214
correct	0.066884112	25972736.0	01	false(unreach-call)	goblint-regression/13-privatized_41-traces-ex-7_unknown_1_neg.yml	pruning	0.07293313706759363
correct	0.072131609	25931776.0	01	true	goblint-regression/13-privatized_40-traces-ex-6_true.yml	pruning	0.07715259690303355
correct	0.072599993	26009600.0	01	true	goblint-regression/13-privatized_58-singlethreaded-lock_true.yml	pruning	0.07874738390091807
correct	0.07506647	26009600.0	01	true	goblint-regression/13-privatized_44-traces-mine2_true.yml	pruning	0.07877517503220588
correct	0.072601254	26005504.0	01	false(unreach-call)	goblint-regression/13-privatized_18-first-reads_unknown_2_pos.yml	pruning	0.07832888897974044
correct	0.075102107	25985024.0	01	false(unreach-call)	goblint-regression/13-privatized_18-first-reads_unknown_1_neg.yml	pruning	0.08040692692156881
correct	0.070226987	26021888.0	01	true	goblint-regression/13-privatized_36-traces-ex-3_true.yml	pruning	0.07704717805609107
correct	0.065514891	26062848.0	01	true	goblint-regression/13-privatized_18-first-reads_true.yml	pruning	0.07425681105814874
correct	0.071152447	26066944.0	01	true	goblint-regression/13-privatized_35-traces-ex-2_true.yml	pruning	0.07743363699410111
correct	0.070985072	26021888.0	01	true	goblint-regression/13-privatized_37-traces-ex-4_true.yml	pruning	0.07828322297427803
correct	0.073541651	25976832.0	01	true	goblint-regression/13-privatized_38-traces-ex-4-switch_true.yml	pruning	0.07843018101993948
correct	0.070359841	26025984.0	01	false(unreach-call)	goblint-regression/13-privatized_19-publish-precision_unknown_1_pos.yml	pruning	0.07913670490961522
correct	0.071618385	26013696.0	01	false(unreach-call)	goblint-regression/13-privatized_19-publish-precision_unknown_2_pos.yml	pruning	0.08708510908763856
correct	0.071290775	26062848.0	01	false(unreach-call)	goblint-regression/13-privatized_19-publish-precision_unknown_1_neg.yml	pruning	0.08077395393047482
correct	0.071141896	26050560.0	01	false(unreach-call)	goblint-regression/13-privatized_19-publish-precision_unknown_2_neg.yml	pruning	0.07727212610188872
correct	0.076160707	26050560.0	01	true	goblint-regression/13-privatized_45-traces-per-global-and-current-lock-mine-incomparable_true.yml	pruning	0.08321525901556015
correct	0.071536669	26017792.0	01	true	goblint-regression/13-privatized_01-priv_nr_true.yml	pruning	0.08243081392720342
correct	0.074710996	26009600.0	01	true	goblint-regression/13-privatized_19-publish-precision_true.yml	pruning	0.08541670104023069
correct	0.070071215	26103808.0	01	true	goblint-regression/13-privatized_42-traces-ex-mini_true.yml	pruning	0.08473789202980697
correct	0.071950205	26013696.0	01	true	goblint-regression/13-privatized_33-traces-v-matters_true.yml	pruning	0.0803522999631241
correct	0.074213986	26021888.0	01	true	goblint-regression/13-privatized_25-struct_nr_true.yml	pruning	0.08376695401966572
correct	0.072774391	26136576.0	01	true	goblint-regression/13-privatized_69-refine-protected-loop-interval_true.yml	pruning	0.08234494202770293
correct	0.072371808	26005504.0	01	false(unreach-call)	goblint-regression/36-apron_17-traces-rpb-litmus_unknown_1_neg.yml	pruning	0.08626625197939575
correct	0.073905217	26079232.0	01	true	goblint-regression/13-privatized_31-traces-mine-vs-mutex_true.yml	pruning	0.08781175396870822
correct	0.077423627	25993216.0	01	true	goblint-regression/13-privatized_20-publish-regression_true.yml	pruning	0.0876078400760889
correct	0.074759578	26005504.0	01	true	goblint-regression/13-privatized_30-traces-oplus-vs-meet_true.yml	pruning	0.07928140799049288
correct	0.080414529	26054656.0	01	true	goblint-regression/13-privatized_32-traces-mine-vs-oplus-vs-meet_true.yml	pruning	0.08612240408547223
correct	0.072341323	26030080.0	01	true	goblint-regression/13-privatized_34-traces-minepp-L-needs-to-be-um_true.yml	pruning	0.08106227603275329
correct	0.069970122	26058752.0	01	true	goblint-regression/13-privatized_68-pfscan_protected_loop_minimal_interval_true.yml	pruning	0.08029983297456056
correct	0.073493201	26103808.0	01	true	goblint-regression/13-privatized_29-multiple-protecting2-vesal_true.yml	pruning	0.0887186819454655
correct	0.091191848	26030080.0	01	true	goblint-regression/13-privatized_24-multiple-protecting_true.yml	pruning	0.10024139401502907
correct	0.079095468	26071040.0	01	true	goblint-regression/36-apron_21-traces-cluster-based_true.yml	pruning	0.08659270592033863
correct	0.074486939	26038272.0	01	true	goblint-regression/36-apron_22-traces-write-centered-vs-meet-mutex_true_no-overflow.yml	pruning	0.08498547005001456
correct	0.147946341	26144768.0	01	true	goblint-regression/13-privatized_27-multiple-protecting2_true.yml	pruning	0.15710310300346464
correct	0.07518453	25923584.0	01	true	pthread-ext/14_spin2003.yml	pruning	0.08654482197016478
correct	0.06975409	25948160.0	01	true	pthread-ext/29_conditionals_vs.yml	pruning	0.07704485091380775
correct	0.068782371	26009600.0	01	true	pthread-ext/48_ticket_lock_low_contention_vs-pthread.yml	pruning	0.07676451606675982
correct	0.073613903	26050560.0	01	true	pthread-ext/46_monabsex2_vs.yml	pruning	0.08303208102006465
correct	0.071647548	26046464.0	01	true	pthread-ext/45_monabsex1_vs.yml	pruning	0.08845009398646653
correct	0.072492899	26038272.0	01	false(unreach-call)	pthread/stateful01-1.yml	pruning	0.08193360501900315
correct	0.078791517	26152960.0	01	true	pthread/stateful01-2.yml	pruning	0.0860754739260301
correct	0.074831939	26062848.0	01	true	pthread-atomic/time_var_mutex.yml	pruning	0.08472838101442903
correct	0.068068087	25989120.0	01	true	pthread-ext/01b_inc.yml	pruning	0.07628937694244087
correct	25.894432624	26042368.0	01	true	pthread/triangular-1.yml	pruning	25.925157342106104
correct	6.041537947	26132480.0	01	false(unreach-call)	pthread/triangular-2.yml	pruning	6.070444594020955
correct	0.073109414	26009600.0	01	true	pthread-ext/02_inc_cas.yml	pruning	0.08221015497110784
correct	3.139607706	56504320.0	01	false(unreach-call)	goblint-regression/28-race_reach_21-deref_read_racing.yml	pruning	3.1612132450100034
correct	0.071718853	26030080.0	01	true	pthread-ext/48_ticket_lock_low_contention_vs.yml	pruning	0.0875144760357216
error	5.167806855	3999997952.0	01	OUT OF MEMORY	goblint-regression/28-race_reach_37-indirect_racing.yml	pruning	5.1910919359652326
correct	0.071041781	26075136.0	01	false(unreach-call)	goblint-regression/28-race_reach_45-escape_racing.yml	pruning	0.07960444805212319
correct	0.080042861	26066944.0	01	true	goblint-regression/28-race_reach_46-escape_racefree.yml	pruning	0.0868699699640274
error	5.169243675	3999997952.0	01	OUT OF MEMORY	goblint-regression/28-race_reach_01-simple_racing.yml	pruning	5.189664658973925
error	5.240928257	3999997952.0	01	OUT OF MEMORY	goblint-regression/28-race_reach_11-ptr_racing.yml	pruning	5.263892485992983
correct	0.111666469	26103808.0	01	false(unreach-call)	pthread-deagle/circular_buffer_bad.yml	pruning	0.11857465899083763
correct	28.913385374	26009600.0	01	true	pthread/fib_safe-5.yml	pruning	28.944532503024675
error	60.972406115	26013696.0	01	TIMEOUT	pthread/fib_safe-6.yml	pruning	61.015832541976124
correct	7.10224378	26025984.0	01	false(unreach-call)	pthread/fib_unsafe-5.yml	pruning	7.119188756914809
correct	42.155835209	26095616.0	01	false(unreach-call)	pthread/fib_unsafe-6.yml	pruning	42.26492698700167
error	60.970032839	26054656.0	01	TIMEOUT	pthread/fib_unsafe-7.yml	pruning	61.01016109704506
error	5.259806693	3999997952.0	01	OUT OF MEMORY	goblint-regression/28-race_reach_24-sound_lock_racing.yml	pruning	5.280400948016904
correct	0.072441947	26103808.0	01	false(unreach-call)	pthread/lazy01.yml	pruning	0.0818344010040164
correct	31.092491784	26218496.0	01	true	pthread-deagle/circular_buffer_ok.yml	pruning	31.190793427987956
correct	0.085402935	26083328.0	01	true	pthread-atomic/szymanski.yml	pruning	0.09351287106983364
correct	0.073617165	26091520.0	01	true	pthread-atomic/dekker.yml	pruning	0.08065802394412458
correct	0.073719205	26112000.0	01	true	pthread-atomic/dekker-unfair.yml	pruning	0.07846703298855573
correct	0.072476119	26169344.0	01	false(unreach-call)	pthread-theta/unwind3-1.yml	pruning	0.07646896596997976
correct	0.068840042	26054656.0	01	true	pthread-theta/exponential-nondet.yml	pruning	0.07513808307703584
correct	0.074773526	26116096.0	01	false(unreach-call)	pthread-theta/unwind2-1.yml	pruning	0.08246914902701974
correct	0.075482957	26107904.0	01	false(unreach-call)	pthread-theta/unwind2-100.yml	pruning	0.08427562995348126
correct	36.583818896	26165248.0	01	true	pthread/butterfly.yml	pruning	36.60926555702463
correct	0.071212477	25968640.0	01	true	pthread-ext/43_NetBSD_sysmon_power_sliced.yml	pruning	0.0754951509879902
error	5.242765884	3999997952.0	01	OUT OF MEMORY	goblint-regression/28-race_reach_06-cond_racing1.yml	pruning	5.264602334937081
correct	0.099168583	26222592.0	01	true	pthread/queue_ok.yml	pruning	0.10583516792394221
correct	13.286138769	790122496.0	01	true	pthread/queue_ok_longer.yml	pruning	13.306951986975037
error	61.152669461	3098034176.0	01	TIMEOUT	pthread/queue_ok_longest.yml	pruning	61.18760453502182
error	61.012679748	574275584.0	01	TIMEOUT	pthread/queue_longer.yml	pruning	61.04903186799493
correct	0.886012767	26222592.0	01	false(unreach-call)	pthread/queue.yml	pruning	0.8924602669430897
correct	0.081408232	26329088.0	01	false(unreach-call)	pthread/singleton.yml	pruning	0.08384480699896812
correct	0.07692713	26304512.0	01	true	pthread/singleton_with-uninit-problems.yml	pruning	0.08282764197792858
correct	2.089923132	26136576.0	01	false(unreach-call)	pthread-C-DAC/pthread-demo-datarace-3.yml	pruning	2.1076427589869127
correct	0.456251041	26148864.0	01	false(unreach-call)	pthread/reorder_2.yml	pruning	0.46203714690636843
correct	0.118478473	26279936.0	01	false(unreach-call)	pthread/twostage_3.yml	pruning	0.12505530298221856
correct	0.084395686	26198016.0	01	true	ldv-races/race-1_1-join.yml	pruning	0.0901008399669081
correct	0.075717186	26247168.0	01	false(unreach-call)	ldv-races/race-1_3-join.yml	pruning	0.08309807209298015
correct	0.076196332	26218496.0	01	false(unreach-call)	ldv-races/race-1_2-join.yml	pruning	0.08337494300212711
correct	0.071980669	26304512.0	01	true	ldv-races/race-4_1-thread_local_vars.yml	pruning	0.07797066692728549
correct	0.082652371	26296320.0	01	true	ldv-races/race-2_1-container_of.yml	pruning	0.0904484880156815
correct	0.071840387	26378240.0	01	true	ldv-races/race-3_1-container_of-global.yml	pruning	0.08071267697960138
correct	0.069984407	25931776.0	02	true	goblint-regression/13-privatized_66-mine-W-init_true.yml	baseline	0.07579242601059377
correct	0.056214031	25952256.0	02	false(unreach-call)	goblint-regression/36-apron_41-threadenter-no-locals_unknown_1_pos.yml	baseline	0.061611787998117507
correct	0.064313652	25952256.0	02	true	goblint-regression/36-apron_16-traces-unprot2_true.yml	baseline	0.07387282990384847
correct	0.064770829	25931776.0	02	true	goblint-regression/13-privatized_57-singlethreaded-unlock_true.yml	baseline	0.06998130306601524
correct	0.069090534	26005504.0	02	true	goblint-regression/13-privatized_47-refine-protected2_true.yml	baseline	0.07328729296568781
correct	0.059118788	25923584.0	02	true	goblint-regression/13-privatized_46-refine-protected1_true.yml	baseline	0.0646738379728049
correct	0.071461288	26038272.0	02	true	goblint-regression/36-apron_11-traces-max-simple_true.yml	baseline	0.0784823460271582
correct	0.0578982	25960448.0	02	false(unreach-call)	goblint-regression/13-privatized_41-traces-ex-7_unknown_1_pos.yml	baseline	0.06570994399953634
correct	0.070872776	25935872.0	02	false(unreach-call)	goblint-regression/13-privatized_41-traces-ex-7_unknown_1_neg.yml	baseline	0.07472640706691891
correct	0.067295349	25960448.0	02	true	goblint-regression/13-privatized_40-traces-ex-6_true.yml	baseline	0.07386890309862792
correct	0.068764935	25952256.0	02	true	goblint-regression/13-privatized_58-singlethreaded-lock_true.yml	baseline	0.0715545960702002
correct	0.071639699	25952256.0	02	true	goblint-regression/13-privatized_44-traces-mine2_true.yml	baseline	0.07329559908248484
correct	0.066218151	26030080.0	02	false(unreach-call)	goblint-regression/13-privatized_18-first-reads_unknown_2_pos.yml	baseline	0.07336151401977986
correct	0.066126905	26046464.0	02	false(unreach-call)	goblint-regression/13-privatized_18-first-reads_unknown_1_neg.yml	baseline	0.07081134896725416
correct	0.077430833	25927680.0	02	true	goblint-regression/13-privatized_36-traces-ex-3_true.yml	baseline	0.0836373899364844
correct	0.066983897	26042368.0	02	true	goblint-regression/13-privatized_18-first-reads_true.yml	baseline	0.07211485097650439
correct	0.070813113	25939968.0	02	true	goblint-regression/13-privatized_35-traces-ex-2_true.yml	baseline	0.08296459494158626
correct	0.071327867	26030080.0	02	true	goblint-regression/13-privatized_37-traces-ex-4_true.yml	baseline	0.07622995600104332
correct	0.072955514	26025984.0	02	true	goblint-regression/13-privatized_38-traces-ex-4-switch_true.yml	baseline	0.0760245859855786
correct	0.068599895	26083328.0	02	false(unreach-call)	goblint-regression/13-privatized_19-publish-precision_unknown_1_pos.yml	baseline	0.07936952798627317
correct	0.061352467	26017792.0	02	false(unreach-call)	goblint-regression/13-privatized_19-publish-precision_unknown_2_pos.yml	baseline	0.08066975499968976
correct	0.057147128	26071040.0	02	false(unreach-call)	goblint-regression/13-privatized_19-publish-precision_unknown_1_neg.yml	baseline	0.07903666095808148
correct	0.069364038	26062848.0	02	false(unreach-call)	goblint-regression/13-privatized_19-publish-precision_unknown_2_neg.yml	baseline	0.0783850000007078
correct	0.068151576	25956352.0	02	true	goblint-regression/13-privatized_45-traces-per-global-and-current-lock-mine-incomparable_true.yml	baseline	0.0753117729909718
correct	0.070986387	26075136.0	02	true	goblint-regression/13-privatized_01-priv_nr_true.yml	baseline	0.08103300002403557
correct	0.058920943	26017792.0	02	true	goblint-regression/13-privatized_19-publish-precision_true.yml	baseline	0.07541530602611601
correct	0.064304913	26042368.0	02	true	goblint-regression/13-privatized_42-traces-ex-mini_true.yml	baseline	0.07958526501897722
correct	0.069137358	25968640.0	02	true	goblint-regression/13-privatized_33-traces-v-matters_true.yml	baseline	0.0779911910649389
correct	0.070367772	25956352.0	02	true	goblint-regression/13-privatized_25-struct_nr_true.yml	baseline	0.0803193460451439
correct	0.069831541	26091520.0	02	true	goblint-regression/13-privatized_69-refine-protected-loop-interval_true.yml	baseline	0.07882962701842189
correct	0.06724676	25972736.0	02	false(unreach-call)	goblint-regression/36-apron_17-traces-rpb-litmus_unknown_1_neg.yml	baseline	0.08554977108724415
correct	0.071632112	26025984.0	02	true	goblint-regression/13-privatized_31-traces-mine-vs-mutex_true.yml	baseline	0.08100393507629633
correct	0.067781993	26001408.0	02	true	goblint-regression/13-privatized_20-publish-regression_true.yml	baseline	0.08551039500162005
correct	0.069907956	26066944.0	02	true	goblint-regression/13-privatized_30-traces-oplus-vs-meet_true.yml	baseline	0.07966110901907086
correct	0.081481171	26042368.0	02	true	goblint-regression/13-privatized_32-traces-mine-vs-oplus-vs-meet_true.yml	baseline	0.09350649500265718
correct	0.069474995	26066944.0	02	true	goblint-regression/13-privatized_34-traces-minepp-L-needs-to-be-um_true.yml	baseline	0.0879803680581972
correct	0.073304134	26046464.0	02	true	goblint-regression/13-privatized_68-pfscan_protected_loop_minimal_interval_true.yml	baseline	0.0806597180198878
correct	0.075035454	26079232.0	02	true	goblint-regression/13-privatized_29-multiple-protecting2-vesal_true.yml	baseline	0.08382542396429926
correct	0.101728452	26083328.0	02	true	goblint-regression/13-privatized_24-multiple-protecting_true.yml	baseline	0.11273261997848749
correct	0.077629974	26062848.0	02	true	goblint-regression/36-apron_21-traces-cluster-based_true.yml	baseline	0.08622910408303142
correct	0.073658746	26075136.0	02	true	goblint-regression/36-apron_22-traces-write-centered-vs-meet-mutex_true_no-overflow.yml	baseline	0.08128401997964829
correct	0.197280531	26165248.0	02	true	goblint-regression/13-privatized_27-multiple-protecting2_true.yml	baseline	0.20554459805134684
correct	0.069212882	25980928.0	02	true	pthread-ext/14_spin2003.yml	baseline	0.0747788050211966
correct	0.060035704	25948160.0	02	true	pthread-ext/29_conditionals_vs.yml	baseline	0.06569730397313833
correct	0.067835539	25964544.0	02	true	pthread-ext/48_ticket_lock_low_contention_vs-pthread.yml	baseline	0.08041777706239372
correct	0.070380414	25980928.0	02	true	pthread-ext/46_monabsex2_vs.yml	baseline	0.07549485797062516
correct	0.06125503	26050560.0	02	true	pthread-ext/45_monabsex1_vs.yml	baseline	0.07172182307112962
correct	0.07479967	26038272.0	02	false(unreach-call)	pthread/stateful01-1.yml	baseline	0.08364442700985819
correct	0.074428697	26034176.0	02	true	pthread/stateful01-2.yml	baseline	0.0831221150001511
correct	0.074050325	26181632.0	02	true	pthread-atomic/time_var_mutex.yml	baseline	0.08658718306105584
correct	0.070987342	25993216.0	02	true	pthread-ext/01b_inc.yml	baseline	0.07634364406112581
error	60.872035899	26001408.0	02	TIMEOUT	pthread/triangular-1.yml	baseline	61.01452641992364
correct	21.054959168	26128384.0	02	false(unreach-call)	pthread/triangular-2.yml	baseline	21.07156410103198
correct	0.0669761	26087424.0	02	true	pthread-ext/02_inc_cas.yml	baseline	0.07668297807686031
correct	3.083035226	56700928.0	02	false(unreach-call)	goblint-regression/28-race_reach_21-deref_read_racing.yml	baseline	3.097831559018232
correct	0.068939257	26001408.0	02	true	pthread-ext/48_ticket_lock_low_contention_vs.yml	baseline	0.07698006799910218
error	60.987315826	1057202176.0	02	TIMEOUT	goblint-regression/28-race_reach_37-indirect_racing.yml	baseline	61.06251113500912
correct	0.057557786	26058752.0	02	false(unreach-call)	goblint-regression/28-race_reach_45-escape_racing.yml	baseline	0.0685299780452624
correct	0.076821584	26017792.0	02	true	goblint-regression/28-race_reach_46-escape_racefree.yml	baseline	0.08166727994102985
error	61.040547651	1057116160.0	02	TIMEOUT	goblint-regression/28-race_reach_01-simple_racing.yml	baseline	61.058585038990714
error	61.037943991	1057067008.0	02	TIMEOUT	goblint-regression/28-race_reach_11-ptr_racing.yml	baseline	61.06051281199325
correct	0.103322857	26087424.0	02	false(unreach-call)	pthread-deagle/circular_buffer_bad.yml	baseline	0.11741706798784435
error	60.978578487	25976832.0	02	TIMEOUT	pthread/fib_safe-5.yml	baseline	61.0134585640626
error	60.984535925	26050560.0	02	TIMEOUT	pthread/fib_safe-6.yml	baseline	61.01835323404521
correct	14.684957838	26112000.0	02	false(unreach-call)	pthread/fib_unsafe-5.yml	baseline	14.700753271928988
error	60.880759481	26103808.0	02	TIMEOUT	pthread/fib_unsafe-6.yml	baseline	61.01530930399895
error	60.975440666	26071040.0	02	TIMEOUT	pthread/fib_unsafe-7.yml	baseline	61.01421273499727
error	61.036197297	1057091584.0	02	TIMEOUT	goblint-regression/28-race_reach_24-sound_lock_racing.yml	baseline	61.059556734981015
correct	0.076677237	26185728.0	02	false(unreach-call)	pthread/lazy01.yml	baseline	0.08363511506468058
error	60.98027339	26222592.0	02	TIMEOUT	pthread-deagle/circular_buffer_ok.yml	baseline	61.011859114049
correct	0.085345079	26062848.0	02	true	pthread-atomic/szymanski.yml	baseline	0.0925050990190357
correct	0.07596248	26017792.0	02	true	pthread-atomic/dekker.yml	baseline	0.07971365901175886
correct	0.069216186	26087424.0	02	true	pthread-atomic/dekker-unfair.yml	baseline	0.07718555501196533
correct	0.067284111	26165248.0	02	false(unreach-call)	pthread-theta/unwind3-1.yml	baseline	0.07743342500180006
correct	0.075439012	26157056.0	02	true	pthread-theta/exponential-nondet.yml	baseline	0.08110537694301456
correct	0.069260354	26087424.0	02	false(unreach-call)	pthread-theta/unwind2-1.yml	baseline	0.07784195709973574
correct	0.068255484	26136576.0	02	false(unreach-call)	pthread-theta/unwind2-100.yml	baseline	0.07379301392938942
correct	27.092836148	26177536.0	02	true	pthread/butterfly.yml	baseline	27.114804637036286
correct	0.068108539	25980928.0	02	true	pthread-ext/43_NetBSD_sysmon_power_sliced.yml	baseline	0.07293482997920364
error	61.035364697	1057144832.0	02	TIMEOUT	goblint-regression/28-race_reach_06-cond_racing1.yml	baseline	61.05359039106406
correct	0.097955163	26292224.0	02	true	pthread/queue_ok.yml	baseline	0.1072542619658634
correct	4.235829559	125440000.0	02	true	pthread/queue_ok_longer.yml	baseline	4.246966834994964
correct	20.217184824	478855168.0	02	true	pthread/queue_ok_longest.yml	baseline	20.23272122303024
error	60.990426238	81326080.0	02	TIMEOUT	pthread/queue_longer.yml	baseline	61.01496623898856
correct	1.238882449	26202112.0	02	false(unreach-call)	pthread/queue.yml	baseline	1.2445967859821394
correct	0.080512908	26218496.0	02	false(unreach-call)	pthread/singleton.yml	baseline	0.08640609297435731
correct	0.079601007	26238976.0	02	true	pthread/singleton_with-uninit-problems.yml	baseline	0.08351535396650434
correct	0.179295588	26021888.0	02	false(unreach-call)	pthread-C-DAC/pthread-demo-datarace-3.yml	baseline	0.18887543899472803
correct	0.75240957	26226688.0	02	false(unreach-call)	pthread/reorder_2.yml	baseline	0.7630049589788541
correct	0.10029449	26394624.0	02	false(unreach-call)	pthread/twostage_3.yml	baseline	0.10899180010892451
correct	0.074677479	26300416.0	02	true	ldv-races/race-1_1-join.yml	baseline	0.08692596689797938
correct	0.073304793	26206208.0	02	false(unreach-call)	ldv-races/race-1_3-join.yml	baseline	0.08612480002921075
correct	0.079957317	26218496.0	02	false(unreach-call)	ldv-races/race-1_2-join.yml	baseline	0.08711630408652127
correct	0.086216385	26288128.0	02	true	ldv-races/race-4_1-thread_local_vars.yml	baseline	0.10122586705256253
correct	0.080543833	26345472.0	02	true	ldv-races/race-2_1-container_of.yml	baseline	0.09675962501205504
correct	0.078706924	26275840.0	02	true	ldv-races/race-3_1-container_of-global.yml	baseline	0.10408895707223564
correct	0.060170505	25890816.0	02	true	goblint-regression/13-privatized_66-mine-W-init_true.yml	pruning	0.06525703798979521
correct	0.062036331	26005504.0	02	false(unreach-call)	goblint-regression/36-apron_41-threadenter-no-locals_unknown_1_pos.yml	pruning	0.06439049600157887
correct	0.066736647	25886720.0	02	true	goblint-regression/36-apron_16-traces-unprot2_true.yml	pruning	0.07099742698483169
correct	0.069171729	25923584.0	02	true	goblint-regression/13-privatized_57-singlethreaded-unlock_true.yml	pruning	0.07530230295378715
correct	0.066319408	25960448.0	02	true	goblint-regression/13-privatized_47-refine-protected2_true.yml	pruning	0.07282726594712585
correct	0.066479009	26009600.0	02	true	goblint-regression/13-privatized_46-refine-protected1_true.yml	pruning	0.07676498603541404
correct	0.0713271	26017792.0	02	true	goblint-regression/36-apron_11-traces-max-simple_true.yml	pruning	0.07485765998717397
correct	0.059696055	26009600.0	02	false(unreach-call)	goblint-regression/13-privatized_41-traces-ex-7_unknown_1_pos.yml	pruning	0.06658599898219109
correct	0.070509953	26009600.0	02	false(unreach-call)	goblint-regression/13-privatized_41-traces-ex-7_unknown_1_neg.yml	pruning	0.07488414493855089
correct	0.070570533	26021888.0	02	true	goblint-regression/13-privatized_40-traces-ex-6_true.yml	pruning	0.0770211040508002
correct	0.06766604	25997312.0	02	true	goblint-regression/13-privatized_58-singlethreaded-lock_true.yml	pruning	0.0761418070178479
correct	0.060295484	25952256.0	02	true	goblint-regression/13-privatized_44-traces-mine2_true.yml	pruning	0.0668402248993516
correct	0.060378322	26013696.0	02	false(unreach-call)	goblint-regression/13-privatized_18-first-reads_unknown_2_pos.yml	pruning	0.06477559497579932
correct	0.068766954	25968640.0	02	false(unreach-call)	goblint-regression/13-privatized_18-first-reads_unknown_1_neg.yml	pruning	0.07337649597320706
correct	0.058249177	26050560.0	02	true	goblint-regression/13-privatized_36-traces-ex-3_true.yml	pruning	0.06173220695927739
correct	0.065400136	26025984.0	02	true	goblint-regression/13-privatized_18-first-reads_true.yml	pruning	0.07373297098092735
correct	0.069655765	25997312.0	02	true	goblint-regression/13-privatized_35-traces-ex-2_true.yml	pruning	0.07723789603915066
correct	0.070900925	26017792.0	02	true	goblint-regression/13-privatized_37-traces-ex-4_true.yml	pruning	0.07935562904458493
correct	0.060432013	25980928.0	02	true	goblint-regression/13-privatized_38-traces-ex-4-switch_true.yml	pruning	0.06804079201538116
correct	0.064240038	26005504.0	02	false(unreach-call)	goblint-regression/13-privatized_19-publish-precision_unknown_1_pos.yml	pruning	0.08675354509614408
correct	0.072963602	26062848.0	02	false(unreach-call)	goblint-regression/13-privatized_19-publish-precision_unknown_2_pos.yml	pruning	0.09098095702938735
correct	0.065317197	25980928.0	02	false(unreach-call)	goblint-regression/13-privatized_19-publish-precision_unknown_1_neg.yml	pruning	0.07414309901650995
correct	0.071788927	26001408.0	02	false(unreach-call)	goblint-regression/13-privatized_19-publish-precision_unknown_2_neg.yml	pruning	0.08956694405060261
correct	0.070578634	26005504.0	02	true	goblint-regression/13-privatized_45-traces-per-global-and-current-lock-mine-incomparable_true.yml	pruning	0.07962870097253472
correct	0.068323306	26062848.0	02	true	goblint-regression/13-privatized_01-priv_nr_true.yml	pruning	0.07678255904465914
correct	0.07024963	26038272.0	02	true	goblint-regression/13-privatized_19-publish-precision_true.yml	pruning	0.07620575395412743
correct	0.068648075	25952256.0	02	true	goblint-regression/13-privatized_42-traces-ex-mini_true.yml	pruning	0.07697523490060121
correct	0.069534115	26046464.0	02	true	goblint-regression/13-privatized_33-traces-v-matters_true.yml	pruning	0.07841538998764008
correct	0.07307764	26079232.0	02	true	goblint-regression/13-privatized_25-struct_nr_true.yml	pruning	0.07921820704359561
correct	0.071445842	26132480.0	02	true	goblint-regression/13-privatized_69-refine-protected-loop-interval_true.yml	pruning	0.0786311220144853
correct	0.068965876	25935872.0	02	false(unreach-call)	goblint-regression/36-apron_17-traces-rpb-litmus_unknown_1_neg.yml	pruning	0.07789706904441118
correct	0.079628275	26132480.0	02	true	goblint-regression/13-privatized_31-traces-mine-vs-mutex_true.yml	pruning	0.09332179790362716
correct	0.06974962	26046464.0	02	true	goblint-regression/13-privatized_20-publish-regression_true.yml	pruning	0.07561787799932063
correct	0.07072065	26021888.0	02	true	goblint-regression/13-privatized_30-traces-oplus-vs-meet_true.yml	pruning	0.07668760092929006
correct	0.073493115	26062848.0	02	true	goblint-regression/13-privatized_32-traces-mine-vs-oplus-vs-meet_true.yml	pruning	0.08703412499744445
correct	0.071218405	26017792.0	02	true	goblint-regression/13-privatized_34-traces-minepp-L-needs-to-be-um_true.yml	pruning	0.08428130391985178
correct	0.070433141	26099712.0	02	true	goblint-regression/13-privatized_68-pfscan_protected_loop_minimal_interval_true.yml	pruning	0.08689677098300308
correct	0.07694518	26042368.0	02	true	goblint-regression/13-privatized_29-multiple-protecting2-vesal_true.yml	pruning	0.08395533007569611
correct	0.090922694	26132480.0	02	true	goblint-regression/13-privatized_24-multiple-protecting_true.yml	pruning	0.1062286839587614
correct	0.079322785	26091520.0	02	true	goblint-regression/36-apron_21-traces-cluster-based_true.yml	pruning	0.08770512603223324
correct	0.070427227	26116096.0	02	true	goblint-regression/36-apron_22-traces-write-centered-vs-meet-mutex_true_no-overflow.yml	pruning	0.07658055401407182
correct	0.146185107	26120192.0	02	true	goblint-regression/13-privatized_27-multiple-protecting2_true.yml	pruning	0.16005355899687856
correct	0.069227795	26001408.0	02	true	pthread-ext/14_spin2003.yml	pruning	0.07862573699094355
correct	0.071415489	25997312.0	02	true	pthread-ext/29_conditionals_vs.yml	pruning	0.07775642594788224
correct	0.069717457	26075136.0	02	true	pthread-ext/48_ticket_lock_low_contention_vs-pthread.yml	pruning	0.08025306393392384
correct	0.065875669	26025984.0	02	true	pthread-ext/46_monabsex2_vs.yml	pruning	0.08216487802565098
correct	0.071413117	26062848.0	02	true	pthread-ext/45_monabsex1_vs.yml	pruning	0.08465762704145163
correct	0.074813858	26087424.0	02	false(unreach-call)	pthread/stateful01-1.yml	pruning	0.08620725595392287
correct	0.082685224	26173440.0	02	true	pthread/stateful01-2.yml	pruning	0.09080864500720054
correct	0.07517735	26103808.0	02	true	pthread-atomic/time_var_mutex.yml	pruning	0.08115141000598669
correct	0.075898301	26042368.0	02	true	pthread-ext/01b_inc.yml	pruning	0.08543404401279986
correct	25.966022237	26128384.0	02	true	pthread/triangular-1.yml	pruning	25.986276858020574
correct	6.029215732	26058752.0	02	false(unreach-call)	pthread/triangular-2.yml	pruning	6.038868407020345
correct	0.070200895	26017792.0	02	true	pthread-ext/02_inc_cas.yml	pruning	0.08002213900908828
correct	3.060286075	56664064.0	02	false(unreach-call)	goblint-regression/28-race_reach_21-deref_read_racing.yml	pruning	3.0732063370523974
correct	0.069643763	26054656.0	02	true	pthread-ext/48_ticket_lock_low_contention_vs.yml	pruning	0.08317189000081271
error	5.212193882	3999997952.0	02	OUT OF MEMORY	goblint-regression/28-race_reach_37-indirect_racing.yml	pruning	5.226006028940901
correct	0.068989049	26009600.0	02	false(unreach-call)	goblint-regression/28-race_reach_45-escape_racing.yml	pruning	0.07960116409230977
correct	0.074429019	26083328.0	02	true	goblint-regression/28-race_reach_46-escape_racefree.yml	pruning	0.08118914708029479
error	5.237195801	3999997952.0	02	OUT OF MEMORY	goblint-regression/28-race_reach_01-simple_racing.yml	pruning	5.24951560201589
error	5.232765496	3999997952.0	02	OUT OF MEMORY	goblint-regression/28-race_reach_11-ptr_racing.yml	pruning	5.246308412984945
correct	0.107723113	26185728.0	02	false(unreach-call)	pthread-deagle/circular_buffer_bad.yml	pruning	0.11822547402698547
correct	29.04076832	26107904.0	02	true	pthread/fib_safe-5.yml	pruning	29.08267719799187
error	60.975732465	26083328.0	02	TIMEOUT	pthread/fib_safe-6.yml	pruning	61.01503116101958
correct	7.134943742	26099712.0	02	false(unreach-call)	pthread/fib_unsafe-5.yml	pruning	7.145248549990356
correct	42.246524309	26001408.0	02	false(unreach-call)	pthread/fib_unsafe-6.yml	pruning	42.28556891705375
error	60.975652258	26046464.0	02	TIMEOUT	pthread/fib_unsafe-7.yml	pruning	61.01263726595789
error	5.163249538	3999997952.0	02	OUT OF MEMORY	goblint-regression/28-race_reach_24-sound_lock_racing.yml	pruning	5.176690876018256
correct	0.072115846	26173440.0	02	false(unreach-call)	pthread/lazy01.yml	pruning	0.07922519894782454
correct	31.052752096	26181632.0	02	true	pthread-deagle/circular_buffer_ok.yml	pruning	31.076285124989226
correct	0.087378665	26013696.0	02	true	pthread-atomic/szymanski.yml	pruning	0.0946949829813093
correct	0.073863367	26112000.0	02	true	pthread-atomic/dekker.yml	pruning	0.0821774989599362
correct	0.073904368	26021888.0	02	true	pthread-atomic/dekker-unfair.yml	pruning	0.08217902097385377
correct	0.069726632	26148864.0	02	false(unreach-call)	pthread-theta/unwind3-1.yml	pruning	0.0762032219208777
correct	0.074233553	26181632.0	02	true	pthread-theta/exponential-nondet.yml	pruning	0.08008663705550134
correct	0.074571322	26169344.0	02	false(unreach-call)	pthread-theta/unwind2-1.yml	pruning	0.08537705498747528
correct	0.076252364	26066944.0	02	false(unreach-call)	pthread-theta/unwind2-100.yml	pruning	0.08536429901141673
correct	36.746845048	26177536.0	02	true	pthread/butterfly.yml	pruning	36.77015356300399
correct	0.068146717	25948160.0	02	true	pthread-ext/43_NetBSD_sysmon_power_sliced.yml	pruning	0.07400660996790975
error	5.227177533	3999997952.0	02	OUT OF MEMORY	goblint-regression/28-race_reach_06-cond_racing1.yml	pruning	5.238968363031745
correct	0.10101181	26234880.0	02	true	pthread/queue_ok.yml	pruning	0.10748513101134449
correct	13.294084103	790151168.0	02	true	pthread/queue_ok_longer.yml	pruning	13.307415007962845
error	61.158963926	3098075136.0	02	TIMEOUT	pthread/queue_ok_longest.yml	pruning	61.19090390205383
error	61.017058613	579268608.0	02	TIMEOUT	pthread/queue_longer.yml	pruning	61.04528841807041
correct	0.878922087	26210304.0	02	false(unreach-call)	pthread/queue.yml	pruning	0.88759110996034
correct	0.082476761	26177536.0	02	false(unreach-call)	pthread/singleton.yml	pruning	0.08649096800945699
correct	0.083931418	26214400.0	02	true	pthread/singleton_with-uninit-problems.yml	pruning	0.088729849900119
correct	2.077845497	26116096.0	02	false(unreach-call)	pthread-C-DAC/pthread-demo-datarace-3.yml	pruning	2.0839785179123282
correct	0.457110752	26140672.0	02	false(unreach-call)	pthread/reorder_2.yml	pruning	0.469476382015273
correct	0.112262767	26284032.0	02	false(unreach-call)	pthread/twostage_3.yml	pruning	0.1241113169817254
correct	0.077698782	26259456.0	02	true	ldv-races/race-1_1-join.yml	pruning	0.08669351204298437
correct	0.076514503	26267648.0	02	false(unreach-call)	ldv-races/race-1_3-join.yml	pruning	0.08943528903182596
correct	0.080573789	26300416.0	02	false(unreach-call)	ldv-races/race-1_2-join.yml	pruning	0.09663835808169097
correct	0.076078963	26402816.0	02	true	ldv-races/race-4_1-thread_local_vars.yml	pruning	0.09449921397026628
correct	0.077144814	26361856.0	02	true	ldv-races/race-2_1-container_of.yml	pruning	0.10120603407267481
correct	0.074834036	26341376.0	02	true	ldv-races/race-3_1-container_of-global.yml	pruning	0.08193134795874357
correct	0.061836579	25956352.0	03	true	goblint-regression/13-privatized_66-mine-W-init_true.yml	baseline	0.06462880701292306
correct	0.068722356	25952256.0	03	false(unreach-call)	goblint-regression/36-apron_41-threadenter-no-locals_unknown_1_pos.yml	baseline	0.07260687102098018
correct	0.075135251	25899008.0	03	true	goblint-regression/36-apron_16-traces-unprot2_true.yml	baseline	0.08831821696367115
correct	0.073770534	25952256.0	03	true	goblint-regression/13-privatized_57-singlethreaded-unlock_true.yml	baseline	0.09130142303183675
correct	0.066825335	25960448.0	03	true	goblint-regression/13-privatized_47-refine-protected2_true.yml	baseline	0.07818021497223526
correct	0.054571979	26005504.0	03	true	goblint-regression/13-privatized_46-refine-protected1_true.yml	baseline	0.06037234503310174
correct	0.073224304	25919488.0	03	true	goblint-regression/36-apron_11-traces-max-simple_true.yml	baseline	0.08954982797149569
correct	0.068246543	25923584.0	03	false(unreach-call)	goblint-regression/13-privatized_41-traces-ex-7_unknown_1_pos.yml	baseline	0.07446075195912272
correct	0.066785276	25980928.0	03	false(unreach-call)	goblint-regression/13-privatized_41-traces-ex-7_unknown_1_neg.yml	baseline	0.08513194101396948
correct	0.068499255	25993216.0	03	true	goblint-regression/13-privatized_40-traces-ex-6_true.yml	baseline	0.07470772496890277
correct	0.067139486	25972736.0	03	true	goblint-regression/13-privatized_58-singlethreaded-lock_true.yml	baseline	0.07200761302374303
correct	0.065066673	25956352.0	03	true	goblint-regression/13-privatized_44-traces-mine2_true.yml	baseline	0.0714021670864895
correct	0.067911913	25948160.0	03	false(unreach-call)	goblint-regression/13-privatized_18-first-reads_unknown_2_pos.yml	baseline	0.07888667995575815
correct	0.065025679	26046464.0	03	false(unreach-call)	goblint-regression/13-privatized_18-first-reads_unknown_1_neg.yml	baseline	0.07312635704874992
correct	0.067177046	26042368.0	03	true	goblint-regression/13-privatized_36-traces-ex-3_true.yml	baseline	0.07412352203391492
correct	0.065072259	26075136.0	03	true	goblint-regression/13-privatized_18-first-reads_true.yml	baseline	0.07520320999901742
correct	0.067811102	26042368.0	03	true	goblint-regression/13-privatized_35-traces-ex-2_true.yml	baseline	0.07273484789766371
correct	0.063545742	25952256.0	03	true	goblint-regression/13-privatized_37-traces-ex-4_true.yml	baseline	0.07082352694123983
correct	0.076764849	26034176.0	03	true	goblint-regression/13-privatized_38-traces-ex-4-switch_true.yml	baseline	0.0789832710288465
correct	0.070676433	26038272.0	03	false(unreach-call)	goblint-regression/13-privatized_19-publish-precision_unknown_1_pos.yml	baseline	0.0782305309548974
correct	0.06644107	26087424.0	03	false(unreach-call)	goblint-regression/13-privatized_19-publish-precision_unknown_2_pos.yml	baseline	0.07852598500903696
correct	0.072898998	26083328.0	03	false(unreach-call)	goblint-regression/13-privatized_19-publish-precision_unknown_1_neg.yml	baseline	0.08303781098220497
correct	0.067958605	26017792.0	03	false(unreach-call)	goblint-regression/13-privatized_19-publish-precision_unknown_2_neg.yml	baseline	0.08033769892062992
correct	0.06666132	25944064.0	03	true	goblint-regression/13-privatized_45-traces-per-global-and-current-lock-mine-incomparable_true.yml	baseline	0.0737969180336222
correct	0.060365417	26001408.0	03	true	goblint-regression/13-privatized_01-priv_nr_true.yml	baseline	0.07134555606171489
correct	0.06907842	26075136.0	03	true	goblint-regression/13-privatized_19-publish-precision_true.yml	baseline	0.07588898600079119
correct	0.068843803	25980928.0	03	true	goblint-regression/13-privatized_42-traces-ex-mini_true.yml	baseline	0.07698966609314084
correct	0.068761044	26034176.0	03	true	goblint-regression/13-privatized_33-traces-v-matters_true.yml	baseline	0.07405312301125377
correct	0.068541122	25985024.0	03	true	goblint-regression/13-privatized_25-struct_nr_true.yml	baseline	0.07696905802004039
correct	0.068919386	26107904.0	03	true	goblint-regression/13-privatized_69-refine-protected-loop-interval_true.yml	baseline	0.07390466902870685
correct	0.067323978	25960448.0	03	false(unreach-call)	goblint-regression/36-apron_17-traces-rpb-litmus_unknown_1_neg.yml	baseline	0.07348138303495944
correct	0.07250182	26075136.0	03	true	goblint-regression/13-privatized_31-traces-mine-vs-mutex_true.yml	baseline	0.08203503396362066
correct	0.068859837	26001408.0	03	true	goblint-regression/13-privatized_20-publish-regression_true.yml	baseline	0.07995052495971322
correct	0.068780064	25985024.0	03	true	goblint-regression/13-privatized_30-traces-oplus-vs-meet_true.yml	baseline	0.07400361390318722
correct	0.073991323	26013696.0	03	true	goblint-regression/13-privatized_32-traces-mine-vs-oplus-vs-meet_true.yml	baseline	0.08241855399683118
correct	0.067205648	26062848.0	03	true	goblint-regression/13-privatized_34-traces-minepp-L-needs-to-be-um_true.yml	baseline	0.07662248495034873
correct	0.069650864	26124288.0	03	true	goblint-regression/13-privatized_68-pfscan_protected_loop_minimal_interval_true.yml	baseline	0.07708347600419074
correct	0.07262903	26025984.0	03	true	goblint-regression/13-privatized_29-multiple-protecting2-vesal_true.yml	baseline	0.08279996097553521
correct	0.108810625	26083328.0	03	true	goblint-regression/13-privatized_24-multiple-protecting_true.yml	baseline	0.11475729395169765
correct	0.073447011	26087424.0	03	true	goblint-regression/36-apron_21-traces-cluster-based_true.yml	baseline	0.0795198540436104
correct	0.071358989	26079232.0	03	true	goblint-regression/36-apron_22-traces-write-centered-vs-meet-mutex_true_no-overflow.yml	baseline	0.07607198902405798
correct	0.149621053	26066944.0	03	true	goblint-regression/13-privatized_27-multiple-protecting2_true.yml	baseline	0.1707016360014677
correct	0.069392589	25927680.0	03	true	pthread-ext/14_spin2003.yml	baseline	0.07712791592348367
correct	0.068245705	25952256.0	03	true	pthread-ext/29_conditionals_vs.yml	baseline	0.07621563202701509
correct	0.068079788	26005504.0	03	true	pthread-ext/48_ticket_lock_low_contention_vs-pthread.yml	baseline	0.08157283707987517
correct	0.066658004	25931776.0	03	true	pthread-ext/46_monabsex2_vs.yml	baseline	0.07145933306310326
correct	0.066719259	26046464.0	03	true	pthread-ext/45_monabsex1_vs.yml	baseline	0.07625330798327923
correct	0.071624722	26087424.0	03	false(unreach-call)	pthread/stateful01-1.yml	baseline	0.07779270992614329
correct	0.073555099	26083328.0	03	true	pthread/stateful01-2.yml	baseline	0.0793389790924266
correct	0.07128915	26095616.0	03	true	pthread-atomic/time_var_mutex.yml	baseline	0.08135175798088312
correct	0.066697151	26054656.0	03	true	pthread-ext/01b_inc.yml	baseline	0.07449235604144633
error	60.970717048	26132480.0	03	TIMEOUT	pthread/triangular-1.yml	baseline	61.012951505952515
correct	21.037975301	26079232.0	03	false(unreach-call)	pthread/triangular-2.yml	baseline	21.05356748495251
correct	0.071524902	26021888.0	03	true	pthread-ext/02_inc_cas.yml	baseline	0.0777388330316171
correct	3.10642771	56119296.0	03	false(unreach-call)	goblint-regression/28-race_reach_21-deref_read_racing.yml	baseline	3.1222053619567305
correct	0.070103681	26009600.0	03	true	pthread-ext/48_ticket_lock_low_contention_vs.yml	baseline	0.07816972804721445
error	61.038923098	1057116160.0	03	TIMEOUT	goblint-regression/28-race_reach_37-indirect_racing.yml	baseline	61.05974954797421
correct	0.069654199	26087424.0	03	false(unreach-call)	goblint-regression/28-race_reach_45-escape_racing.yml	baseline	0.07986655796412379
correct	0.068880666	26046464.0	03	true	goblint-regression/28-race_reach_46-escape_racefree.yml	baseline	0.07788114307913929
error	61.03896771	1057165312.0	03	TIMEOUT	goblint-regression/28-race_reach_01-simple_racing.yml	baseline	61.05935344193131
error	61.038088642	1057112064.0	03	TIMEOUT	goblint-regression/28-race_reach_11-ptr_racing.yml	baseline	61.05915544205345
correct	0.106904313	26120192.0	03	false(unreach-call)	pthread-deagle/circular_buffer_bad.yml	baseline	0.11434205097611994
error	60.976238691	26058752.0	03	TIMEOUT	pthread/fib_safe-5.yml	baseline	61.008246648008935
error	60.979375019	26058752.0	03	TIMEOUT	pthread/fib_safe-6.yml	baseline	61.01450495701283
correct	14.732346255	26120192.0	03	false(unreach-call)	pthread/fib_unsafe-5.yml	baseline	14.755789863993414
error	60.976577448	26071040.0	03	TIMEOUT	pthread/fib_unsafe-6.yml	baseline	61.01177323702723
error	60.9798131	26083328.0	03	TIMEOUT	pthread/fib_unsafe-7.yml	baseline	61.01287278905511
error	60.998606292	1057062912.0	03	TIMEOUT	goblint-regression/28-race_reach_24-sound_lock_racing.yml	baseline	61.05779902706854
correct	0.070371658	26075136.0	03	false(unreach-call)	pthread/lazy01.yml	baseline	0.0805341120576486
error	60.978324728	26120192.0	03	TIMEOUT	pthread-deagle/circular_buffer_ok.yml	baseline	61.01317306899
correct	0.084470233	26042368.0	03	true	pthread-atomic/szymanski.yml	baseline	0.09432465699501336
correct	0.076374657	25997312.0	03	true	pthread-atomic/dekker.yml	baseline	0.08248802600428462
correct	0.070788961	26116096.0	03	true	pthread-atomic/dekker-unfair.yml	baseline	0.07758787495549768
correct	0.069230388	26071040.0	03	false(unreach-call)	pthread-theta/unwind3-1.yml	baseline	0.07654055894818157
correct	0.068171201	26071040.0	03	true	pthread-theta/exponential-nondet.yml	baseline	0.07424510805867612
correct	0.073927882	26152960.0	03	false(unreach-call)	pthread-theta/unwind2-1.yml	baseline	0.0787378839449957
correct	0.072338199	26087424.0	03	false(unreach-call)	pthread-theta/unwind2-100.yml	baseline	0.08008632599376142
correct	27.250234572	26161152.0	03	true	pthread/butterfly.yml	baseline	27.270525612984784
correct	0.06963004	26054656.0	03	true	pthread-ext/43_NetBSD_sysmon_power_sliced.yml	baseline	0.07387498300522566
error	61.01716255	1057148928.0	03	TIMEOUT	goblint-regression/28-race_reach_06-cond_racing1.yml	baseline	61.05313781602308
correct	0.091430619	26275840.0	03	true	pthread/queue_ok.yml	baseline	0.09955491800792515
correct	4.201587216	117338112.0	03	true	pthread/queue_ok_longer.yml	baseline	4.210171662969515
correct	20.535816423	473051136.0	03	true	pthread/queue_ok_longest.yml	baseline	20.55116660601925
error	60.987445169	81387520.0	03	TIMEOUT	pthread/queue_longer.yml	baseline	61.0154452980496
correct	1.225818227	26185728.0	03	false(unreach-call)	pthread/queue.yml	baseline	1.2387056609150022
correct	0.07443757	26308608.0	03	false(unreach-call)	pthread/singleton.yml	baseline	0.08075311896391213
correct	0.076974083	26226688.0	03	true	pthread/singleton_with-uninit-problems.yml	baseline	0.08611130598001182
correct	0.184551447	26021888.0	03	false(unreach-call)	pthread-C-DAC/pthread-demo-datarace-3.yml	baseline	0.18672784604132175
correct	0.750176919	26222592.0	03	false(unreach-call)	pthread/reorder_2.yml	baseline	0.7542790200095624
correct	0.097811631	26353664.0	03	false(unreach-call)	pthread/twostage_3.yml	baseline	0.10538282606285065
correct	0.073352207	26243072.0	03	true	ldv-races/race-1_1-join.yml	baseline	0.08254882099572569
correct	0.071776619	26230784.0	03	false(unreach-call)	ldv-races/race-1_3-join.yml	baseline	0.07953967398498207
correct	0.074185792	26267648.0	03	false(unreach-call)	ldv-races/race-1_2-join.yml	baseline	0.08133392094168812
correct	0.077358036	26353664.0	03	true	ldv-races/race-4_1-thread_local_vars.yml	baseline	0.08591352694202214
correct	0.070432913	26267648.0	03	true	ldv-races/race-2_1-container_of.yml	baseline	0.08018606493715197
correct	0.073775288	26349568.0	03	true	ldv-races/race-3_1-container_of-global.yml	baseline	0.08088610006961972
correct	0.057530007	25944064.0	03	true	goblint-regression/13-privatized_66-mine-W-init_true.yml	pruning	0.06847993796691298
correct	0.059888788	26009600.0	03	false(unreach-call)	goblint-regression/36-apron_41-threadenter-no-locals_unknown_1_pos.yml	pruning	0.06597661692649126
correct	0.056689813	25985024.0	03	true	goblint-regression/36-apron_16-traces-unprot2_true.yml	pruning	0.060162713984027505
correct	0.058922075	25939968.0	03	true	goblint-regression/13-privatized_57-singlethreaded-unlock_true.yml	pruning	0.06415448896586895
correct	0.066294345	26001408.0	03	true	goblint-regression/13-privatized_47-refine-protected2_true.yml	pruning	0.10012546100188047
correct	0.071311449	26017792.0	03	true	goblint-regression/13-privatized_46-refine-protected1_true.yml	pruning	0.08992964506614953
correct	0.073497176	26025984.0	03	true	goblint-regression/36-apron_11-traces-max-simple_true.yml	pruning	0.07641520898323506
correct	0.072231343	26009600.0	03	false(unreach-call)	goblint-regression/13-privatized_41-traces-ex-7_unknown_1_pos.yml	pruning	0.07737365295179188
correct	0.070308392	26050560.0	03	false(unreach-call)	goblint-regression/13-privatized_41-traces-ex-7_unknown_1_neg.yml	pruning	0.07203617901541293
correct	0.070090225	26013696.0	03	true	goblint-regression/13-privatized_40-traces-ex-6_true.yml	pruning	0.07569361093919724
correct	0.073693734	26001408.0	03	true	goblint-regression/13-privatized_58-singlethreaded-lock_true.yml	pruning	0.07756553601939231
correct	0.071418022	25993216.0	03	true	goblint-regression/13-privatized_44-traces-mine2_true.yml	pruning	0.07684235193300992
correct	0.063934431	26025984.0	03	false(unreach-call)	goblint-regression/13-privatized_18-first-reads_unknown_2_pos.yml	pruning	0.0659984250087291
correct	0.063352746	25968640.0	03	false(unreach-call)	goblint-regression/13-privatized_18-first-reads_unknown_1_neg.yml	pruning	0.06485842901747674
correct	0.071042305	26054656.0	03	true	goblint-regression/13-privatized_36-traces-ex-3_true.yml	pruning	0.0762202349724248
correct	0.058477594	26034176.0	03	true	goblint-regression/13-privatized_18-first-reads_true.yml	pruning	0.06295579799916595
correct	0.071761133	25972736.0	03	true	goblint-regression/13-privatized_35-traces-ex-2_true.yml	pruning	0.0838345690863207
correct	0.065372175	25972736.0	03	true	goblint-regression/13-privatized_37-traces-ex-4_true.yml	pruning	0.07401469501201063
correct	0.067554733	25989120.0	03	true	goblint-regression/13-privatized_38-traces-ex-4-switch_true.yml	pruning	0.08301550801843405
correct	0.058684533	26062848.0	03	false(unreach-call)	goblint-regression/13-privatized_19-publish-precision_unknown_1_pos.yml	pruning	0.06725161906797439
correct	0.058503795	26083328.0	03	false(unreach-call)	goblint-regression/13-privatized_19-publish-precision_unknown_2_pos.yml	pruning	0.06704012199770659
correct	0.059729564	26050560.0	03	false(unreach-call)	goblint-regression/13-privatized_19-publish-precision_unknown_1_neg.yml	pruning	0.06751366995740682
correct	0.068952856	26062848.0	03	false(unreach-call)	goblint-regression/13-privatized_19-publish-precision_unknown_2_neg.yml	pruning	0.08211110392585397
correct	0.07096571	25976832.0	03	true	goblint-regression/13-privatized_45-traces-per-global-and-current-lock-mine-incomparable_true.yml	pruning	0.08068065694533288
correct	0.074108037	26071040.0	03	true	goblint-regression/13-privatized_01-priv_nr_true.yml	pruning	0.08087282092310488
correct	0.070176231	26046464.0	03	true	goblint-regression/13-privatized_19-publish-precision_true.yml	pruning	0.08098378300201148
correct	0.066731459	26021888.0	03	true	goblint-regression/13-privatized_42-traces-ex-mini_true.yml	pruning	0.0738493800163269
correct	0.073885872	26021888.0	03	true	goblint-regression/13-privatized_33-traces-v-matters_true.yml	pruning	0.08203491603489965
correct	0.073694523	26021888.0	03	true	goblint-regression/13-privatized_25-struct_nr_true.yml	pruning	0.08041067398153245
correct	0.071740787	26136576.0	03	true	goblint-regression/13-privatized_69-refine-protected-loop-interval_true.yml	pruning	0.08458292798604816
correct	0.070325659	26013696.0	03	false(unreach-call)	goblint-regression/36-apron_17-traces-rpb-litmus_unknown_1_neg.yml	pruning	0.07968045491725206
correct	0.071304776	25989120.0	03	true	goblint-regression/13-privatized_31-traces-mine-vs-mutex_true.yml	pruning	0.08026317798066884
correct	0.060977222	26050560.0	03	true	goblint-regression/13-privatized_20-publish-regression_true.yml	pruning	0.07055705995298922
correct	0.070391881	26071040.0	03	true	goblint-regression/13-privatized_30-traces-oplus-vs-meet_true.yml	pruning	0.08006566297262907
correct	0.077221867	26005504.0	03	true	goblint-regression/13-privatized_32-traces-mine-vs-oplus-vs-meet_true.yml	pruning	0.08650941506493837
correct	0.072754374	26017792.0	03	true	goblint-regression/13-privatized_34-traces-minepp-L-needs-to-be-um_true.yml	pruning	0.08290797506924719
correct	0.072872766	26083328.0	03	true	goblint-regression/13-privatized_68-pfscan_protected_loop_minimal_interval_true.yml	pruning	0.08315194002352655
correct	0.07395051	26009600.0	03	true	goblint-regression/13-privatized_29-multiple-protecting2-vesal_true.yml	pruning	0.08216783299576491
correct	0.090749266	26120192.0	03	true	goblint-regression/13-privatized_24-multiple-protecting_true.yml	pruning	0.10430509003344923
correct	0.07624057	26144768.0	03	true	goblint-regression/36-apron_21-traces-cluster-based_true.yml	pruning	0.08396555995568633
correct	0.074886151	26075136.0	03	true	goblint-regression/36-apron_22-traces-write-centered-vs-meet-mutex_true_no-overflow.yml	pruning	0.08238269400317222
correct	0.123929976	26083328.0	03	true	goblint-regression/13-privatized_27-multiple-protecting2_true.yml	pruning	0.140367366024293
correct	0.055969914	25980928.0	03	true	pthread-ext/14_spin2003.yml	pruning	0.06471305107697845
correct	0.067694623	25911296.0	03	true	pthread-ext/29_conditionals_vs.yml	pruning	0.07557496894150972
correct	0.068845734	25989120.0	03	true	pthread-ext/48_ticket_lock_low_contention_vs-pthread.yml	pruning	0.07754920900333673
correct	0.070138627	25952256.0	03	true	pthread-ext/46_monabsex2_vs.yml	pruning	0.08187967201229185
correct	0.065178914	26034176.0	03	true	pthread-ext/45_monabsex1_vs.yml	pruning	0.07696493901312351
correct	0.076405695	26091520.0	03	false(unreach-call)	pthread/stateful01-1.yml	pruning	0.08252037700731307
correct	0.07992918	26124288.0	03	true	pthread/stateful01-2.yml	pruning	0.0859440000494942
correct	0.069692766	26095616.0	03	true	pthread-atomic/time_var_mutex.yml	pruning	0.07678752392530441
correct	0.071096924	26017792.0	03	true	pthread-ext/01b_inc.yml	pruning	0.08006479497998953
correct	25.894912275	26124288.0	03	true	pthread/triangular-1.yml	pruning	25.914095436921343
correct	6.059544482	26152960.0	03	false(unreach-call)	pthread/triangular-2.yml	pruning	6.072641280014068
correct	0.072306164	25993216.0	03	true	pthread-ext/02_inc_cas.yml	pruning	0.08231364109087735
correct	3.092763785	56279040.0	03	false(unreach-call)	goblint-regression/28-race_reach_21-deref_read_racing.yml	pruning	3.106162732001394
correct	0.071724286	26017792.0	03	true	pthread-ext/48_ticket_lock_low_contention_vs.yml	pruning	0.09258241602219641
error	5.206738582	3999997952.0	03	OUT OF MEMORY	goblint-regression/28-race_reach_37-indirect_racing.yml	pruning	5.2186735139694065
correct	0.069872178	26013696.0	03	false(unreach-call)	goblint-regression/28-race_reach_45-escape_racing.yml	pruning	0.07732866599690169
correct	0.075334298	26030080.0	03	true	goblint-regression/28-race_reach_46-escape_racefree.yml	pruning	0.0877061759820208
error	5.252576904	3999997952.0	03	OUT OF MEMORY	goblint-regression/28-race_reach_01-simple_racing.yml	pruning	5.268905870034359
error	5.304142404	3999997952.0	03	OUT OF MEMORY	goblint-regression/28-race_reach_11-ptr_racing.yml	pruning	5.316533428034745
correct	0.107718613	26103808.0	03	false(unreach-call)	pthread-deagle/circular_buffer_bad.yml	pruning	0.11976407002657652
correct	28.979264716	26013696.0	03	true	pthread/fib_safe-5.yml	pruning	29.00149205501657
error	60.973552478	26009600.0	03	TIMEOUT	pthread/fib_safe-6.yml	pruning	61.01112954400014
correct	7.156380294	26050560.0	03	false(unreach-call)	pthread/fib_unsafe-5.yml	pruning	7.1694564369972795
correct	42.220950567	25985024.0	03	false(unreach-call)	pthread/fib_unsafe-6.yml	pruning	42.24695942294784
error	60.972068481	26116096.0	03	TIMEOUT	pthread/fib_unsafe-7.yml	pruning	61.01598057709634
error	5.328380082	3999997952.0	03	OUT OF MEMORY	goblint-regression/28-race_reach_24-sound_lock_racing.yml	pruning	5.356262687011622
correct	0.070262424	26144768.0	03	false(unreach-call)	pthread/lazy01.yml	pruning	0.07776649307925254
correct	30.919098921	26218496.0	03	true	pthread-deagle/circular_buffer_ok.yml	pruning	30.937244912958704
correct	0.087866862	26116096.0	03	true	pthread-atomic/szymanski.yml	pruning	0.09568098094314337
correct	0.075318004	26009600.0	03	true	pthread-atomic/dekker.yml	pruning	0.08246819407213479
correct	0.077577928	26046464.0	03	true	pthread-atomic/dekker-unfair.yml	pruning	0.09092293994035572
correct	0.075972913	26038272.0	03	false(unreach-call)	pthread-theta/unwind3-1.yml	pruning	0.08449593896511942
correct	0.074365855	26071040.0	03	true	pthread-theta/exponential-nondet.yml	pruning	0.08144132292363793
correct	0.071619095	26124288.0	03	false(unreach-call)	pthread-theta/unwind2-1.yml	pruning	0.07754994300194085
correct	0.077867439	26177536.0	03	false(unreach-call)	pthread-theta/unwind2-100.yml	pruning	0.08193581597879529
correct	36.611268785	26185728.0	03	true	pthread/butterfly.yml	pruning	36.685788688017055
correct	0.077373628	26017792.0	03	true	pthread-ext/43_NetBSD_sysmon_power_sliced.yml	pruning	0.08173654298298061
error	5.229918562	3999997952.0	03	OUT OF MEMORY	goblint-regression/28-race_reach_06-cond_racing1.yml	pruning	5.247849007952027
correct	0.099879343	26267648.0	03	true	pthread/queue_ok.yml	pruning	0.1092446269467473
correct	13.323767437	790208512.0	03	true	pthread/queue_ok_longer.yml	pruning	13.345504457014613
error	61.064615548	3065761792.0	03	TIMEOUT	pthread/queue_ok_longest.yml	pruning	61.18623017601203
error	61.01809278	575725568.0	03	TIMEOUT	pthread/queue_longer.yml	pruning	61.044447026913986
correct	0.900487484	26222592.0	03	false(unreach-call)	pthread/queue.yml	pruning	0.9072586930124089
correct	0.084124294	26210304.0	03	false(unreach-call)	pthread/singleton.yml	pruning	0.0898769129998982
correct	0.079732479	26243072.0	03	true	pthread/singleton_with-uninit-problems.yml	pruning	0.08318251697346568
correct	2.102453312	26038272.0	03	false(unreach-call)	pthread-C-DAC/pthread-demo-datarace-3.yml	pruning	2.116570661077276
correct	0.453015101	26144768.0	03	false(unreach-call)	pthread/reorder_2.yml	pruning	0.4635056690312922
correct	0.118844126	26300416.0	03	false(unreach-call)	pthread/twostage_3.yml	pruning	0.12346529902424663
correct	0.078202521	26308608.0	03	true	ldv-races/race-1_1-join.yml	pruning	0.08725460304412991
correct	0.080845707	26263552.0	03	false(unreach-call)	ldv-races/race-1_3-join.yml	pruning	0.09030031005386263
correct	0.078944768	26222592.0	03	false(unreach-call)	ldv-races/race-1_2-join.yml	pruning	0.08585660497192293
correct	0.088435153	26292224.0	03	true	ldv-races/race-4_1-thread_local_vars.yml	pruning	0.09859419893473387
correct	0.078505785	26284032.0	03	true	ldv-races/race-2_1-container_of.yml	pruning	0.08723732898943126
correct	0.066405504	26341376.0	03	true	ldv-races/race-3_1-container_of-global.yml	pruning	0.07575542794074863
correct	0.069940327	25952256.0	04	true	goblint-regression/13-privatized_66-mine-W-init_true.yml	baseline	0.07818413292989135
correct	0.058259932	25956352.0	04	false(unreach-call)	goblint-regression/36-apron_41-threadenter-no-locals_unknown_1_pos.yml	baseline	0.06327909999527037
correct	0.071186094	26005504.0	04	true	goblint-regression/36-apron_16-traces-unprot2_true.yml	baseline	0.0879407450556755
correct	0.067309871	25976832.0	04	true	goblint-regression/13-privatized_57-singlethreaded-unlock_true.yml	baseline	0.07088118500541896
correct	0.067666854	26050560.0	04	true	goblint-regression/13-privatized_47-refine-protected2_true.yml	baseline	0.07155000302009284
correct	0.06838934	26017792.0	04	true	goblint-regression/13-privatized_46-refine-protected1_true.yml	baseline	0.08028203691355884
correct	0.073328867	25923584.0	04	true	goblint-regression/36-apron_11-traces-max-simple_true.yml	baseline	0.07790115801617503
correct	0.068357432	26005504.0	04	false(unreach-call)	goblint-regression/13-privatized_41-traces-ex-7_unknown_1_pos.yml	baseline	0.07583021291065961
correct	0.065071638	25960448.0	04	false(unreach-call)	goblint-regression/13-privatized_41-traces-ex-7_unknown_1_neg.yml	baseline	0.07018044602591544
correct	0.064814389	26050560.0	04	true	goblint-regression/13-privatized_40-traces-ex-6_true.yml	baseline	0.07078118005301803
correct	0.065414816	25919488.0	04	true	goblint-regression/13-privatized_58-singlethreaded-lock_true.yml	baseline	0.07532150903716683
correct	0.068042725	25944064.0	04	true	goblint-regression/13-privatized_44-traces-mine2_true.yml	baseline	0.07224916201084852
correct	0.070515838	25980928.0	04	false(unreach-call)	goblint-regression/13-privatized_18-first-reads_unknown_2_pos.yml	baseline	0.07462731201667339
correct	0.069352791	26075136.0	04	false(unreach-call)	goblint-regression/13-privatized_18-first-reads_unknown_1_neg.yml	baseline	0.07361005898565054
correct	0.069974914	25964544.0	04	true	goblint-regression/13-privatized_36-traces-ex-3_true.yml	baseline	0.07295782794244587
correct	0.057485223	25997312.0	04	true	goblint-regression/13-privatized_18-first-reads_true.yml	baseline	0.06536458304617554
correct	0.064076722	26025984.0	04	true	goblint-regression/13-privatized_35-traces-ex-2_true.yml	baseline	0.07733055099379271
correct	0.070302741	25972736.0	04	true	goblint-regression/13-privatized_37-traces-ex-4_true.yml	baseline	0.07825086999218911
correct	0.058827385	26030080.0	04	true	goblint-regression/13-privatized_38-traces-ex-4-switch_true.yml	baseline	0.065480837947689
correct	0.069573743	26025984.0	04	false(unreach-call)	goblint-regression/13-privatized_19-publish-precision_unknown_1_pos.yml	baseline	0.08384109102189541
correct	0.073681583	26017792.0	04	false(unreach-call)	goblint-regression/13-privatized_19-publish-precision_unknown_2_pos.yml	baseline	0.07785951299592853
correct	0.060398994	25980928.0	04	false(unreach-call)	goblint-regression/13-privatized_19-publish-precision_unknown_1_neg.yml	baseline	0.06781481800135225
correct	0.069817684	26013696.0	04	false(unreach-call)	goblint-regression/13-privatized_19-publish-precision_unknown_2_neg.yml	baseline	0.08266674296464771
correct	0.070498143	26034176.0	04	true	goblint-regression/13-privatized_45-traces-per-global-and-current-lock-mine-incomparable_true.yml	baseline	0.07856529706623405
correct	0.067648774	26062848.0	04	true	goblint-regression/13-privatized_01-priv_nr_true.yml	baseline	0.07536295801401138
correct	0.074071013	26091520.0	04	true	goblint-regression/13-privatized_19-publish-precision_true.yml	baseline	0.07815358706284314
correct	0.066963122	25960448.0	04	true	goblint-regression/13-privatized_42-traces-ex-mini_true.yml	baseline	0.07674346503335983
correct	0.073427634	26087424.0	04	true	goblint-regression/13-privatized_33-traces-v-matters_true.yml	baseline	0.07978958904277533
correct	0.071685024	25985024.0	04	true	goblint-regression/13-privatized_25-struct_nr_true.yml	baseline	0.0787819770630449
correct	0.069630659	26075136.0	04	true	goblint-regression/13-privatized_69-refine-protected-loop-interval_true.yml	baseline	0.07575832097791135
correct	0.06710638	26046464.0	04	false(unreach-call)	goblint-regression/36-apron_17-traces-rpb-litmus_unknown_1_neg.yml	baseline	0.07736446801573038
correct	0.071442589	25989120.0	04	true	goblint-regression/13-privatized_31-traces-mine-vs-mutex_true.yml	baseline	0.08391239296179265
correct	0.068018712	26091520.0	04	true	goblint-regression/13-privatized_20-publish-regression_true.yml	baseline	0.07732019305694848
correct	0.074188978	26091520.0	04	true	goblint-regression/13-privatized_30-traces-oplus-vs-meet_true.yml	baseline	0.07891203800681978
correct	0.074549087	26091520.0	04	true	goblint-regression/13-privatized_32-traces-mine-vs-oplus-vs-meet_true.yml	baseline	0.08682352607138455
correct	0.073864647	26087424.0	04	true	goblint-regression/13-privatized_34-traces-minepp-L-needs-to-be-um_true.yml	baseline	0.08070717006921768
correct	0.071337004	26079232.0	04	true	goblint-regression/13-privatized_68-pfscan_protected_loop_minimal_interval_true.yml	baseline	0.07889531902037561
correct	0.073145886	26071040.0	04	true	goblint-regression/13-privatized_29-multiple-protecting2-vesal_true.yml	baseline	0.0828601730754599
correct	0.100829051	26034176.0	04	true	goblint-regression/13-privatized_24-multiple-protecting_true.yml	baseline	0.11029070906806737
correct	0.078959064	26062848.0	04	true	goblint-regression/36-apron_21-traces-cluster-based_true.yml	baseline	0.08263962506316602
correct	0.072820311	26087424.0	04	true	goblint-regression/36-apron_22-traces-write-centered-vs-meet-mutex_true_no-overflow.yml	baseline	0.08159297390375286
correct	0.199627019	26120192.0	04	true	goblint-regression/13-privatized_27-multiple-protecting2_true.yml	baseline	0.2182955100433901
correct	0.068940474	26038272.0	04	true	pthread-ext/14_spin2003.yml	baseline	0.0845339649822563
correct	0.068681372	25927680.0	04	true	pthread-ext/29_conditionals_vs.yml	baseline	0.08072578604333103
correct	0.070548696	26021888.0	04	true	pthread-ext/48_ticket_lock_low_contention_vs-pthread.yml	baseline	0.08007424895185977
correct	0.058257263	25993216.0	04	true	pthread-ext/46_monabsex2_vs.yml	baseline	0.07675139594357461
correct	0.070410568	26005504.0	04	true	pthread-ext/45_monabsex1_vs.yml	baseline	0.07653617497999221
correct	0.068655998	26030080.0	04	false(unreach-call)	pthread/stateful01-1.yml	baseline	0.07459517405368388
correct	0.074148349	26091520.0	04	true	pthread/stateful01-2.yml	baseline	0.09671582700684667
correct	0.071366891	26071040.0	04	true	pthread-atomic/time_var_mutex.yml	baseline	0.08094196196179837
correct	0.069432605	25964544.0	04	true	pthread-ext/01b_inc.yml	baseline	0.0774322870420292
error	60.980452869	26054656.0	04	TIMEOUT	pthread/triangular-1.yml	baseline	61.01652731501963
correct	21.09384595	26083328.0	04	false(unreach-call)	pthread/triangular-2.yml	baseline	21.109405425027944
correct	0.070661267	26099712.0	04	true	pthread-ext/02_inc_cas.yml	baseline	0.07898915791884065
correct	3.04836097	56446976.0	04	false(unreach-call)	goblint-regression/28-race_reach_21-deref_read_racing.yml	baseline	3.0625865729525685
correct	0.07152982	26103808.0	04	true	pthread-ext/48_ticket_lock_low_contention_vs.yml	baseline	0.081384505960159
error	60.966092684	1057189888.0	04	TIMEOUT	goblint-regression/28-race_reach_37-indirect_racing.yml	baseline	61.06576116103679
correct	0.074015372	26034176.0	04	false(unreach-call)	goblint-regression/28-race_reach_45-escape_racing.yml	baseline	0.08034877199679613
correct	0.071519677	26001408.0	04	true	goblint-regression/28-race_reach_46-escape_racefree.yml	baseline	0.07902596704661846
error	61.039241765	1057075200.0	04	TIMEOUT	goblint-regression/28-race_reach_01-simple_racing.yml	baseline	61.065387911046855
error	61.042869265	1057124352.0	04	TIMEOUT	goblint-regression/28-race_reach_11-ptr_racing.yml	baseline	61.063688682974316
correct	0.103562688	26173440.0	04	false(unreach-call)	pthread-deagle/circular_buffer_bad.yml	baseline	0.11123874899931252
error	60.982163087	26046464.0	04	TIMEOUT	pthread/fib_safe-5.yml	baseline	61.01393551600631
error	60.851399308	26025984.0	04	TIMEOUT	pthread/fib_safe-6.yml	baseline	61.01122156798374
correct	14.554001492	26021888.0	04	false(unreach-call)	pthread/fib_unsafe-5.yml	baseline	14.57420806598384
error	60.869503054	26066944.0	04	TIMEOUT	pthread/fib_unsafe-6.yml	baseline	61.01828736299649
error	60.981334124	26050560.0	04	TIMEOUT	pthread/fib_unsafe-7.yml	baseline	61.019985308055766
error	61.034706299	1057083392.0	04	TIMEOUT	goblint-regression/28-race_reach_24-sound_lock_racing.yml	baseline	61.058050453080796
correct	0.073607862	26112000.0	04	false(unreach-call)	pthread/lazy01.yml	baseline	0.08242880902253091
error	60.983794686	26087424.0	04	TIMEOUT	pthread-deagle/circular_buffer_ok.yml	baseline	61.017324982909486
correct	0.092819617	26124288.0	04	true	pthread-atomic/szymanski.yml	baseline	0.09802446095272899
correct	0.068235784	26079232.0	04	true	pthread-atomic/dekker.yml	baseline	0.08117950893938541
correct	0.070816842	26030080.0	04	true	pthread-atomic/dekker-unfair.yml	baseline	0.07879227097146213
correct	0.073024478	26017792.0	04	false(unreach-call)	pthread-theta/unwind3-1.yml	baseline	0.08207538293208927
correct	0.072497494	26038272.0	04	true	pthread-theta/exponential-nondet.yml	baseline	0.07827984099276364
correct	0.072626017	26079232.0	04	false(unreach-call)	pthread-theta/unwind2-1.yml	baseline	0.07859643397387117
correct	0.070598362	26152960.0	04	false(unreach-call)	pthread-theta/unwind2-100.yml	baseline	0.07659129006788135
correct	27.106115577	26157056.0	04	true	pthread/butterfly.yml	baseline	27.17205221799668
correct	0.069970307	25997312.0	04	true	pthread-ext/43_NetBSD_sysmon_power_sliced.yml	baseline	0.0776218370301649
error	61.037406851	1057091584.0	04	TIMEOUT	goblint-regression/28-race_reach_06-cond_racing1.yml	baseline	61.05446189001668
correct	0.095492375	26247168.0	04	true	pthread/queue_ok.yml	baseline	0.10185411293059587
correct	4.184423037	117334016.0	04	true	pthread/queue_ok_longer.yml	baseline	4.193340624915436
correct	19.977443526	472408064.0	04	true	pthread/queue_ok_longest.yml	baseline	19.99581653403584
error	60.989386202	80621568.0	04	TIMEOUT	pthread/queue_longer.yml	baseline	61.020495636970736
correct	1.235178189	26222592.0	04	false(unreach-call)	pthread/queue.yml	baseline	1.2414677769411355
correct	0.078162491	26308608.0	04	false(unreach-call)	pthread/singleton.yml	baseline	0.08455355698242784
correct	0.081271465	26320896.0	04	true	pthread/singleton_with-uninit-problems.yml	baseline	0.08748432400170714
correct	0.179825814	26087424.0	04	false(unreach-call)	pthread-C-DAC/pthread-demo-datarace-3.yml	baseline	0.1933768920134753
correct	0.738614207	26144768.0	04	false(unreach-call)	pthread/reorder_2.yml	baseline	0.7455516539048404
correct	0.102709255	26345472.0	04	false(unreach-call)	pthread/twostage_3.yml	baseline	0.11557456303853542
correct	0.081317186	26284032.0	04	true	ldv-races/race-1_1-join.yml	baseline	0.08651775307953358
correct	0.076138391	26222592.0	04	false(unreach-call)	ldv-races/race-1_3-join.yml	baseline	0.0846203959081322
correct	0.085652636	26218496.0	04	false(unreach-call)	ldv-races/race-1_2-join.yml	baseline	0.0914986589923501
correct	0.076007623	26300416.0	04	true	ldv-races/race-4_1-thread_local_vars.yml	baseline	0.08545879600569606
correct	0.072056027	26308608.0	04	true	ldv-races/race-2_1-container_of.yml	baseline	0.08159207098651677
correct	0.074654469	26349568.0	04	true	ldv-races/race-3_1-container_of-global.yml	baseline	0.08339606900699437
correct	0.065783012	26009600.0	04	true	goblint-regression/13-privatized_66-mine-W-init_true.yml	pruning	0.07138430001214147
correct	0.061942954	26001408.0	04	false(unreach-call)	goblint-regression/36-apron_41-threadenter-no-locals_unknown_1_pos.yml	pruning	0.06737610406707972
correct	0.05605493	26021888.0	04	true	goblint-regression/36-apron_16-traces-unprot2_true.yml	pruning	0.061114384909160435
correct	0.058827536	26017792.0	04	true	goblint-regression/13-privatized_57-singlethreaded-unlock_true.yml	pruning	0.06389662099536508
correct	0.067193792	26013696.0	04	true	goblint-regression/13-privatized_47-refine-protected2_true.yml	pruning	0.073479562997818
correct	0.050974558	25985024.0	04	true	goblint-regression/13-privatized_46-refine-protected1_true.yml	pruning	0.06471243395935744
correct	0.059944181	26009600.0	04	true	goblint-regression/36-apron_11-traces-max-simple_true.yml	pruning	0.06511846301145852
correct	0.07124124	25939968.0	04	false(unreach-call)	goblint-regression/13-privatized_41-traces-ex-7_unknown_1_pos.yml	pruning	0.08194840198848397
correct	0.070543665	26001408.0	04	false(unreach-call)	goblint-regression/13-privatized_41-traces-ex-7_unknown_1_neg.yml	pruning	0.07554914196953177
correct	0.0773567	26013696.0	04	true	goblint-regression/13-privatized_40-traces-ex-6_true.yml	pruning	0.08428620896302164
correct	0.066438071	25960448.0	04	true	goblint-regression/13-privatized_58-singlethreaded-lock_true.yml	pruning	0.07334161491598934
correct	0.067641651	25985024.0	04	true	goblint-regression/13-privatized_44-traces-mine2_true.yml	pruning	0.07810162496753037
correct	0.058818755	26042368.0	04	false(unreach-call)	goblint-regression/13-privatized_18-first-reads_unknown_2_pos.yml	pruning	0.0644141350639984
correct	0.074826107	25985024.0	04	false(unreach-call)	goblint-regression/13-privatized_18-first-reads_unknown_1_neg.yml	pruning	0.07993664697278291
correct	0.064049067	26013696.0	04	true	goblint-regression/13-privatized_36-traces-ex-3_true.yml	pruning	0.07045489398296922
correct	0.055990299	26030080.0	04	true	goblint-regression/13-privatized_18-first-reads_true.yml	pruning	0.06474964797962457
correct	0.070778746	25972736.0	04	true	goblint-regression/13-privatized_35-traces-ex-2_true.yml	pruning	0.07603992603253573
correct	0.071898309	26005504.0	04	true	goblint-regression/13-privatized_37-traces-ex-4_true.yml	pruning	0.0780525830341503
correct	0.07353309	25993216.0	04	true	goblint-regression/13-privatized_38-traces-ex-4-switch_true.yml	pruning	0.08263076306320727
correct	0.067503297	26001408.0	04	false(unreach-call)	goblint-regression/13-privatized_19-publish-precision_unknown_1_pos.yml	pruning	0.07963643502444029
correct	0.055739782	26013696.0	04	false(unreach-call)	goblint-regression/13-privatized_19-publish-precision_unknown_2_pos.yml	pruning	0.07477308600209653
correct	0.061740613	26001408.0	04	false(unreach-call)	goblint-regression/13-privatized_19-publish-precision_unknown_1_neg.yml	pruning	0.0691817639162764
correct	0.06730811	26103808.0	04	false(unreach-call)	goblint-regression/13-privatized_19-publish-precision_unknown_2_neg.yml	pruning	0.0779600590467453
correct	0.071786832	26058752.0	04	true	goblint-regression/13-privatized_45-traces-per-global-and-current-lock-mine-incomparable_true.yml	pruning	0.08181646594312042
correct	0.063633077	26066944.0	04	true	goblint-regression/13-privatized_01-priv_nr_true.yml	pruning	0.07271898200269789
correct	0.069767347	26001408.0	04	true	goblint-regression/13-privatized_19-publish-precision_true.yml	pruning	0.07884672901127487
correct	0.069574018	26058752.0	04	true	goblint-regression/13-privatized_42-traces-ex-mini_true.yml	pruning	0.07576990395318717
correct	0.069377596	25964544.0	04	true	goblint-regression/13-privatized_33-traces-v-matters_true.yml	pruning	0.0797903899801895
correct	0.067824728	26038272.0	04	true	goblint-regression/13-privatized_25-struct_nr_true.yml	pruning	0.07801987405400723
correct	0.072494497	26046464.0	04	true	goblint-regression/13-privatized_69-refine-protected-loop-interval_true.yml	pruning	0.07993312110193074
correct	0.067885541	25939968.0	04	false(unreach-call)	goblint-regression/36-apron_17-traces-rpb-litmus_unknown_1_neg.yml	pruning	0.07587435794994235
correct	0.07760617	26083328.0	04	true	goblint-regression/13-privatized_31-traces-mine-vs-mutex_true.yml	pruning	0.08472356596030295
correct	0.072501395	26013696.0	04	true	goblint-regression/13-privatized_20-publish-regression_true.yml	pruning	0.08639634598512203
correct	0.072577339	25985024.0	04	true	goblint-regression/13-privatized_30-traces-oplus-vs-meet_true.yml	pruning	0.08752053196076304
correct	0.075399777	26025984.0	04	true	goblint-regression/13-privatized_32-traces-mine-vs-oplus-vs-meet_true.yml	pruning	0.08875703904777765
correct	0.059634727	26050560.0	04	true	goblint-regression/13-privatized_34-traces-minepp-L-needs-to-be-um_true.yml	pruning	0.07048077997751534
correct	0.075441251	26144768.0	04	true	goblint-regression/13-privatized_68-pfscan_protected_loop_minimal_interval_true.yml	pruning	0.08390901610255241
correct	0.075308837	26066944.0	04	true	goblint-regression/13-privatized_29-multiple-protecting2-vesal_true.yml	pruning	0.08559933095239103
correct	0.088624747	26071040.0	04	true	goblint-regression/13-privatized_24-multiple-protecting_true.yml	pruning	0.10647339199203998
correct	0.072538094	26087424.0	04	true	goblint-regression/36-apron_21-traces-cluster-based_true.yml	pruning	0.08733905002009124
correct	0.069547383	26099712.0	04	true	goblint-regression/36-apron_22-traces-write-centered-vs-meet-mutex_true_no-overflow.yml	pruning	0.07747456000652164
correct	0.145921335	26132480.0	04	true	goblint-regression/13-privatized_27-multiple-protecting2_true.yml	pruning	0.15201000694651157
correct	0.070610121	26017792.0	04	true	pthread-ext/14_spin2003.yml	pruning	0.07493045902810991
correct	0.071401619	25890816.0	04	true	pthread-ext/29_conditionals_vs.yml	pruning	0.07957844599150121
correct	0.059304622	26046464.0	04	true	pthread-ext/48_ticket_lock_low_contention_vs-pthread.yml	pruning	0.07008078193757683
correct	0.067476986	26038272.0	04	true	pthread-ext/46_monabsex2_vs.yml	pruning	0.0758063429966569
correct	0.063770925	26046464.0	04	true	pthread-ext/45_monabsex1_vs.yml	pruning	0.07936844904907048
correct	0.072115368	26140672.0	04	false(unreach-call)	pthread/stateful01-1.yml	pruning	0.08137109794188291
correct	0.075336783	26103808.0	04	true	pthread/stateful01-2.yml	pruning	0.08353442198131233
correct	0.063662457	26144768.0	04	true	pthread-atomic/time_var_mutex.yml	pruning	0.07730578607879579
correct	0.06747639	26021888.0	04	true	pthread-ext/01b_inc.yml	pruning	0.07659462094306946
correct	26.070291915	26087424.0	04	true	pthread/triangular-1.yml	pruning	26.09154023800511
correct	6.0661814	26075136.0	04	false(unreach-call)	pthread/triangular-2.yml	pruning	6.077841811929829
correct	0.072267372	26017792.0	04	true	pthread-ext/02_inc_cas.yml	pruning	0.08163586200680584
correct	3.076773281	56582144.0	04	false(unreach-call)	goblint-regression/28-race_reach_21-deref_read_racing.yml	pruning	3.0892668779706582
correct	0.071353473	26107904.0	04	true	pthread-ext/48_ticket_lock_low_contention_vs.yml	pruning	0.07994687301106751
error	5.228578217	3999997952.0	04	OUT OF MEMORY	goblint-regression/28-race_reach_37-indirect_racing.yml	pruning	5.24736053799279
correct	0.071386475	25993216.0	04	false(unreach-call)	goblint-regression/28-race_reach_45-escape_racing.yml	pruning	0.08314930996857584
correct	0.060757179	26021888.0	04	true	goblint-regression/28-race_reach_46-escape_racefree.yml	pruning	0.070560556021519
error	5.239757158	3999997952.0	04	OUT OF MEMORY	goblint-regression/28-race_reach_01-simple_racing.yml	pruning	5.253727244911715
error	5.277181901	3999997952.0	04	OUT OF MEMORY	goblint-regression/28-race_reach_11-ptr_racing.yml	pruning	5.292409586952999
correct	0.111697218	26132480.0	04	false(unreach-call)	pthread-deagle/circular_buffer_bad.yml	pruning	0.12079124501906335
correct	29.116209933	26042368.0	04	true	pthread/fib_safe-5.yml	pruning	29.138444287935272
error	60.969148165	26112000.0	04	TIMEOUT	pthread/fib_safe-6.yml	pruning	61.01151459594257
correct	7.163981341	26017792.0	04	false(unreach-call)	pthread/fib_unsafe-5.yml	pruning	7.175983270979486
correct	42.502987461	26066944.0	04	false(unreach-call)	pthread/fib_unsafe-6.yml	pruning	42.54661154909991
error	60.949265206	26095616.0	04	TIMEOUT	pthread/fib_unsafe-7.yml	pruning	61.02110257302411
error	5.199121989	3999997952.0	04	OUT OF MEMORY	goblint-regression/28-race_reach_24-sound_lock_racing.yml	pruning	5.216035388992168
correct	0.07174877	26046464.0	04	false(unreach-call)	pthread/lazy01.yml	pruning	0.09617456700652838
correct	31.248392214	26165248.0	04	true	pthread-deagle/circular_buffer_ok.yml	pruning	31.284262172994204
correct	0.089154377	26017792.0	04	true	pthread-atomic/szymanski.yml	pruning	0.09972645691595972
correct	0.076646373	26132480.0	04	true	pthread-atomic/dekker.yml	pruning	0.08420228003524244
correct	0.076473158	26050560.0	04	true	pthread-atomic/dekker-unfair.yml	pruning	0.08338759304024279
correct	0.071039235	26091520.0	04	false(unreach-call)	pthread-theta/unwind3-1.yml	pruning	0.07885966205503792
correct	0.062521736	26103808.0	04	true	pthread-theta/exponential-nondet.yml	pruning	0.07047843805048615
correct	0.071972934	26091520.0	04	false(unreach-call)	pthread-theta/unwind2-1.yml	pruning	0.0759002750273794
correct	0.069807785	26095616.0	04	false(unreach-call)	pthread-theta/unwind2-100.yml	pruning	0.07631752802990377
correct	36.693330935	26263552.0	04	true	pthread/butterfly.yml	pruning	36.71815620106645
correct	0.067154587	26034176.0	04	true	pthread-ext/43_NetBSD_sysmon_power_sliced.yml	pruning	0.07315126596949995
error	5.24766414	3999997952.0	04	OUT OF MEMORY	goblint-regression/28-race_reach_06-cond_racing1.yml	pruning	5.258966160938144
correct	0.100152197	26165248.0	04	true	pthread/queue_ok.yml	pruning	0.10514437803067267
correct	13.436506249	790114304.0	04	true	pthread/queue_ok_longer.yml	pruning	13.450382767943665
error	61.158552658	3065733120.0	04	TIMEOUT	pthread/queue_ok_longest.yml	pruning	61.18441864894703
error	61.018021438	583823360.0	04	TIMEOUT	pthread/queue_longer.yml	pruning	61.0480470090406
correct	0.895282817	26247168.0	04	false(unreach-call)	pthread/queue.yml	pruning	0.9062648710096255
correct	0.066720229	26279936.0	04	false(unreach-call)	pthread/singleton.yml	pruning	0.07457280496601015
correct	0.086618617	26230784.0	04	true	pthread/singleton_with-uninit-problems.yml	pruning	0.0904252240434289
correct	2.117833731	26177536.0	04	false(unreach-call)	pthread-C-DAC/pthread-demo-datarace-3.yml	pruning	2.127353443996981
correct	0.449564766	26144768.0	04	false(unreach-call)	pthread/reorder_2.yml	pruning	0.4742350339656696
correct	0.115705172	26353664.0	04	false(unreach-call)	pthread/twostage_3.yml	pruning	0.12296836206223816
correct	0.063295101	26275840.0	04	true	ldv-races/race-1_1-join.yml	pruning	0.07392147893551737
correct	0.079461453	26267648.0	04	false(unreach-call)	ldv-races/race-1_3-join.yml	pruning	0.08560955803841352
correct	0.06912977	26271744.0	04	false(unreach-call)	ldv-races/race-1_2-join.yml	pruning	0.07822704396676272
correct	0.081643963	26411008.0	04	true	ldv-races/race-4_1-thread_local_vars.yml	pruning	0.09087983099743724
correct	0.075868199	26345472.0	04	true	ldv-races/race-2_1-container_of.yml	pruning	0.08488704799674451
correct	0.062083852	26345472.0	04	true	ldv-races/race-3_1-container_of-global.yml	pruning	0.06851472810376436
